tier,period,specification,variable,horizon,response,lower,upper
daily,paper,restricted,risk_off,0,0.09808349916196508,0.09808349916196508,0.09808349916196508
daily,paper,restricted,risk_off,1,0.04958979647298508,0.04625869949867925,0.051785780993998276
daily,paper,restricted,risk_off,3,0.04506909815396406,0.04073354437004139,0.04729538254922426
daily,paper,restricted,risk_off,6,0.035558051002045704,0.030458554117201008,0.03781128481137836
daily,paper,restricted,risk_off,12,0.022488755032026114,0.016955600560893958,0.024025168592723502
daily,paper,restricted,risk_off,24,0.009860245733877221,0.005177570299786784,0.011276080248271241
daily,paper,restricted,risk_off,125,1.050039443287044e-05,-0.001136155169383015,0.0005157162032630867
daily,paper,restricted,log_wui,0,-1.892471069679938e-05,-1.892471069679938e-05,-1.892471069679938e-05
daily,paper,restricted,log_wui,1,0.0004585706851127765,-0.0013518846829462894,0.002147926648941037
daily,paper,restricted,log_wui,3,0.0002844078316031046,-0.002847441341339528,0.003525584745916788
daily,paper,restricted,log_wui,6,0.0010412496302815582,-0.0036214707017421595,0.005628236682327398
daily,paper,restricted,log_wui,12,-0.002305406749969768,-0.00863734387273459,0.00416387492528258
daily,paper,restricted,log_wui,24,-0.008053624307461347,-0.017232252339184437,0.002451469927652263
daily,paper,restricted,log_wui,125,-0.0003543087701168863,-0.006445586499441386,0.008518998897106885
daily,paper,restricted,spread,0,0.004120674177484233,0.004120674177484233,0.004120674177484233
daily,paper,restricted,spread,1,0.002723216791843169,0.0007017469134595227,0.004691482449840078
daily,paper,restricted,spread,3,0.003507040209664924,0.0002659207979060557,0.006321303295827693
daily,paper,restricted,spread,6,0.003577347901611989,-0.0004660596021620158,0.007497708447298485
daily,paper,restricted,spread,12,0.008958028601233669,0.0037870207744097164,0.01329584509638883
daily,paper,restricted,spread,24,0.01330915195118561,0.006012048647266075,0.018940407941763368
daily,paper,restricted,spread,125,0.012214066867284561,0.0034274285846899867,0.01627662976280136
daily,paper,restricted,log_rgdp,0,-2.1366348504888795e-05,-2.1366348504888795e-05,-2.1366348504888795e-05
daily,paper,restricted,log_rgdp,1,-5.348460638465597e-05,-8.341976977615801e-05,-2.394211338278732e-05
daily,paper,restricted,log_rgdp,3,-8.553596957502494e-05,-0.00014107218144728909,-2.8602422628157824e-05
daily,paper,restricted,log_rgdp,6,-0.00013875937831573886,-0.00022010649205902005,-5.3859656077105296e-05
daily,paper,restricted,log_rgdp,12,-0.0003098915019718997,-0.0004217514197779628,-0.00018576317183289256
daily,paper,restricted,log_rgdp,24,-0.0005798291188744062,-0.0007285448895155691,-0.00036237138702966445
daily,paper,restricted,log_rgdp,125,-0.0006398925236639194,-0.0007654374113638555,-0.00024166975591477733
daily,paper,restricted,log_reer,0,7.580262997933594e-05,7.580262997933594e-05,7.580262997933594e-05
daily,paper,restricted,log_reer,1,0.0001433858494943106,8.405965248465602e-05,0.00020148852541830196
daily,paper,restricted,log_reer,3,0.0002510594421084211,0.00013766845599923427,0.00037065164225678264
daily,paper,restricted,log_reer,6,0.000537395243825897,0.0003377155323056351,0.0007519206399815715
daily,paper,restricted,log_reer,12,0.000992132406225244,0.000636375085737845,0.0013391761284896858
daily,paper,restricted,log_reer,24,0.0015988035301414331,0.000916940851560334,0.0021707109151345256
daily,paper,restricted,log_reer,125,0.0018305644181630066,0.000391322266477961,0.0023215314677921457
daily,paper,restricted,log_nikkei,0,-0.0013607314537512124,-0.0013607314537512124,-0.0013607314537512124
daily,paper,restricted,log_nikkei,1,-0.0031128448569095295,-0.0035427225207941802,-0.0026318735800979313
daily,paper,restricted,log_nikkei,3,-0.0030626367050327627,-0.0037650646261763233,-0.0022672014935393465
daily,paper,restricted,log_nikkei,6,-0.003775966081950924,-0.004741289276739142,-0.002601858677411407
daily,paper,restricted,log_nikkei,12,-0.004443210090411074,-0.005552414933106644,-0.0028302143935095545
daily,paper,restricted,log_nikkei,24,-0.005799426627722801,-0.007322165092308224,-0.003335593954798304
daily,paper,restricted,log_nikkei,125,-0.005758095583815503,-0.00726724200583925,-0.00141804099853937
daily,paper,restricted,debtsec_pct,0,0.003984478507891738,0.003984478507891738,0.003984478507891738
daily,paper,restricted,debtsec_pct,1,-0.004401135213826637,-0.014965853978259447,0.006954343803321109
daily,paper,restricted,debtsec_pct,3,-0.029288864496419115,-0.04920551892298945,-0.009219443339799965
daily,paper,restricted,debtsec_pct,6,-0.04207846899241656,-0.07314224409804958,-0.012120486411270335
daily,paper,restricted,debtsec_pct,12,-0.0584776584465717,-0.09700937240065538,-0.014984422560305412
daily,paper,restricted,debtsec_pct,24,-0.03246898521355168,-0.06657211794354108,0.013335550250872328
daily,paper,restricted,debtsec_pct,125,-0.003388366338016392,-0.008758614346282083,0.005822496157943709
daily,paper,restricted,equity_pct,0,0.0019224948210535072,0.0019224948210535072,0.0019224948210535072
daily,paper,restricted,equity_pct,1,0.00044371983578530346,-0.006362597678217171,0.007008376897311599
daily,paper,restricted,equity_pct,3,-0.011547011784000714,-0.02334344698220384,-0.0007698648625684204
daily,paper,restricted,equity_pct,6,-0.019018595358341682,-0.035326622717685496,-0.004141876660356987
daily,paper,restricted,equity_pct,12,-0.04828517272175859,-0.064022230184926,-0.029486068105448925
daily,paper,restricted,equity_pct,24,-0.04052128244648556,-0.05404836928036036,-0.019479794903535217
daily,paper,restricted,equity_pct,125,-0.0017021948165343338,-0.0037980749310354872,0.0036040873478510945
daily,paper,restricted,other_pct,0,0.0027112586653456287,0.0027112586653456287,0.0027112586653456287
daily,paper,restricted,other_pct,1,0.01834017476541874,-0.0014041931191731672,0.03606119874428063
daily,paper,restricted,other_pct,3,0.07697253031009768,0.04187736881480423,0.10844515575607651
daily,paper,restricted,other_pct,6,0.13048328067017545,0.07805138659673022,0.17829207549188794
daily,paper,restricted,other_pct,12,0.15954651956826513,0.08241168009336707,0.21868312679491114
daily,paper,restricted,other_pct,24,0.056517567989332156,-0.023694179659440134,0.11137189856703504
daily,paper,restricted,other_pct,125,-0.012117855663374234,-0.026113393453468896,7.521111610189868e-05
daily,paper,restricted,direct_pct,0,0.00035676758836558615,0.00035676758836558615,0.00035676758836558615
daily,paper,restricted,direct_pct,1,0.00023395352400378013,-0.0014982221792873662,0.0019183526645457384
daily,paper,restricted,direct_pct,3,-0.0005932090282613931,-0.003668945762564342,0.0025042669331030334
daily,paper,restricted,direct_pct,6,0.0006852040165463244,-0.004112101672874202,0.005946869332652739
daily,paper,restricted,direct_pct,12,0.002203337229460031,-0.004927737426190359,0.009014947551690447
daily,paper,restricted,direct_pct,24,0.00036332631110790796,-0.007091136354777117,0.007578855953412796
daily,paper,restricted,direct_pct,125,0.000870288148400929,-0.0007762881927823888,0.0024381030242190678
daily,paper,unrestricted,risk_off,0,0.09747517022189775,0.09546931975981351,0.09948102068398199
daily,paper,unrestricted,risk_off,1,0.04774282376043796,0.044715597732347005,0.05077004978852891
daily,paper,unrestricted,risk_off,3,0.04285300348434094,0.03941325997419883,0.046292746994483054
daily,paper,unrestricted,risk_off,6,0.03274159472011182,0.02889567532395216,0.03658751411627149
daily,paper,unrestricted,risk_off,12,0.020014737894738316,0.016718845317703315,0.023310630471773317
daily,paper,unrestricted,risk_off,24,0.008485338643971326,0.005494304662988062,0.01147637262495459
daily,paper,unrestricted,risk_off,125,-0.00023421856461748375,-0.0008975422909410447,0.0004291051617060772
daily,paper,unrestricted,log_wui,0,-1.9196494056446874e-05,-0.0017037941483566427,0.0016654011602437488
daily,paper,unrestricted,log_wui,1,0.00045494566005077326,-0.0019895493552835944,0.0028994406753851407
daily,paper,unrestricted,log_wui,3,0.00027667634629165367,-0.003330111908994319,0.0038834646015776264
daily,paper,unrestricted,log_wui,6,0.0010213923242099118,-0.0040620022607644754,0.006104786909184299
daily,paper,unrestricted,log_wui,12,-0.0022553723879904703,-0.009262684057066485,0.004751939281085544
daily,paper,unrestricted,log_wui,24,-0.007496607763476992,-0.01736672987183572,0.0023735143448817345
daily,paper,unrestricted,log_wui,125,0.00020653005676434628,-0.006148811403934573,0.006561871517463266
daily,paper,unrestricted,spread,0,0.004179852395055145,0.002254698410567717,0.006105006379542574
daily,paper,unrestricted,spread,1,0.0027840152090496577,0.0001908539428014046,0.005377176475297911
daily,paper,unrestricted,spread,3,0.0035855752944984665,0.00014662074261452204,0.007024529846382411
daily,paper,unrestricted,spread,6,0.00362124766026518,-0.0006824222594449688,0.007924917579975328
daily,paper,unrestricted,spread,12,0.008769632146049557,0.0038193795824959537,0.01371988470960316
daily,paper,unrestricted,spread,24,0.012608312157781413,0.0061123958270668565,0.01910422848849597
daily,paper,unrestricted,spread,125,0.010618965048027436,0.00488462760116101,0.016353302494893862
daily,paper,unrestricted,log_rgdp,0,-2.167319693978167e-05,-5.2119967702161615e-05,8.773573822598272e-06
daily,paper,unrestricted,log_rgdp,1,-5.359402614750489e-05,-9.743267745102136e-05,-9.75537484398842e-06
daily,paper,unrestricted,log_rgdp,3,-8.447614597180152e-05,-0.000148401737430245,-2.0550554513358026e-05
daily,paper,unrestricted,log_rgdp,6,-0.00013504781905858635,-0.00022312728241863619,-4.6968355698536504e-05
daily,paper,unrestricted,log_rgdp,12,-0.00029600196322714486,-0.0004152384717710705,-0.0001767654546832192
daily,paper,unrestricted,log_rgdp,24,-0.0005409938201344329,-0.0007169881604866238,-0.00036499947978224217
daily,paper,unrestricted,log_rgdp,125,-0.0005420599685184283,-0.0007760902801777,-0.0003080296568591567
daily,paper,unrestricted,log_reer,0,7.689125391205636e-05,1.5040402351081941e-05,0.00013874210547303078
daily,paper,unrestricted,log_reer,1,0.000144296912235455,5.092457515038294e-05,0.0002376692493205271
daily,paper,unrestricted,log_reer,3,0.0002494364520380528,0.00010063401197014438,0.0003982388921059612
daily,paper,unrestricted,log_reer,6,0.0005279213267885706,0.0002964298153434947,0.0007594128382336464
daily,paper,unrestricted,log_reer,12,0.0009517986486363581,0.00057556429533641,0.001328033001936306
daily,paper,unrestricted,log_reer,24,0.0014982745301262822,0.0008550643477203219,0.0021414847125322423
daily,paper,unrestricted,log_reer,125,0.001559738655057948,0.000640132894394753,0.002479344415721143
daily,paper,unrestricted,log_nikkei,0,-0.0013802733196110748,-0.0018307706462445238,-0.0009297759929776259
daily,paper,unrestricted,log_nikkei,1,-0.0031225161373706544,-0.0037520097472548415,-0.0024930225274864674
daily,paper,unrestricted,log_nikkei,3,-0.003025419223800759,-0.00389476878109953,-0.0021560696665019878
daily,paper,unrestricted,log_nikkei,6,-0.003687450562782665,-0.004794850385102381,-0.002580050740462949
daily,paper,unrestricted,log_nikkei,12,-0.004257900112053661,-0.005610745604007671,-0.002905054620099651
daily,paper,unrestricted,log_nikkei,24,-0.00547344051312506,-0.007411149639466847,-0.0035357313867832732
daily,paper,unrestricted,log_nikkei,125,-0.005014136394990073,-0.007619017281980899,-0.002409255507999247
daily,paper,unrestricted,debtsec_pct,0,0.004041700779268725,-0.006837773812922334,0.014921175371459783
daily,paper,unrestricted,debtsec_pct,1,-0.004295378195722486,-0.02022446179724838,0.01163370540580341
daily,paper,unrestricted,debtsec_pct,3,-0.0286963507806335,-0.05241710697824241,-0.00497559458302459
daily,paper,unrestricted,debtsec_pct,6,-0.04007016768524964,-0.07339642280145234,-0.006743912569046946
daily,paper,unrestricted,debtsec_pct,12,-0.054044180794993256,-0.09612656452762064,-0.011961797062365873
daily,paper,unrestricted,debtsec_pct,24,-0.02858585470468755,-0.06878068508083643,0.011608975671461335
daily,paper,unrestricted,debtsec_pct,125,-0.0026385162262394534,-0.008902808590501386,0.003625776138022479
daily,paper,unrestricted,equity_pct,0,0.0019501043363648642,-0.004499812083354303,0.008400020756084032
daily,paper,unrestricted,equity_pct,1,0.00045986548019188306,-0.008688551425637297,0.009608282386021063
daily,paper,unrestricted,equity_pct,3,-0.011351966711823674,-0.024256380657106634,0.001552447233459285
daily,paper,unrestricted,equity_pct,6,-0.018400224373972603,-0.035176069723855966,-0.0016243790240892432
daily,paper,unrestricted,equity_pct,12,-0.04591653020382236,-0.06450850629542913,-0.02732455411221558
daily,paper,unrestricted,equity_pct,24,-0.03669866116425226,-0.05290060637289702,-0.02049671595560749
daily,paper,unrestricted,equity_pct,125,-0.0008786534412928864,-0.003744563725883311,0.0019872568432975383
daily,paper,unrestricted,other_pct,0,0.0027501958509342376,-0.015610334794094908,0.02111072649596338
daily,paper,unrestricted,other_pct,1,0.018331918422443264,-0.008268810220279251,0.04493264706516578
daily,paper,unrestricted,other_pct,3,0.07591693177380887,0.03680313172986083,0.11503073181775691
daily,paper,unrestricted,other_pct,6,0.1263538387294516,0.07171527522527252,0.1809924022336307
daily,paper,unrestricted,other_pct,12,0.14935754823603936,0.07982932095972207,0.21888577551235666
daily,paper,unrestricted,other_pct,24,0.04878335189987506,-0.021078633065677414,0.11864533686542753
daily,paper,unrestricted,other_pct,125,-0.0109915081526268,-0.022298589941358263,0.0003155736361046633
daily,paper,unrestricted,direct_pct,0,0.0003618912329579036,-0.001390168911377675,0.0021139513772934822
daily,paper,unrestricted,direct_pct,1,0.00024276498809641103,-0.0023205249453489077,0.0028060549215417297
daily,paper,unrestricted,direct_pct,3,-0.0005737308487821701,-0.004437191036695931,0.0032897293391315908
daily,paper,unrestricted,direct_pct,6,0.000725954724167256,-0.004762677603396845,0.006214587051731357
daily,paper,unrestricted,direct_pct,12,0.0021730663533580017,-0.004971983159451191,0.009318115866167195
daily,paper,unrestricted,direct_pct,24,0.00026853782402753816,-0.007056379380944809,0.007593455028999886
daily,paper,unrestricted,direct_pct,125,0.0006936498304176861,-0.0006252492022170711,0.002012548863052443
daily,extended,restricted,risk_off,0,0.10403208349194855,0.10403208349194855,0.10403208349194855
daily,extended,restricted,risk_off,1,0.04704226213396834,0.04384832764834772,0.04930154733136897
daily,extended,restricted,risk_off,3,0.042862890718259106,0.038909818339245734,0.04526137226862391
daily,extended,restricted,risk_off,6,0.032235254725083415,0.027245772140781895,0.03448832390777099
daily,extended,restricted,risk_off,12,0.02030843153180135,0.01542305052946929,0.021840907686309776
daily,extended,restricted,risk_off,24,0.009183131026639145,0.005113956779175455,0.010626588370430274
daily,extended,restricted,risk_off,125,1.0695331141713303e-05,-0.0009075916264171598,0.000453985206073775
daily,extended,restricted,log_wui,0,1.840801416036541e-05,1.840801416036541e-05,1.840801416036541e-05
daily,extended,restricted,log_wui,1,0.00036827599325722684,-0.0012490991833696036,0.0019572339795430717
daily,extended,restricted,log_wui,3,6.781823101043949e-05,-0.002779657911532443,0.002942553270096899
daily,extended,restricted,log_wui,6,0.00034681453206254575,-0.00340800284037045,0.004694009030005872
daily,extended,restricted,log_wui,12,-0.0024867760340387774,-0.008419155825949067,0.0038090952222793904
daily,extended,restricted,log_wui,24,-0.007193826545607579,-0.01656221064043805,0.002841559265715855
daily,extended,restricted,log_wui,125,-0.001812025014391939,-0.007003087118504207,0.0070483692319543495
daily,extended,restricted,spread,0,0.003520564185850129,0.003520564185850129,0.003520564185850129
daily,extended,restricted,spread,1,0.0006165922297663111,-0.0012555833175794653,0.00227199252097945
daily,extended,restricted,spread,3,0.0018948035108087731,-0.0010901602750334062,0.0047768422662628
daily,extended,restricted,spread,6,0.0020666277800800294,-0.0018126222333096278,0.005656428571706661
daily,extended,restricted,spread,12,0.006100663331816166,0.001353275224602271,0.010159963206753941
daily,extended,restricted,spread,24,0.009737305725850326,0.003342857637062618,0.015505051496321295
daily,extended,restricted,spread,125,0.010178912428947485,0.001711250925866133,0.015569255025657426
daily,extended,restricted,log_rgdp,0,-1.9518622672725296e-05,-1.9518622672725296e-05,-1.9518622672725296e-05
daily,extended,restricted,log_rgdp,1,-4.554447560758166e-05,-7.160502354144359e-05,-2.1856247090862005e-05
daily,extended,restricted,log_rgdp,3,-7.909326712549337e-05,-0.00012435483992054468,-3.2023825620004534e-05
daily,extended,restricted,log_rgdp,6,-0.00012498271096813386,-0.0001917037870836518,-5.730646838710151e-05
daily,extended,restricted,log_rgdp,12,-0.0002635994340256464,-0.00035530533456563316,-0.00016463738305172476
daily,extended,restricted,log_rgdp,24,-0.00048350694335784836,-0.000612521047566094,-0.0003066624910090477
daily,extended,restricted,log_rgdp,125,-0.0005444620880351563,-0.0006549373221452405,-0.0002498818913053151
daily,extended,restricted,log_reer,0,5.775877941551185e-05,5.775877941551185e-05,5.775877941551185e-05
daily,extended,restricted,log_reer,1,0.00010435258645817868,5.238349353544425e-05,0.00015896939122311298
daily,extended,restricted,log_reer,3,0.0001932196104086132,9.217791683938158e-05,0.0002946688454683095
daily,extended,restricted,log_reer,6,0.00045856239318517743,0.0002843509580193613,0.0006348054887327741
daily,extended,restricted,log_reer,12,0.0008034954837995329,0.0004825641301089374,0.0010960567139359078
daily,extended,restricted,log_reer,24,0.0012847668409084355,0.000700260051484961,0.0017916118920113277
daily,extended,restricted,log_reer,125,0.0016721771588719134,0.0004343671539965582,0.002280378524874839
daily,extended,restricted,log_nikkei,0,-0.0013843426533482403,-0.0013843426533482403,-0.0013843426533482403
daily,extended,restricted,log_nikkei,1,-0.003148331316306899,-0.0035543459515751125,-0.002730429243408324
daily,extended,restricted,log_nikkei,3,-0.003091741722841258,-0.0037722080799911005,-0.002345683167191387
daily,extended,restricted,log_nikkei,6,-0.003777670377419153,-0.004634738862922688,-0.002707002072111275
daily,extended,restricted,log_nikkei,12,-0.004190807444457812,-0.005153097578662808,-0.0027663578601678676
daily,extended,restricted,log_nikkei,24,-0.005216507194107078,-0.006641113760366912,-0.00313428989910494
daily,extended,restricted,log_nikkei,125,-0.005298821352073827,-0.006807357172933707,-0.0017973672388237685
daily,extended,restricted,debtsec_pct,0,-0.00479574236754053,-0.00479574236754053,-0.00479574236754053
daily,extended,restricted,debtsec_pct,1,-0.01283215589446539,-0.023518626224437646,-0.0022827509286337095
daily,extended,restricted,debtsec_pct,3,-0.0375558746624995,-0.0558302674057966,-0.01872743203746282
daily,extended,restricted,debtsec_pct,6,-0.0397354737603834,-0.06802660865836133,-0.009549808520951445
daily,extended,restricted,debtsec_pct,12,-0.052846865437136216,-0.09021417653887549,-0.009554765589275274
daily,extended,restricted,debtsec_pct,24,-0.033202429398217624,-0.06982872782890798,0.010728053431558892
daily,extended,restricted,debtsec_pct,125,-0.0038780370289157396,-0.009230329886490883,0.005133988886049601
daily,extended,restricted,equity_pct,0,-0.0014237771370884864,-0.0014237771370884864,-0.0014237771370884864
daily,extended,restricted,equity_pct,1,-0.003998054232825286,-0.010707262332524786,0.0020107615110201505
daily,extended,restricted,equity_pct,3,-0.014259219760256897,-0.024464397834919806,-0.004576802686225491
daily,extended,restricted,equity_pct,6,-0.02137446668073333,-0.03572906766601605,-0.0072529495751456185
daily,extended,restricted,equity_pct,12,-0.04772722738986327,-0.06266840831851866,-0.03071263484894469
daily,extended,restricted,equity_pct,24,-0.03618773014344256,-0.04863315215892332,-0.018767861294836142
daily,extended,restricted,equity_pct,125,-0.0025247647620993217,-0.004170061062654206,0.002295679294040538
daily,extended,restricted,other_pct,0,0.01551086776480801,0.01551086776480801,0.01551086776480801
daily,extended,restricted,other_pct,1,0.034691853908062766,0.015259980774073447,0.05257054276902073
daily,extended,restricted,other_pct,3,0.08633706041075388,0.05243800874970433,0.11731219471485449
daily,extended,restricted,other_pct,6,0.10589846277258594,0.05391651735295545,0.15317798051866177
daily,extended,restricted,other_pct,12,0.14712911531040618,0.0754833935646747,0.20528311012044861
daily,extended,restricted,other_pct,24,0.07469117837285884,-0.007258330020336342,0.1364589818100241
daily,extended,restricted,other_pct,125,-0.0074126980132397085,-0.019369140899815108,0.0029139720740845977
daily,extended,restricted,direct_pct,0,0.0006078093385466526,0.0006078093385466526,0.0006078093385466526
daily,extended,restricted,direct_pct,1,0.0008303724952911611,-0.0008392197236874044,0.002550970455952881
daily,extended,restricted,direct_pct,3,0.0003528906923855987,-0.0028707045706447775,0.0034757932401568107
daily,extended,restricted,direct_pct,6,0.0012316036424043256,-0.003566300953014411,0.006086034884863575
daily,extended,restricted,direct_pct,12,0.0026122185569392472,-0.003962302426336286,0.009473937061378772
daily,extended,restricted,direct_pct,24,0.0003437096031901365,-0.007057700502625965,0.007284078509723887
daily,extended,restricted,direct_pct,125,0.0006446426367362213,-0.0004889337945053815,0.0019567964553115803
daily,extended,unrestricted,risk_off,0,0.10332493509968832,0.10138303621160398,0.10526683398777266
daily,extended,unrestricted,risk_off,1,0.045419660655306844,0.04251976650809457,0.04831955480251912
daily,extended,unrestricted,risk_off,3,0.04118885973049378,0.03792861360084512,0.04444910586014244
daily,extended,unrestricted,risk_off,6,0.03007511089476591,0.026418641930771637,0.033731579858760186
daily,extended,unrestricted,risk_off,12,0.018286833714435805,0.015341383614112938,0.02123228381475867
daily,extended,unrestricted,risk_off,24,0.008106157802055628,0.005480942606878068,0.010731372997233188
daily,extended,unrestricted,risk_off,125,-0.0001446192700872913,-0.0006939770052529496,0.00040473846507836696
daily,extended,unrestricted,log_wui,0,1.8674165819162964e-05,-0.001487715814784914,0.0015250641464232397
daily,extended,unrestricted,log_wui,1,0.00036563921018234154,-0.0018201002686317734,0.0025513786889964567
daily,extended,unrestricted,log_wui,3,6.490134698894363e-05,-0.003167472832675683,0.0032972755266535703
daily,extended,unrestricted,log_wui,6,0.0003456488842590192,-0.004233851927794947,0.004925149696312985
daily,extended,unrestricted,log_wui,12,-0.0024209167260287353,-0.008843475374925263,0.004001641922867791
daily,extended,unrestricted,log_wui,24,-0.006785464673400072,-0.0162441352870858,0.0026732059402856537
daily,extended,unrestricted,log_wui,125,-0.001430565819554416,-0.007879222121648365,0.005018090482539534
daily,extended,unrestricted,spread,0,0.003571466146107922,0.0017924025138916825,0.005350529778324162
daily,extended,unrestricted,spread,1,0.0006821167061213669,-0.0017117850792789078,0.0030760184915216418
daily,extended,unrestricted,spread,3,0.0020032960304420646,-0.001185580166872412,0.005192172227756541
daily,extended,unrestricted,spread,6,0.002166044302979253,-0.0018571754933007132,0.006189264099259219
daily,extended,unrestricted,spread,12,0.006087983996307438,0.0014732476572676583,0.010702720335347218
daily,extended,unrestricted,spread,24,0.009366977213572391,0.003056466724263884,0.015677487702880896
daily,extended,unrestricted,spread,125,0.00936374036723709,0.0024633297297320085,0.016264151004742173
daily,extended,unrestricted,log_rgdp,0,-1.980083202983069e-05,-4.48407173016414e-05,5.23905324198002e-06
daily,extended,unrestricted,log_rgdp,1,-4.5652768824777994e-05,-8.167774717333332e-05,-9.627790476222674e-06
daily,extended,unrestricted,log_rgdp,3,-7.829026053312316e-05,-0.00013093036669266836,-2.565015437357796e-05
daily,extended,unrestricted,log_rgdp,6,-0.00012219496535344134,-0.000195349570673208,-4.904036003367466e-05
daily,extended,unrestricted,log_rgdp,12,-0.000253817895964353,-0.000354355131892187,-0.00015328066003651898
daily,extended,unrestricted,log_rgdp,24,-0.00045594268077396545,-0.0006080024470671058,-0.000303882914480825
daily,extended,unrestricted,log_rgdp,125,-0.0004881668803431252,-0.0006862040901286592,-0.0002901296705575912
daily,extended,unrestricted,log_reer,0,5.8593882807509196e-05,4.6252947512594145e-06,0.00011256247086375898
daily,extended,unrestricted,log_reer,1,0.00010507642632468918,2.35919330819339e-05,0.00018656091956744446
daily,extended,unrestricted,log_reer,3,0.00019249178369100392,6.234183888497856e-05,0.0003226417284970293
daily,extended,unrestricted,log_reer,6,0.00045186566533708813,0.00024913352501493177,0.0006545978056592444
daily,extended,unrestricted,log_reer,12,0.0007763328453306178,0.0004439893128976902,0.0011086763777635456
daily,extended,unrestricted,log_reer,24,0.001214606608534467,0.0006291616776730166,0.0018000515393959172
daily,extended,unrestricted,log_reer,125,0.0015089409476303657,0.0006005721298617733,0.002417309765398958
daily,extended,unrestricted,log_nikkei,0,-0.0014043581255864025,-0.0018106796386008395,-0.0009980366125719655
daily,extended,unrestricted,log_nikkei,1,-0.0031568855586069115,-0.003723249687547,-0.002590521429666823
daily,extended,unrestricted,log_nikkei,3,-0.00306113102571059,-0.003848844811517511,-0.0022734172399036688
daily,extended,unrestricted,log_nikkei,6,-0.0037073584327041984,-0.004719408769170946,-0.0026953080962374507
daily,extended,unrestricted,log_nikkei,12,-0.004041990549386509,-0.005261015980519337,-0.0028229651182536813
daily,extended,unrestricted,log_nikkei,24,-0.004967341467808137,-0.006715457816915035,-0.0032192251187012394
daily,extended,unrestricted,log_nikkei,125,-0.0048561749039225,-0.007240677229068184,-0.0024716725787768154
daily,extended,unrestricted,debtsec_pct,0,-0.004865081449148072,-0.01520235941349046,0.005472196515194314
daily,extended,unrestricted,debtsec_pct,1,-0.012850130781077445,-0.02800251719342492,0.0023022556312700306
daily,extended,unrestricted,debtsec_pct,3,-0.03715864238814502,-0.05976483575666992,-0.014552449019620117
daily,extended,unrestricted,debtsec_pct,6,-0.03855125387230782,-0.07035429580275701,-0.006748211941858623
daily,extended,unrestricted,debtsec_pct,12,-0.05020281816804471,-0.09116225168618035,-0.009243384649909078
daily,extended,unrestricted,debtsec_pct,24,-0.030190619006869188,-0.0722371933770902,0.011855955363351822
daily,extended,unrestricted,debtsec_pct,125,-0.003259048335753475,-0.00976115480937556,0.0032430581378686107
daily,extended,unrestricted,equity_pct,0,-0.001444362771497743,-0.007518934246971215,0.0046302087039757295
daily,extended,unrestricted,equity_pct,1,-0.00401094473479604,-0.01257747460454045,0.00455558513494837
daily,extended,unrestricted,equity_pct,3,-0.014092738008266721,-0.026038864903950822,-0.00214661111258262
daily,extended,unrestricted,equity_pct,6,-0.02088024380112169,-0.03624203219049425,-0.005518455411749126
daily,extended,unrestricted,equity_pct,12,-0.04582907086700494,-0.06254298761480993,-0.029115154119199942
daily,extended,unrestricted,equity_pct,24,-0.032987381371543396,-0.04784434533030868,-0.018130417412778117
daily,extended,unrestricted,equity_pct,125,-0.001969069490384531,-0.0046294879909334246,0.0006913490101643624
daily,extended,unrestricted,other_pct,0,0.0157351311308012,-0.0028815567742532695,0.03435181903585567
daily,extended,unrestricted,other_pct,1,0.034814508203980486,0.00790770418159955,0.06172131222636142
daily,extended,unrestricted,other_pct,3,0.08545577942276948,0.04604222537336817,0.1248693334721708
daily,extended,unrestricted,other_pct,6,0.10347570493036287,0.04892234701505105,0.1580290628456747
daily,extended,unrestricted,other_pct,12,0.14071310840908993,0.07207068863057338,0.2093555281876065
daily,extended,unrestricted,other_pct,24,0.06735049200329596,-0.003069762568559606,0.13777074657515154
daily,extended,unrestricted,other_pct,125,-0.007211728984377087,-0.017073971393382584,0.002650513424628409
daily,extended,unrestricted,direct_pct,0,0.0006165973296656507,-0.0011262752772595102,0.0023594699365908113
daily,extended,unrestricted,direct_pct,1,0.0008390490542358702,-0.0016943688577773027,0.003372466966249043
daily,extended,unrestricted,direct_pct,3,0.0003561244289489161,-0.0034084023181590087,0.0041206511760568405
daily,extended,unrestricted,direct_pct,6,0.0012378690035581845,-0.004017883238635894,0.006493621245752264
daily,extended,unrestricted,direct_pct,12,0.0025287241045324877,-0.00418881022238269,0.009246258431447664
daily,extended,unrestricted,direct_pct,24,0.00019273059090278277,-0.006814966435058121,0.0072004276168636866
daily,extended,unrestricted,direct_pct,125,0.0005488744643434518,-0.0005646273256422655,0.001662376254329169
monthly,paper,restricted,risk_off,0,0.1192147881035942,0.1192147881035942,0.1192147881035942
monthly,paper,restricted,risk_off,1,0.0565892601636985,0.03769554199714865,0.06858567156464032
monthly,paper,restricted,risk_off,3,-0.0054458695437749755,-0.022410329733160754,0.004578115005359409
monthly,paper,restricted,risk_off,6,0.00016892261490800554,-0.00786604765681593,0.005816251701776593
monthly,paper,restricted,risk_off,12,-9.491562862038464e-07,-0.003821177039823046,0.0020109017507713833
monthly,paper,restricted,risk_off,24,-4.377322701787256e-11,-0.0012829017987810922,0.0011749155673854506
monthly,paper,restricted,risk_off,40,1.3183743750934413e-17,-0.0005677900401498996,0.0005905256135180691
monthly,paper,restricted,log_wui,0,0.007255442917004849,0.007255442917004849,0.007255442917004849
monthly,paper,restricted,log_wui,1,0.012236778488440639,-0.0059490947284740895,0.02951721711023094
monthly,paper,restricted,log_wui,3,0.034265987463907674,-0.016461087681943987,0.07860733931222971
monthly,paper,restricted,log_wui,6,0.049597351141364376,-0.003458863343151793,0.09247594858899537
monthly,paper,restricted,log_wui,12,-0.00534068540133093,-0.04045304723187795,0.019506984489318962
monthly,paper,restricted,log_wui,24,-0.002326051507889157,-0.01858870727086711,0.010917912671301735
monthly,paper,restricted,log_wui,40,0.00023769948253815013,-0.007362552697242163,0.0070008842622358205
monthly,paper,restricted,spread,0,0.02372278186092881,0.02372278186092881,0.02372278186092881
monthly,paper,restricted,spread,1,0.07405145313609872,0.05299400680849947,0.09181370913536481
monthly,paper,restricted,spread,3,0.11515421636629854,0.07061007221018946,0.14494961721896257
monthly,paper,restricted,spread,6,0.08797856753488664,0.037025736321654935,0.11592948812152556
monthly,paper,restricted,spread,12,0.05443389780793435,0.0019698980739722683,0.07846871680417969
monthly,paper,restricted,spread,24,0.017741053429910857,-0.020016304282778435,0.0405578219171992
monthly,paper,restricted,spread,40,0.0026821915667458313,-0.019761455500695132,0.020717429496674978
monthly,paper,restricted,log_rgdp,0,-3.6334477968754454e-05,-3.6334477968754454e-05,-3.6334477968754454e-05
monthly,paper,restricted,log_rgdp,1,-0.001520918869421566,-0.0024295107218435044,-0.0006009378576688247
monthly,paper,restricted,log_rgdp,3,-0.003979629768520468,-0.005377911614643032,-0.002439700554448766
monthly,paper,restricted,log_rgdp,6,-0.002620571181006669,-0.003710242827781156,-0.000749799924786611
monthly,paper,restricted,log_rgdp,12,-0.002168974300122382,-0.002992430083917412,-0.00010356334302188311
monthly,paper,restricted,log_rgdp,24,-0.0010580048910159205,-0.0015593465337758962,0.00034869483689182573
monthly,paper,restricted,log_rgdp,40,-0.00038963734651924827,-0.0008228925432445505,0.0003646520665919273
monthly,paper,restricted,log_reer,0,0.00533229508093743,0.00533229508093743,0.00533229508093743
monthly,paper,restricted,log_reer,1,0.010392660747832193,0.007599286418207398,0.012735917404061442
monthly,paper,restricted,log_reer,3,0.011970760098212845,0.005631589213219691,0.016394607135883147
monthly,paper,restricted,log_reer,6,0.009134785583091672,0.002159664924412409,0.01353290439938945
monthly,paper,restricted,log_reer,12,0.005050385611369853,-0.002661761377369687,0.008683188932165064
monthly,paper,restricted,log_reer,24,0.0017935889146018997,-0.00357379958933548,0.004585984898712327
monthly,paper,restricted,log_reer,40,0.0008058916966272345,-0.002099541720350149,0.002780404711705345
monthly,paper,restricted,log_nikkei,0,-0.02096701529526913,-0.02096701529526913,-0.02096701529526913
monthly,paper,restricted,log_nikkei,1,-0.02343110702960692,-0.029011174528870618,-0.01590400208891089
monthly,paper,restricted,log_nikkei,3,-0.021016427475178935,-0.032382406921183444,-0.0055483954676495695
monthly,paper,restricted,log_nikkei,6,-0.016834001790640048,-0.02874341848731351,0.0022870263018506124
monthly,paper,restricted,log_nikkei,12,-0.009723214656130486,-0.022447541678882806,0.013144224589107575
monthly,paper,restricted,log_nikkei,24,-0.0023754507568104367,-0.01407919966421977,0.015532050143863503
monthly,paper,restricted,log_nikkei,40,0.00024963508865927936,-0.00896908979134913,0.011146713303654687
monthly,paper,restricted,debtsec_pct,0,-0.09848336039442314,-0.09848336039442314,-0.09848336039442314
monthly,paper,restricted,debtsec_pct,1,-0.1502398539624109,-0.36799444117659263,0.0723704840999135
monthly,paper,restricted,debtsec_pct,3,0.07553342138630226,-0.04659484635249212,0.21899062048292234
monthly,paper,restricted,debtsec_pct,6,0.009285874427805839,-0.042174123897486884,0.06946357967050278
monthly,paper,restricted,debtsec_pct,12,-0.002605659183127943,-0.02640303622758923,0.028885996692368413
monthly,paper,restricted,debtsec_pct,24,-0.002054916824559355,-0.01253269005540654,0.013436948861939193
monthly,paper,restricted,debtsec_pct,40,7.423799953000781e-05,-0.005696416756357147,0.006728912020743856
monthly,paper,restricted,equity_pct,0,-0.1642921390386303,-0.1642921390386303,-0.1642921390386303
monthly,paper,restricted,equity_pct,1,-0.02847835760495651,-0.12169658124420246,0.08767684129720747
monthly,paper,restricted,equity_pct,3,-0.05529075369921074,-0.12264792407581368,0.026820073773996044
monthly,paper,restricted,equity_pct,6,0.01748609115739265,-0.01658943266831079,0.06485755273570525
monthly,paper,restricted,equity_pct,12,0.002115240197273431,-0.012750250581593441,0.02437557351162445
monthly,paper,restricted,equity_pct,24,-0.0015931222850732035,-0.01294129899705809,0.008206906108249536
monthly,paper,restricted,equity_pct,40,-0.0010139266676761774,-0.008213702137377472,0.0056540047165795915
monthly,paper,restricted,other_pct,0,0.1617378598900578,0.1617378598900578,0.1617378598900578
monthly,paper,restricted,other_pct,1,0.011274044120581972,-0.38670538086063877,0.3989637079868937
monthly,paper,restricted,other_pct,3,-0.218608624914243,-0.4641774204781196,0.021875922169149246
monthly,paper,restricted,other_pct,6,-0.03698910493610485,-0.1542534136446177,0.08057609422069116
monthly,paper,restricted,other_pct,12,-0.035921556073739896,-0.0877379948261254,0.018982541036105936
monthly,paper,restricted,other_pct,24,-0.014915714737294665,-0.035389121805427005,0.011379274037933396
monthly,paper,restricted,other_pct,40,-0.005436691180969768,-0.015991284257308138,0.008571922559579873
monthly,paper,restricted,direct_pct,0,0.009627254927921722,0.009627254927921722,0.009627254927921722
monthly,paper,restricted,direct_pct,1,-0.017170225925091993,-0.04916649258111836,0.015367631184543616
monthly,paper,restricted,direct_pct,3,0.043088380146803336,0.0143176704300861,0.06725336454432047
monthly,paper,restricted,direct_pct,6,-0.007390042286448706,-0.02063519396626328,0.0038328781255364064
monthly,paper,restricted,direct_pct,12,-0.0008568427443007755,-0.006995001568910934,0.0043834717336320925
monthly,paper,restricted,direct_pct,24,0.0003294036797289392,-0.002719038324568811,0.004145567905253253
monthly,paper,restricted,direct_pct,40,0.00037605522267829,-0.0015886892653284716,0.0025579656073810198
monthly,paper,unrestricted,risk_off,0,0.11078814726960759,0.10130213400706475,0.12027416053215043
monthly,paper,unrestricted,risk_off,1,0.04571648659425924,0.030267117817556463,0.061165855370962016
monthly,paper,unrestricted,risk_off,3,-0.006287594526422198,-0.01873249018225709,0.006157301129412693
monthly,paper,unrestricted,risk_off,6,-0.0018444067086629994,-0.008216666596982048,0.00452785317965605
monthly,paper,unrestricted,risk_off,12,-3.9055783899896626e-05,-0.0032527289981059376,0.0031746174303061447
monthly,paper,unrestricted,risk_off,24,0.00029476267119919785,-0.0011874123835195107,0.0017769377259179064
monthly,paper,unrestricted,risk_off,40,2.9782105085052856e-05,-0.0006003233955243692,0.0006598876056944749
monthly,paper,unrestricted,log_wui,0,0.008108331510749673,-0.009351104704324304,0.02556776772582365
monthly,paper,unrestricted,log_wui,1,0.014508847950297046,-0.019422402852524584,0.04844009875311868
monthly,paper,unrestricted,log_wui,3,0.040245072584211866,-0.01314502719986442,0.09363517236828815
monthly,paper,unrestricted,log_wui,6,0.0543398453910694,0.011258807889811456,0.09742088289232734
monthly,paper,unrestricted,log_wui,12,-0.003554912489325929,-0.030931045709937766,0.023821220731285904
monthly,paper,unrestricted,log_wui,24,-0.00046387285826313216,-0.017262464560823487,0.016334718844297224
monthly,paper,unrestricted,log_wui,40,0.001695390324713211,-0.008114138034269962,0.011504918683696384
monthly,paper,unrestricted,spread,0,0.026511431746610598,0.007736606847740489,0.04528625664548071
monthly,paper,unrestricted,spread,1,0.07359255701000401,0.04496424743148279,0.10222086658852524
monthly,paper,unrestricted,spread,3,0.10570939854128097,0.06686526429449624,0.1445535327880657
monthly,paper,unrestricted,spread,6,0.07926977688571821,0.041574006167098845,0.11696554760433757
monthly,paper,unrestricted,spread,12,0.05431730200884566,0.01697252115134157,0.09166208286634975
monthly,paper,unrestricted,spread,24,0.02307384074284876,-0.01083248882154731,0.05698017030724483
monthly,paper,unrestricted,spread,40,0.0078325448018439,-0.0183565836524382,0.034021673256126
monthly,paper,unrestricted,log_rgdp,0,-4.060565233794403e-05,-0.0009332720045714468,0.0008520606998955587
monthly,paper,unrestricted,log_rgdp,1,-0.0014769331553364147,-0.002694938412596321,-0.0002589278980765085
monthly,paper,unrestricted,log_rgdp,3,-0.003665548387722774,-0.005265184703655203,-0.002065912071790345
monthly,paper,unrestricted,log_rgdp,6,-0.002286844524719194,-0.003830992668948834,-0.0007426963804895539
monthly,paper,unrestricted,log_rgdp,12,-0.001995774038344076,-0.003514374710588886,-0.0004771733660992657
monthly,paper,unrestricted,log_rgdp,24,-0.0010113477435009944,-0.002398391842059045,0.00037569635505705625
monthly,paper,unrestricted,log_rgdp,40,-0.0003898082608856764,-0.0013628145685423668,0.0005831980467710141
monthly,paper,unrestricted,log_reer,0,0.005959114656948872,0.003613236474816026,0.008304992839081718
monthly,paper,unrestricted,log_reer,1,0.011176803728608124,0.007363438963509326,0.014990168493706922
monthly,paper,unrestricted,log_reer,3,0.012496477477837584,0.006920426572790929,0.01807252838288424
monthly,paper,unrestricted,log_reer,6,0.009473378957348316,0.0037637009612537095,0.015183056953442922
monthly,paper,unrestricted,log_reer,12,0.005584453370419417,-6.333995666288339e-05,0.011232246697501717
monthly,paper,unrestricted,log_reer,24,0.002028063377988834,-0.0032345299699558542,0.007290656725933522
monthly,paper,unrestricted,log_reer,40,0.0006658039844841181,-0.0030829379742841837,0.00441454594325242
monthly,paper,unrestricted,log_nikkei,0,-0.023431720537219067,-0.029350258432723174,-0.01751318264171496
monthly,paper,unrestricted,log_nikkei,1,-0.026542470124527463,-0.036174357594784656,-0.01691058265427027
monthly,paper,unrestricted,log_nikkei,3,-0.025034699978464733,-0.038864250480036194,-0.011205149476893272
monthly,paper,unrestricted,log_nikkei,6,-0.021078215363185836,-0.03594165819086739,-0.006214772535504278
monthly,paper,unrestricted,log_nikkei,12,-0.014191025763867889,-0.03049921238697265,0.0021171608592368725
monthly,paper,unrestricted,log_nikkei,24,-0.006139212069296129,-0.022868314374485523,0.010589890235893264
monthly,paper,unrestricted,log_nikkei,40,-0.002104214705458617,-0.015719219495379553,0.011510790084462319
monthly,paper,unrestricted,debtsec_pct,0,-0.11006023250477286,-0.31152440067019166,0.09140393566064596
monthly,paper,unrestricted,debtsec_pct,1,-0.14598358105193737,-0.3641096346973004,0.07214247259342568
monthly,paper,unrestricted,debtsec_pct,3,0.0744468095220505,-0.04513022878198421,0.19402384782608523
monthly,paper,unrestricted,debtsec_pct,6,0.008233106095463846,-0.038187039847207546,0.05465325203813523
monthly,paper,unrestricted,debtsec_pct,12,-0.004945980352346315,-0.03147758402656852,0.021585623321875892
monthly,paper,unrestricted,debtsec_pct,24,-0.0037079359205586136,-0.0180493477249593,0.010633475883842072
monthly,paper,unrestricted,debtsec_pct,40,-0.0006393657515732882,-0.008226140974841492,0.0069474094716949165
monthly,paper,unrestricted,equity_pct,0,-0.18360493538075248,-0.28335605466379854,-0.08385381609770644
monthly,paper,unrestricted,equity_pct,1,-0.04132434178508185,-0.14745580012495085,0.06480711655478716
monthly,paper,unrestricted,equity_pct,3,-0.048642898042573976,-0.11186010156615636,0.01457430548100841
monthly,paper,unrestricted,equity_pct,6,0.019681590608030375,-0.012850226206677591,0.05221340742273834
monthly,paper,unrestricted,equity_pct,12,0.004067022832630585,-0.013787814935399035,0.021921860600660207
monthly,paper,unrestricted,equity_pct,24,0.00042942432233251775,-0.007910626282138488,0.008769474926803524
monthly,paper,unrestricted,equity_pct,40,0.00040076360290752094,-0.0057382958500385205,0.006539823055853562
monthly,paper,unrestricted,other_pct,0,0.18075039674753782,-0.19213949209419776,0.5536402855892734
monthly,paper,unrestricted,other_pct,1,0.02226455442012068,-0.36407641308099103,0.40860552192123234
monthly,paper,unrestricted,other_pct,3,-0.18275335677349897,-0.39357354857771437,0.02806683503071644
monthly,paper,unrestricted,other_pct,6,-0.01635041935718422,-0.10973342567290388,0.07703258695853545
monthly,paper,unrestricted,other_pct,12,-0.03153859443237104,-0.07750575733950671,0.014428568474764626
monthly,paper,unrestricted,other_pct,24,-0.014402163911640843,-0.03655576496715409,0.007751437143872402
monthly,paper,unrestricted,other_pct,40,-0.005625033629347235,-0.017344969616316284,0.006094902357621814
monthly,paper,unrestricted,direct_pct,0,0.010758953710619325,-0.020021240042591013,0.04153914746382967
monthly,paper,unrestricted,direct_pct,1,-0.019346813742435843,-0.054316636933566226,0.015623009448694544
monthly,paper,unrestricted,direct_pct,3,0.03619131469775688,0.01166366458451834,0.060718964810995424
monthly,paper,unrestricted,direct_pct,6,-0.00970663248772723,-0.020956773194165244,0.0015435082187107829
monthly,paper,unrestricted,direct_pct,12,-0.0015173196394309102,-0.006433380782447259,0.003398741503585438
monthly,paper,unrestricted,direct_pct,24,-0.0001836499665929304,-0.0037807556092625326,0.0034134556760766718
monthly,paper,unrestricted,direct_pct,40,-4.3814069254266477e-05,-0.0027359069631729357,0.0026482788246644027
monthly,extended,restricted,risk_off,0,0.11140643188815988,0.11140643188815988,0.11140643188815988
monthly,extended,restricted,risk_off,1,0.04991748353654653,0.03378162289232863,0.05900780596409598
monthly,extended,restricted,risk_off,3,-0.0039601955050266886,-0.0207033883932898,0.006153354718750597
monthly,extended,restricted,risk_off,6,6.971806401795634e-05,-0.005835499560090304,0.005628164389570746
monthly,extended,restricted,risk_off,12,-6.805903171230417e-07,-0.0029503982075955934,0.0017861644007174666
monthly,extended,restricted,risk_off,24,-8.912035159375551e-12,-0.0013624835269032364,0.0008258575103533019
monthly,extended,restricted,risk_off,40,-1.7814831625877335e-20,-0.0006930694036630966,0.0005453232306527042
monthly,extended,restricted,log_wui,0,0.004292436831254643,0.004292436831254643,0.004292436831254643
monthly,extended,restricted,log_wui,1,0.0012058792126358325,-0.011504161363289736,0.013432281993918199
monthly,extended,restricted,log_wui,3,-0.014154090241197789,-0.06232849357981904,0.03328524921843348
monthly,extended,restricted,log_wui,6,-0.026079712361431452,-0.08714031642905695,0.03841812378053741
monthly,extended,restricted,log_wui,12,-0.0001631340754488196,-0.041228734491805294,0.03214635348459363
monthly,extended,restricted,log_wui,24,-0.003567624547062877,-0.028913117100115213,0.017590101045787614
monthly,extended,restricted,log_wui,40,-0.0021914411752677063,-0.015742234455533924,0.010973908061107355
monthly,extended,restricted,spread,0,0.008752894200271876,0.008752894200271876,0.008752894200271876
monthly,extended,restricted,spread,1,0.04794029852386186,0.02874596796411701,0.06584895647131106
monthly,extended,restricted,spread,3,0.07538863264242075,0.033440121186525514,0.10582414561789424
monthly,extended,restricted,spread,6,0.0736434001520121,0.02805119401068875,0.1026692415073087
monthly,extended,restricted,spread,12,0.0581999438634365,0.009544960891842048,0.08077157917453148
monthly,extended,restricted,spread,24,0.038505228385571945,-0.004346843157959927,0.056012669915623405
monthly,extended,restricted,spread,40,0.02144902697113511,-0.008485777366785461,0.03640293441732615
monthly,extended,restricted,log_rgdp,0,-9.203975982278346e-05,-9.203975982278346e-05,-9.203975982278346e-05
monthly,extended,restricted,log_rgdp,1,-0.0002126665408262419,-0.0004178645525617696,2.5732786501422014e-06
monthly,extended,restricted,log_rgdp,3,-0.0001622398507701193,-0.0010131310420923747,0.0007684671193373939
monthly,extended,restricted,log_rgdp,6,-0.0007488381031724787,-0.002021214758341473,0.0007030932563713176
monthly,extended,restricted,log_rgdp,12,-0.0003289278756984682,-0.0010629840418391293,0.000727568031231055
monthly,extended,restricted,log_rgdp,24,-0.0002902981561653149,-0.000950767488378579,0.0007434488090732271
monthly,extended,restricted,log_rgdp,40,-8.693313998013708e-05,-0.0005713133330554434,0.0006354080174299379
monthly,extended,restricted,log_reer,0,0.0027202909984122806,0.0027202909984122806,0.0027202909984122806
monthly,extended,restricted,log_reer,1,0.0044019895555396545,0.0018675469181691435,0.0065483407628141935
monthly,extended,restricted,log_reer,3,0.003714303141205296,-0.0011422113643384903,0.007998236491834993
monthly,extended,restricted,log_reer,6,0.00439076715834462,-0.0014730250169196746,0.00909078157778225
monthly,extended,restricted,log_reer,12,0.00413479022584926,-0.0015662941241860223,0.007765652773693127
monthly,extended,restricted,log_reer,24,0.003164758338312102,-0.0016639905896539285,0.005724518990354074
monthly,extended,restricted,log_reer,40,0.001964894885863624,-0.0013747255328432479,0.0038488230794708066
monthly,extended,restricted,log_nikkei,0,-0.014569915533068786,-0.014569915533068786,-0.014569915533068786
monthly,extended,restricted,log_nikkei,1,-0.0160028225784001,-0.02085411422172393,-0.009434645504257164
monthly,extended,restricted,log_nikkei,3,-0.017143964976993796,-0.026835627095556057,-0.0051122985395840505
monthly,extended,restricted,log_nikkei,6,-0.0230523479875324,-0.034519921425706195,-0.0068673542904947515
monthly,extended,restricted,log_nikkei,12,-0.022030235807753186,-0.03281094968897094,-0.0036451854969170184
monthly,extended,restricted,log_nikkei,24,-0.01754393059695098,-0.026304923503663948,0.00029162580752555115
monthly,extended,restricted,log_nikkei,40,-0.012446065409744113,-0.019877085466474136,0.002176241794481602
monthly,extended,restricted,debtsec_pct,0,-0.09861963577927015,-0.09861963577927015,-0.09861963577927015
monthly,extended,restricted,debtsec_pct,1,-0.17163133076484838,-0.3973433219262005,0.05060410586793998
monthly,extended,restricted,debtsec_pct,3,0.3397215836767813,0.1358234634220866,0.574453395580004
monthly,extended,restricted,debtsec_pct,6,0.08571601818978372,-0.03755050492725204,0.19044283316509436
monthly,extended,restricted,debtsec_pct,12,-0.006205630138720251,-0.05840220555756798,0.039291462400427385
monthly,extended,restricted,debtsec_pct,24,-0.011172816722025764,-0.045036218101924146,0.022175027801785513
monthly,extended,restricted,debtsec_pct,40,-0.012340235244583615,-0.034633736826220736,0.012880595229422196
monthly,extended,restricted,equity_pct,0,-0.12350416040267105,-0.12350416040267105,-0.12350416040267105
monthly,extended,restricted,equity_pct,1,-0.03571232170620406,-0.13128772870520053,0.06888224760979349
monthly,extended,restricted,equity_pct,3,-0.09735640947310671,-0.18724238621564077,-0.0007468719658012273
monthly,extended,restricted,equity_pct,6,-0.05330572029346204,-0.09679852089628103,0.001157841506654611
monthly,extended,restricted,equity_pct,12,-0.007643500756712452,-0.025190627697862625,0.022625929915579882
monthly,extended,restricted,equity_pct,24,-0.0019024862970922895,-0.011467554262831161,0.01263663131356205
monthly,extended,restricted,equity_pct,40,-0.0008709628509657966,-0.0063246052202584335,0.006733870939909859
monthly,extended,restricted,other_pct,0,0.05660624460845639,0.05660624460845639,0.05660624460845639
monthly,extended,restricted,other_pct,1,-0.028587017518521676,-0.4024930947590315,0.3294684921230786
monthly,extended,restricted,other_pct,3,-0.27616469626124246,-0.6516945239197777,0.07742756982539462
monthly,extended,restricted,other_pct,6,0.007101548871773979,-0.14979467251953846,0.16826161607081525
monthly,extended,restricted,other_pct,12,-0.0005334849662061419,-0.05255754313403235,0.0592564784158143
monthly,extended,restricted,other_pct,24,0.0032726279444591816,-0.015704439391491777,0.028766190676089817
monthly,extended,restricted,other_pct,40,0.0032555094922880477,-0.008734943145995074,0.01752669503850925
monthly,extended,restricted,direct_pct,0,0.022849653073651794,0.022849653073651794,0.022849653073651794
monthly,extended,restricted,direct_pct,1,-0.025250312335770034,-0.05922512420826996,0.008808422990104044
monthly,extended,restricted,direct_pct,3,0.0012181121637511848,-0.031439012558136165,0.033244953972587137
monthly,extended,restricted,direct_pct,6,-0.001259191384477615,-0.015536163610885431,0.01514965497465186
monthly,extended,restricted,direct_pct,12,-0.0030769548677030594,-0.009761755556176793,0.0027838998995466237
monthly,extended,restricted,direct_pct,24,-0.0032019927080024356,-0.006626782221311542,0.0006920660150895526
monthly,extended,restricted,direct_pct,40,-0.0025640321098352537,-0.0045645249100930065,0.000725003695008462
monthly,extended,unrestricted,risk_off,0,0.0986770137933618,0.09107927136130467,0.10627475622541893
monthly,extended,unrestricted,risk_off,1,0.033939314110982756,0.021212538680956745,0.046666089541008766
monthly,extended,unrestricted,risk_off,3,-0.004663413884672504,-0.0174403442203474,0.008113516451002393
monthly,extended,unrestricted,risk_off,6,0.002627785608375777,-0.003309923908298117,0.008565495125049671
monthly,extended,unrestricted,risk_off,12,0.0004086213110788766,-0.0023018103617819616,0.003119052983939715
monthly,extended,unrestricted,risk_off,24,-1.3737179503185747e-05,-0.0016402493213991936,0.001612774962392822
monthly,extended,unrestricted,risk_off,40,-0.0002268503139085701,-0.0014461245041362722,0.000992423876319132
monthly,extended,unrestricted,log_wui,0,0.005073648517267105,-0.006750717289633228,0.01689801432416744
monthly,extended,unrestricted,log_wui,1,0.004282145332241774,-0.025509671439914366,0.03407396210439791
monthly,extended,unrestricted,log_wui,3,-0.0019579556653599,-0.06421034513087949,0.0602944338001597
monthly,extended,unrestricted,log_wui,6,-0.011062429502295131,-0.06968972874641044,0.04756486974182017
monthly,extended,unrestricted,log_wui,12,0.001978531492537395,-0.033927055155316146,0.03788411814039094
monthly,extended,unrestricted,log_wui,24,-0.0014480807711828015,-0.02581425398362393,0.022918092441258326
monthly,extended,unrestricted,log_wui,40,-0.0015702030193266495,-0.02065838969025762,0.01751798365160432
monthly,extended,unrestricted,spread,0,0.010345896847599845,-0.006900671147081507,0.027592464842281197
monthly,extended,unrestricted,spread,1,0.04814129275652249,0.020079766117389392,0.0762028193956556
monthly,extended,unrestricted,spread,3,0.06741993010610917,0.028107147026601033,0.1067327131856173
monthly,extended,unrestricted,spread,6,0.06991817053595428,0.028995752240899585,0.11084058883100897
monthly,extended,unrestricted,spread,12,0.05742406068321823,0.01748845056572941,0.09735967080070705
monthly,extended,unrestricted,spread,24,0.038454093739145476,0.0007604109067735204,0.07614777657151743
monthly,extended,unrestricted,spread,40,0.02051026071606464,-0.01568333618323217,0.05670385761536145
monthly,extended,unrestricted,log_rgdp,0,-0.00010879074272169999,-0.0003143513316954551,9.676984625205515e-05
monthly,extended,unrestricted,log_rgdp,1,-0.00027234468583054843,-0.0008028964700656264,0.0002582070984045296
monthly,extended,unrestricted,log_rgdp,3,-0.0003873812060724116,-0.0015743023515897728,0.0007995399394449497
monthly,extended,unrestricted,log_rgdp,6,-0.0008659275957229116,-0.0021883171558435563,0.0004564619643977329
monthly,extended,unrestricted,log_rgdp,12,-0.0005016740268289432,-0.0015120918161689407,0.0005087437625110545
monthly,extended,unrestricted,log_rgdp,24,-0.0003699546654255833,-0.0013070905206502253,0.0005671811897990586
monthly,extended,unrestricted,log_rgdp,40,-0.00014043277719229133,-0.0010203508921396392,0.0007394853377550567
monthly,extended,unrestricted,log_reer,0,0.003215376471037008,0.000973249165687755,0.005457503776386261
monthly,extended,unrestricted,log_reer,1,0.004775840469691826,0.001253524057317388,0.008298156882066265
monthly,extended,unrestricted,log_reer,3,0.003983275362549603,-0.0013812472513123975,0.009347797976411602
monthly,extended,unrestricted,log_reer,6,0.004682950298163815,-0.0011081465457139124,0.010474047142041542
monthly,extended,unrestricted,log_reer,12,0.004264040726252272,-0.0008296968283342471,0.00935777828083879
monthly,extended,unrestricted,log_reer,24,0.003192987320116007,-0.0011731003872136724,0.0075590750274456865
monthly,extended,unrestricted,log_reer,40,0.0019898474144778434,-0.0019622926743271814,0.005941987503282868
monthly,extended,unrestricted,log_nikkei,0,-0.01722160004844186,-0.022403304477704687,-0.012039895619179028
monthly,extended,unrestricted,log_nikkei,1,-0.019189393436133236,-0.027471604743541163,-0.01090718212872531
monthly,extended,unrestricted,log_nikkei,3,-0.02098962660574808,-0.03304741671124016,-0.008931836500256005
monthly,extended,unrestricted,log_nikkei,6,-0.024463904448135097,-0.03919976251999759,-0.009728046376272602
monthly,extended,unrestricted,log_nikkei,12,-0.023747490874716656,-0.03931687910012172,-0.00817810264931159
monthly,extended,unrestricted,log_nikkei,24,-0.018458223187703692,-0.03365115637632393,-0.003265289999083449
monthly,extended,unrestricted,log_nikkei,40,-0.012834855043472346,-0.028245142591904526,0.0025754325049598317
monthly,extended,unrestricted,debtsec_pct,0,-0.11656813798669091,-0.317245240032626,0.0841089640592442
monthly,extended,unrestricted,debtsec_pct,1,-0.16154989107437118,-0.3776217892544942,0.05452200710575186
monthly,extended,unrestricted,debtsec_pct,3,0.3206423975197876,0.11334172548037941,0.5279430695591958
monthly,extended,unrestricted,debtsec_pct,6,0.06248215046367332,-0.031411901051385,0.15637620197873164
monthly,extended,unrestricted,debtsec_pct,12,-0.009190777317582033,-0.05475424050483892,0.036372685869674855
monthly,extended,unrestricted,debtsec_pct,24,-0.01391880131011329,-0.05124860705777381,0.023411004437547227
monthly,extended,unrestricted,debtsec_pct,40,-0.013767873048191728,-0.04860171901866387,0.021065972922280414
monthly,extended,unrestricted,equity_pct,0,-0.1459815775833376,-0.23494811496876417,-0.057015040197911024
monthly,extended,unrestricted,equity_pct,1,-0.04177745468897913,-0.13809756632767567,0.05454265694971741
monthly,extended,unrestricted,equity_pct,3,-0.09110586871396313,-0.18294001438886326,0.0007282769609369827
monthly,extended,unrestricted,equity_pct,6,-0.04847058719689201,-0.08909356413099848,-0.007847610262785555
monthly,extended,unrestricted,equity_pct,12,-0.006128594022183749,-0.025657531654774197,0.0134003436104067
monthly,extended,unrestricted,equity_pct,24,-0.0008406589588373023,-0.014089580191090793,0.012408262273416189
monthly,extended,unrestricted,equity_pct,40,-0.0001714368067952025,-0.008851799208653503,0.008508925595063098
monthly,extended,unrestricted,other_pct,0,0.06690842528775005,-0.2819436996046697,0.4157605501801698
monthly,extended,unrestricted,other_pct,1,-0.007914065993809477,-0.3833875523942821,0.36755942040666323
monthly,extended,unrestricted,other_pct,3,-0.24262567078223543,-0.5794482154711585,0.09419687390668771
monthly,extended,unrestricted,other_pct,6,-0.008818101418714412,-0.14412379342723333,0.1264875905898045
monthly,extended,unrestricted,other_pct,12,0.007261723535194451,-0.03790987839194104,0.05243332546232994
monthly,extended,unrestricted,other_pct,24,0.0007984850798496974,-0.023576952601232045,0.02517392276093144
monthly,extended,unrestricted,other_pct,40,0.0039910413446289685,-0.015013588838122437,0.022995671527380374
monthly,extended,unrestricted,direct_pct,0,0.02700822702689475,-0.003931140206928085,0.057947594260717585
monthly,extended,unrestricted,direct_pct,1,-0.027589228432730015,-0.06160479423756428,0.006426337372104251
monthly,extended,unrestricted,direct_pct,3,-0.0016359511581348664,-0.03433196736739012,0.031060065051120387
monthly,extended,unrestricted,direct_pct,6,0.0031222797856615926,-0.013033450334037338,0.019278009905360525
monthly,extended,unrestricted,direct_pct,12,-0.003871866575370901,-0.009402186393541406,0.001658453242799604
monthly,extended,unrestricted,direct_pct,24,-0.002940443708572834,-0.006572288578308796,0.000691401161163127
monthly,extended,unrestricted,direct_pct,40,-0.002640045894165323,-0.006096743864453578,0.0008166520761229324
