date,debtsec_pct
1996-01-01,NA
1996-02-01,NA
1996-03-01,NA
1996-04-01,NA
1996-05-01,NA
1996-06-01,NA
1996-07-01,NA
1996-08-01,NA
1996-09-01,NA
1996-10-01,NA
1996-11-01,NA
1996-12-01,NA
1997-01-01,NA
1997-02-01,NA
1997-03-01,NA
1997-04-01,NA
1997-05-01,NA
1997-06-01,NA
1997-07-01,NA
1997-08-01,NA
1997-09-01,NA
1997-10-01,NA
1997-11-01,NA
1997-12-01,NA
1998-01-01,NA
1998-02-01,NA
1998-03-01,NA
1998-04-01,NA
1998-05-01,NA
1998-06-01,NA
1998-07-01,NA
1998-08-01,NA
1998-09-01,NA
1998-10-01,NA
1998-11-01,NA
1998-12-01,NA
1999-01-01,-0.6054189937864499
1999-02-01,-0.5089050909213337
1999-03-01,-0.3979515111159326
1999-04-01,1.4961421514365736
1999-05-01,0.30395057291470146
1999-06-01,-0.30962909885902723
1999-07-01,1.786762610803288
1999-08-01,0.6029164644356315
1999-09-01,0.3025052218608446
1999-10-01,0.6689339006412178
1999-11-01,-0.6908821238089532
1999-12-01,-0.5883322346736982
2000-01-01,0.6589382465715945
2000-02-01,0.4950702237532304
2000-03-01,-0.102509699242811
2000-04-01,1.0518098494799757
2000-05-01,-0.006468604846896209
2000-06-01,0.571442432724672
2000-07-01,0.5898111851633787
2000-08-01,0.9896344041276454
2000-09-01,-0.04921241687565343
2000-10-01,0.1552388252301901
2000-11-01,-0.14293688058930712
2000-12-01,-0.3787241528728977
2001-01-01,0.1677853873685156
2001-02-01,-0.3717740342298911
2001-03-01,0.0495068668968627
2001-04-01,-0.1304293089182054
2001-05-01,-0.6250874398013258
2001-06-01,1.3302462360103229
2001-07-01,0.3818253384909701
2001-08-01,0.1171679715173271
2001-09-01,-0.6774779388244684
2001-10-01,0.6445700240341133
2001-11-01,0.32679775430901076
2001-12-01,0.7773950721606298
2002-01-01,-2.0506969747818586
2002-02-01,-2.2788018985521146
2002-03-01,-0.7410975405120338
2002-04-01,-0.5410629471250161
2002-05-01,0.42903338815217906
2002-06-01,1.8507042703286034
2002-07-01,0.6095775883027288
2002-08-01,0.6612469039306098
2002-09-01,1.0754287396842344
2002-10-01,-1.2987391592275803
2002-11-01,0.2458599068734132
2002-12-01,1.3626115768945104
2003-01-01,-0.4523297793136387
2003-02-01,0.27981118629692103
2003-03-01,0.9581919565483982
2003-04-01,-0.666596288670968
2003-05-01,-0.8252666789734072
2003-06-01,0.015355199061526366
2003-07-01,-0.23751685283013613
2003-08-01,-0.6332276133492306
2003-09-01,-0.5595544506255158
2003-10-01,-0.1661295570103893
2003-11-01,0.8324510909625071
2003-12-01,0.758290135390705
2004-01-01,2.2366215655902306
2004-02-01,1.2485329905606661
2004-03-01,-2.6380185287171187
2004-04-01,2.02940858450925
2004-05-01,0.5953151724227106
2004-06-01,-0.7359360819499083
2004-07-01,2.091332047754856
2004-08-01,0.790229603569766
2004-09-01,0.7267156828446176
2004-10-01,0.5869216636764305
2004-11-01,0.16055311785276877
2004-12-01,0.9127478463837057
2005-01-01,1.5380760838711767
2005-02-01,-0.3787184907244844
2005-03-01,-1.094691036627729
2005-04-01,1.6550736638526464
2005-05-01,1.4531809005720981
2005-06-01,0.4402901221358093
2005-07-01,0.10322088490203477
2005-08-01,-0.235011173605136
2005-09-01,-0.36071655032982824
2005-10-01,-0.15983651600876508
2005-11-01,2.137924605130226
2005-12-01,-0.8736147980738811
2006-01-01,1.2876446178066017
2006-02-01,-1.0586095828704067
2006-03-01,0.11915761136874975
2006-04-01,-0.22813510494771255
2006-05-01,3.939874714877487
2006-06-01,2.995729236645101
2006-07-01,-1.4338390321196441
2006-08-01,1.0116452517131655
2006-09-01,-1.1969587484280118
2006-10-01,0.8325931081217205
2006-11-01,3.2187251032499704
2006-12-01,1.367899561359328
2007-01-01,1.6982382625209773
2007-02-01,0.42891233450333816
2007-03-01,0.14338532758426448
2007-04-01,-0.89632164174227
2007-05-01,1.3075312852692964
2007-06-01,-2.076203405277373
2007-07-01,0.08980772763738655
2007-08-01,5.09732709381344
2007-09-01,1.0801299479414292
2007-10-01,-0.9160325047360489
2007-11-01,3.3345471138910265
2007-12-01,3.582858960235627
2008-01-01,0.35189965184121696
2008-02-01,0.9260400766822808
2008-03-01,-0.49910191508522833
2008-04-01,0.730517327996383
2008-05-01,1.0438505117348804
2008-06-01,1.132272186691388
2008-07-01,1.17806133051121
2008-08-01,2.1593253072736927
2008-09-01,-1.2282060828307355
2008-10-01,-1.7365680089210456
2008-11-01,-1.9515265131738555
2008-12-01,-3.8475354617488002
2009-01-01,-0.6102816584610002
2009-02-01,1.364276610101717
2009-03-01,-1.134431309824307
2009-04-01,1.1701217039588907
2009-05-01,-0.979982896262129
2009-06-01,-0.6820801933701328
2009-07-01,-0.1760959448254247
2009-08-01,-1.081859169287575
2009-09-01,-1.3023022121447232
2009-10-01,0.9250413393344518
2009-11-01,-1.4749794553005326
2009-12-01,-1.1283488859874153
2010-01-01,1.08172656184952
2010-02-01,0.35954711303247533
2010-03-01,-3.832321307754728
2010-04-01,1.0303569817920857
2010-05-01,3.9429174232055817
2010-06-01,-0.916709477292068
2010-07-01,1.6607571043778622
2010-08-01,-0.25852798928323484
2010-09-01,3.0574757159482897
2010-10-01,1.298895245262607
2010-11-01,-0.6786490517374849
2010-12-01,-1.8163680869536247
2011-01-01,5.323811367312086
2011-02-01,0.8374248031080883
2011-03-01,-1.4603502041631624
2011-04-01,1.7757393704965498
2011-05-01,2.4039845503796764
2011-06-01,-0.10851066283143644
2011-07-01,0.5777479443790766
2011-08-01,4.834120423742602
2011-09-01,1.4143250652671657
2011-10-01,-2.540453333919348
2011-11-01,0.8435445421729706
2011-12-01,2.5914524594506467
2012-01-01,0.3841957984881712
2012-02-01,0.4467574643936449
2012-03-01,-2.300488523820003
2012-04-01,1.4187768100098626
2012-05-01,1.4438886050279043
2012-06-01,1.0939870321739924
2012-07-01,1.0388837351431368
2012-08-01,1.8009174883205157
2012-09-01,0.836438677908044
2012-10-01,-2.0895391074991196
2012-11-01,2.9636836685886196
2012-12-01,-2.3518859814211437
2013-01-01,1.9925640788079395
2013-02-01,-0.10724470223563504
2013-03-01,-2.9258211684754865
2013-04-01,1.816069121154353
2013-05-01,0.5360361966684614
2013-06-01,-1.397419940944042
2013-07-01,-1.0937533119952518
2013-08-01,0.8319924770737668
2013-09-01,-0.988077780582603
2013-10-01,2.719754070205185
2013-11-01,0.5778918397739938
2013-12-01,-0.7004095360249447
2014-01-01,3.5795932701388193
2014-02-01,-0.9488692651062971
2014-03-01,-1.880430305070168
2014-04-01,2.353581672308638
2014-05-01,2.4119229797469846
2014-06-01,-2.3377748981400677
2014-07-01,3.0675383950315496
2014-08-01,0.9914377452466436
2014-09-01,-1.006513164954008
2014-10-01,3.1373301223111905
2014-11-01,1.774194627353656
2014-12-01,-1.0819742562670804
2015-01-01,1.7338603769474603
2015-02-01,1.5279735568061334
2015-03-01,0.6800753014591805
2015-04-01,1.3498624063637639
2015-05-01,1.4534185593099802
2015-06-01,-4.026336045059168
2015-07-01,3.7130626221070564
2015-08-01,0.33656615610429025
2015-09-01,0.8092392383044551
2015-10-01,5.496129726230881
2015-11-01,0.4968542009594822
2015-12-01,0.7179312969643521
2016-01-01,1.3389110180683848
2016-02-01,-1.1238428593882104
2016-03-01,-0.4605868989308867
2016-04-01,3.4513662579112534
2016-05-01,-2.5560886862373264
2016-06-01,0.20004306219563953
2016-07-01,2.8965501004678584
2016-08-01,-1.8540986640659884
2016-09-01,1.6382487573218827
2016-10-01,-1.0460297798400395
2016-11-01,1.9726032242809652
2016-12-01,1.4421397699894998
2017-01-01,3.0858689698250226
2017-02-01,1.0791217658197672
2017-03-01,-2.0339297884779164
2017-04-01,1.8195217025522525
2017-05-01,-0.9677987994029984
2017-06-01,0.6890746430890947
2017-07-01,-0.7237428255136253
2017-08-01,3.4446422746877876
2017-09-01,1.4040522120839067
2017-10-01,-1.0199804944603676
2017-11-01,2.3381171222237107
2017-12-01,1.6694838066797895
2018-01-01,-1.4172122085900751
2018-02-01,-0.4299404590383363
2018-03-01,0.08327763468699143
2018-04-01,2.6651966678575314
2018-05-01,-1.400038254985133
2018-06-01,3.3679484772053327
2018-07-01,-0.9081341374039403
2018-08-01,1.7518555106917533
2018-09-01,0.672699315601706
2018-10-01,-0.5196402619436635
2018-11-01,5.298237620123382
2018-12-01,1.6024607559619515
2019-01-01,-0.5763943362260376
2019-02-01,1.734631718025487
2019-03-01,1.2272074935690804
2019-04-01,-0.24609614609424202
2019-05-01,3.3483419269751473
2019-06-01,-1.9677578703158216
2019-07-01,0.6531097880021202
2019-08-01,3.2328328337318495
2019-09-01,-3.6457133383254696
2019-10-01,1.1266651898666642
2019-11-01,1.7331006037843604
2019-12-01,-1.451168994740894
2020-01-01,3.8616756709452575
2020-02-01,1.474627800189616
2020-03-01,-6.063627258373706
2020-04-01,-0.37486589005505017
2020-05-01,3.768393742979912
2020-06-01,0.25477363539779613
2020-07-01,6.539215755096066
2020-08-01,-2.4018226949412873
2020-09-01,0.411671653186285
2020-10-01,6.597674524214632
2020-11-01,-2.3085026297857074
2020-12-01,3.860285509244233
2021-01-01,5.511806254053607
2021-02-01,-0.9495238348415971
2021-03-01,-4.411417632077635
2021-04-01,-1.9136151946157962
2021-05-01,0.5215071119748188
2021-06-01,3.0832728906588733
2021-07-01,4.658196361783132
2021-08-01,-1.5165920480633877
2021-09-01,-0.3727475754579869
2021-10-01,3.3274741297054296
2021-11-01,3.8780936987411017
2021-12-01,1.5092840410190207
2022-01-01,-0.8632541901819777
2022-02-01,0.4854995142943166
2022-03-01,-4.386228164386149
2022-04-01,0.7726528836378322
2022-05-01,2.9460336519026677
2022-06-01,-1.3066840715348904
2022-07-01,7.016237560445463
2022-08-01,-0.3466930609593998
2022-09-01,-2.930412609141479
2022-10-01,-3.0230514214330864
2022-11-01,0.7367885177638772
2022-12-01,-1.062169355053802
2023-01-01,-4.374310491521919
2023-02-01,2.3965640496233958
2023-03-01,1.4327270249003141
2023-04-01,0.01754015121357237
2023-05-01,0.13318626265890168
2023-06-01,1.887251398844976
2023-07-01,-4.430932602685183
2023-08-01,-4.257623671753741
2023-09-01,-0.4039057417185711
2023-10-01,-3.0733904990456353
2023-11-01,1.9422441559338675
2023-12-01,-0.06033735510740876
2024-01-01,1.8517703953677431
2024-02-01,1.8718945161897222
2024-03-01,0.6569835107869395
2024-04-01,-4.1448612257419635
2024-05-01,0.4650132920754406
2024-06-01,-3.378689758712049
2024-07-01,-4.200029197483138
2024-08-01,-0.36869948797334384
2024-09-01,-0.9564244468207133
2024-10-01,1.6627228112126782
2024-11-01,0.5109503983357012
2024-12-01,-2.8251175430390214
2025-01-01,3.477362970021315
2025-02-01,-0.04107924045617093
2025-03-01,-0.8366262720445035
2025-04-01,5.3034660183086215
2025-05-01,-0.12474098217650988
2025-06-01,0.6043857589868322
2025-07-01,2.506038156700652
2025-08-01,0.9391320773462452
2025-09-01,-1.674144552811014
2025-10-01,3.704019973492757
2025-11-01,0.6027193040432377
2025-12-01,-0.850918056244716
2026-01-01,4.736978284909427
2026-02-01,NA
2026-03-01,NA
2026-04-01,NA
2026-05-01,NA
