date,direct_pct
1996-01-01,NA
1996-02-01,NA
1996-03-01,NA
1996-04-01,NA
1996-05-01,NA
1996-06-01,NA
1996-07-01,NA
1996-08-01,NA
1996-09-01,NA
1996-10-01,NA
1996-11-01,NA
1996-12-01,NA
1997-01-01,NA
1997-02-01,NA
1997-03-01,NA
1997-04-01,NA
1997-05-01,NA
1997-06-01,NA
1997-07-01,NA
1997-08-01,NA
1997-09-01,NA
1997-10-01,NA
1997-11-01,NA
1997-12-01,NA
1998-01-01,NA
1998-02-01,NA
1998-03-01,NA
1998-04-01,NA
1998-05-01,NA
1998-06-01,NA
1998-07-01,NA
1998-08-01,NA
1998-09-01,NA
1998-10-01,NA
1998-11-01,NA
1998-12-01,NA
1999-01-01,0.024430542558516233
1999-02-01,0.041410808844115084
1999-03-01,0.10367348525020667
1999-04-01,0.03077722940983304
1999-05-01,0.634058196011508
1999-06-01,0.03267716541209847
1999-07-01,0.05363196593993121
1999-08-01,0.13057430884474416
1999-09-01,0.029557913314492514
1999-10-01,0.05849100586234794
1999-11-01,0.05797692917690418
1999-12-01,0.08724197191301612
2000-01-01,-0.008124466803358557
2000-02-01,0.12824856144931016
2000-03-01,0.49240692975449113
2000-04-01,-0.3473995819223077
2000-05-01,-0.02581029805272942
2000-06-01,-0.14926036896113473
2000-07-01,0.342027911004472
2000-08-01,0.029787293244027926
2000-09-01,0.059655502843916956
2000-10-01,0.2021031238027801
2000-11-01,0.08247117052673741
2000-12-01,0.050056693828213226
2001-01-01,0.073292517537953
2001-02-01,0.0949963881491029
2001-03-01,-0.04561651751323591
2001-04-01,-0.029242450317695644
2001-05-01,0.006152421086120762
2001-06-01,0.07094901992033048
2001-07-01,0.06326104581061799
2001-08-01,-0.08890257539169384
2001-09-01,0.0049877701778314075
2001-10-01,0.2556504206725716
2001-11-01,0.006868379745759621
2001-12-01,0.034553762932861304
2002-01-01,0.11000410552830447
2002-02-01,0.08059132694439786
2002-03-01,0.3132327779891109
2002-04-01,0.21179165603619365
2002-05-01,-0.012458368558840407
2002-06-01,0.009559661960010107
2002-07-01,0.07616518385758825
2002-08-01,0.039855373513684574
2002-09-01,0.15685944959468356
2002-10-01,0.05428214053248456
2002-11-01,0.1602354442226966
2002-12-01,-0.09927555033592265
2003-01-01,0.2868519853389569
2003-02-01,0.02400933967369536
2003-03-01,0.07412678592849667
2003-04-01,0.11551132068448812
2003-05-01,0.022115275239873236
2003-06-01,-0.011574898594152491
2003-07-01,0.01799204442612241
2003-08-01,0.0373219557399812
2003-09-01,0.13401294718074916
2003-10-01,0.006785263313469417
2003-11-01,-0.0022546047318747096
2003-12-01,0.07344080706730614
2004-01-01,-0.010908573722482008
2004-02-01,-0.08676814883467389
2004-03-01,0.22784236255014192
2004-04-01,0.05849901518964427
2004-05-01,0.06771096537940942
2004-06-01,0.2129655174292909
2004-07-01,0.12152359882264148
2004-08-01,-0.003213409492569674
2004-09-01,-0.006894484981028856
2004-10-01,0.03327624011718955
2004-11-01,-0.07598649896844809
2004-12-01,0.07629207939774973
2005-01-01,0.029576678619376504
2005-02-01,0.03899038633290291
2005-03-01,0.2869837643195912
2005-04-01,0.028675850932366485
2005-05-01,0.048332840303755495
2005-06-01,0.039475259723306344
2005-07-01,0.10911742697122392
2005-08-01,0.05347095469597517
2005-09-01,0.09807402150200117
2005-10-01,-0.17655750534712827
2005-11-01,-0.03150516391898231
2005-12-01,-0.11257257978620383
2006-01-01,0.06797060398728838
2006-02-01,0.08680038737137195
2006-03-01,0.27233636979692355
2006-04-01,-1.2583448268157793
2006-05-01,0.03868313245746764
2006-06-01,0.06665709759026268
2006-07-01,0.11431015209601528
2006-08-01,0.1424101772716043
2006-09-01,0.14669605363688884
2006-10-01,-0.0011339094572394026
2006-11-01,0.05270742139430956
2006-12-01,0.08565495622128003
2007-01-01,0.23718152121663916
2007-02-01,0.3262434706557538
2007-03-01,0.1671255933899364
2007-04-01,-0.06420182873786535
2007-05-01,0.638021863496801
2007-06-01,0.3140120700823624
2007-07-01,0.11657402016722629
2007-08-01,0.05821831105859197
2007-09-01,0.16546052034937125
2007-10-01,0.07762151367641841
2007-11-01,-0.07373648601420585
2007-12-01,-0.06319218248597623
2008-01-01,0.5019697136466338
2008-02-01,0.14955930841988468
2008-03-01,0.1834006787100527
2008-04-01,0.039066764647575275
2008-05-01,0.08814881573594265
2008-06-01,0.2943349888380617
2008-07-01,-0.07458126731067001
2008-08-01,0.08682875184454975
2008-09-01,0.12959910467187616
2008-10-01,-0.044818479670611075
2008-11-01,0.05386481571514137
2008-12-01,0.48174452691521746
2009-01-01,0.031182987307525056
2009-02-01,-0.039946987784170135
2009-03-01,0.27810614057871197
2009-04-01,0.024897142834516762
2009-05-01,0.06664465077613482
2009-06-01,0.07445135126135093
2009-07-01,0.21921945690718167
2009-08-01,0.026011177319326978
2009-09-01,0.14947985552297066
2009-10-01,-0.02692312658534098
2009-11-01,0.006788467668141621
2009-12-01,0.1111373384674754
2010-01-01,0.421561166746599
2010-02-01,-0.46551415573057375
2010-03-01,0.2902117547556435
2010-04-01,0.12697054067663013
2010-05-01,-0.12728617714265544
2010-06-01,0.10103167139008389
2010-07-01,0.301377690291851
2010-08-01,-0.16148883518898893
2010-09-01,0.02749088928661099
2010-10-01,0.13646617691832813
2010-11-01,-0.013097198712785325
2010-12-01,-0.116912123614157
2011-01-01,0.07844325598051644
2011-02-01,-0.2330179261663555
2011-03-01,0.029347174051313606
2011-04-01,0.060794799535451374
2011-05-01,0.016816175516199426
2011-06-01,0.016048160098137015
2011-07-01,-0.016403903527667275
2011-08-01,-0.0028067486548711113
2011-09-01,-0.009905727742226752
2011-10-01,-0.12330564384911151
2011-11-01,0.09095070461587622
2011-12-01,0.039270713634168786
2012-01-01,-0.10231049662676635
2012-02-01,0.05328688943748587
2012-03-01,0.06759436344852243
2012-04-01,-0.034828857705637484
2012-05-01,-0.0817283559751417
2012-06-01,-0.16719351948065322
2012-07-01,0.07357289686423031
2012-08-01,0.0492469760569329
2012-09-01,0.06052559271818497
2012-10-01,-0.0810397219712322
2012-11-01,0.007302128031245952
2012-12-01,0.18892228831523347
2013-01-01,0.01576308648128598
2013-02-01,-0.036655706956014916
2013-03-01,0.09224912041286458
2013-04-01,0.015738718302144128
2013-05-01,0.09476583784261994
2013-06-01,0.13606788906303374
2013-07-01,0.09107083426708315
2013-08-01,0.08414299023291395
2013-09-01,0.11885689454838354
2013-10-01,-0.026623630831589824
2013-11-01,0.1277144187036487
2013-12-01,0.10058287053873477
2014-01-01,0.19290966345634097
2014-02-01,-0.06868737550468805
2014-03-01,0.41073320085043064
2014-04-01,-0.012902174488420303
2014-05-01,0.12415151847176432
2014-06-01,0.27814937319202704
2014-07-01,-0.003040441463367065
2014-08-01,0.08808782402209513
2014-09-01,0.2660979002609842
2014-10-01,-0.06301205185645922
2014-11-01,0.04561748585935059
2014-12-01,0.31517063289024483
2015-01-01,-0.043357046572625915
2015-02-01,0.1093378858919622
2015-03-01,0.22868947089419361
2015-04-01,-0.00620423636784715
2015-05-01,0.13384205118044168
2015-06-01,-0.08258035999302488
2015-07-01,-0.272398698199607
2015-08-01,0.04493481582393219
2015-09-01,-0.09936171151649346
2015-10-01,0.09473120668600936
2015-11-01,0.1676863672321761
2015-12-01,0.18310911076177414
2016-01-01,0.01489860051990938
2016-02-01,0.22450952265602622
2016-03-01,0.7385670616444758
2016-04-01,-0.060213436858713276
2016-05-01,0.29335649065549124
2016-06-01,0.9220361046266217
2016-07-01,1.3366121868655423
2016-08-01,-0.9147908494466294
2016-09-01,0.001192112332297949
2016-10-01,0.05307707168360241
2016-11-01,0.4560403541314763
2016-12-01,0.1671276573729351
2017-01-01,0.0033524628320290217
2017-02-01,0.1628216067863565
2017-03-01,0.19377336834962788
2017-04-01,0.29419361810936473
2017-05-01,0.12420450017371894
2017-06-01,0.028098454230362863
2017-07-01,0.030907595974429453
2017-08-01,0.15108425025336628
2017-09-01,-0.10959643986660521
2017-10-01,0.0787856681732651
2017-11-01,0.10792051990126564
2017-12-01,0.4321256028418869
2018-01-01,-0.19810797044329614
2018-02-01,0.08832873482904105
2018-03-01,0.38436373289203335
2018-04-01,-0.08047964276378332
2018-05-01,0.5478389245545681
2018-06-01,0.1867318322460058
2018-07-01,0.25115716647169595
2018-08-01,-0.00575148803064965
2018-09-01,0.34814420111051453
2018-10-01,0.05625357925440776
2018-11-01,0.33114455829055617
2018-12-01,0.054145862513482766
2019-01-01,0.11794444788181212
2019-02-01,0.18057204391113207
2019-03-01,0.8879564352087455
2019-04-01,0.21959203842816338
2019-05-01,0.2756256673534928
2019-06-01,0.025888464932552566
2019-07-01,0.17027494515220246
2019-08-01,0.15836593898207288
2019-09-01,0.11117533965675158
2019-10-01,-0.11374061000176074
2019-11-01,0.22260228407817562
2019-12-01,0.8021911517743683
2020-01-01,-0.36704947575602753
2020-02-01,0.05273923643986944
2020-03-01,0.34543257534578076
2020-04-01,-0.11600662990677077
2020-05-01,0.2207010968858216
2020-06-01,3.691827121876938
2020-07-01,0.01796354508291293
2020-08-01,0.2463560319839972
2020-09-01,0.4485615779675733
2020-10-01,-0.11058454187091514
2020-11-01,0.21752161398064535
2020-12-01,0.35399842206163246
2021-01-01,0.7859036002346085
2021-02-01,0.0948332654295809
2021-03-01,0.41663885921597477
2021-04-01,-0.6928479106422014
2021-05-01,0.055038645483382595
2021-06-01,0.5405468832281496
2021-07-01,-0.03442028417383725
2021-08-01,0.2809333231422985
2021-09-01,0.5420000209005534
2021-10-01,0.19273792087059766
2021-11-01,0.2811048206681383
2021-12-01,0.20142408576603968
2022-01-01,0.4284520454797153
2022-02-01,0.2775352961870506
2022-03-01,0.5653340773916221
2022-04-01,0.2773538854772137
2022-05-01,0.35792411069118424
2022-06-01,-0.0744062412099926
2022-07-01,0.3690250978213606
2022-08-01,0.2587446967797754
2022-09-01,0.4955481022068832
2022-10-01,0.2011873467118194
2022-11-01,0.27829467201294317
2022-12-01,0.8721699177495672
2023-01-01,-0.4263460853298367
2023-02-01,-0.011726378520225823
2023-03-01,0.7017333759866452
2023-04-01,-0.606574157006518
2023-05-01,0.08494703283803444
2023-06-01,0.44238935780820926
2023-07-01,-0.1278631850749906
2023-08-01,-0.06484275649569264
2023-09-01,1.0805313976479218
2023-10-01,-0.09092430981841988
2023-11-01,0.36860963723250834
2023-12-01,0.5191064047662597
2024-01-01,-1.274290426884866
2024-02-01,-0.11105329567969255
2024-03-01,1.0502617804280907
2024-04-01,0.1816541428575497
2024-05-01,0.08525041411419251
2024-06-01,0.6385681138286242
2024-07-01,-0.09658000295748338
2024-08-01,-0.4857981663215489
2024-09-01,1.0113820371720645
2024-10-01,-0.2583182667151994
2024-11-01,0.35117200673314874
2024-12-01,0.7144250282123015
2025-01-01,0.0025541181395297495
2025-02-01,-0.00724607003713533
2025-03-01,0.7341472293995801
2025-04-01,-0.12854197455885177
2025-05-01,0.2949148163347484
2025-06-01,0.7298232345072206
2025-07-01,0.24347489620734405
2025-08-01,-0.00986497696082401
2025-09-01,0.17027334501010163
2025-10-01,-0.14953955191518062
2025-11-01,0.45122946142735054
2025-12-01,1.8228898123270862
2026-01-01,0.2659252837195396
2026-02-01,NA
2026-03-01,NA
2026-04-01,NA
2026-05-01,NA
