experiment,variable,horizon,response
e1_restricted,log_rgdp,0,-0.0001161453777206
e1_restricted,log_rgdp,1,-0.0003027634419614
e1_restricted,log_rgdp,3,-0.0002152608073155
e1_restricted,log_rgdp,6,-0.0002758719864424
e1_restricted,log_rgdp,12,0.0004397297719309
e1_restricted,log_rgdp,24,0.0010856249918334
e1_restricted,log_rgdp,40,0.0016810128300192
e1_restricted,log_wui,0,0.006315204614493
e1_restricted,log_wui,1,0.0008037957708871
e1_restricted,log_wui,3,-0.0291535673721916
e1_restricted,log_wui,6,-0.0616417720769203
e1_restricted,log_wui,12,-0.0337619878443314
e1_restricted,log_wui,24,-0.0398191722503007
e1_restricted,log_wui,40,-0.0475232430725252
e1_restricted,log_reer,0,0.0028213475009214
e1_restricted,log_reer,1,0.003853892079485
e1_restricted,log_reer,3,0.0027593106803379
e1_restricted,log_reer,6,0.0012372492174985
e1_restricted,log_reer,12,-0.0014170852168721
e1_restricted,log_reer,24,-0.0037866119387437
e1_restricted,log_reer,40,-0.0052283553060745
e1_restricted,spread,0,0.0157444667116956
e1_restricted,spread,1,0.0617444010906109
e1_restricted,spread,3,0.1024590479392461
e1_restricted,spread,6,0.1088962533490028
e1_restricted,spread,12,0.0904260546548803
e1_restricted,spread,24,0.0587157401915235
e1_restricted,spread,40,0.0429871364941307
e1_restricted,log_nikkei,0,-0.0146537677691274
e1_restricted,log_nikkei,1,-0.0161471613534547
e1_restricted,log_nikkei,3,-0.0168424313205251
e1_restricted,log_nikkei,6,-0.0191737847180191
e1_restricted,log_nikkei,12,-0.0129830563605735
e1_restricted,log_nikkei,24,-0.000419359899047
e1_restricted,log_nikkei,40,0.0067826630716658
e1_restricted,debtsec_pct,0,-0.0787706704694861
e1_restricted,debtsec_pct,1,-0.1086045174630328
e1_restricted,debtsec_pct,3,0.3756904660894258
e1_restricted,debtsec_pct,6,0.0973433253167304
e1_restricted,debtsec_pct,12,0.009152212612351
e1_restricted,debtsec_pct,24,0.0169932250864073
e1_restricted,debtsec_pct,40,0.0209155598762562
e1_restricted,equity_pct,0,-0.1227146699952052
e1_restricted,equity_pct,1,-0.0165761594507107
e1_restricted,equity_pct,3,-0.0936051027634372
e1_restricted,equity_pct,6,-0.0575314580604709
e1_restricted,equity_pct,12,0.0014942243065421
e1_restricted,equity_pct,24,0.0011290210441403
e1_restricted,equity_pct,40,-0.0069720369571773
e1_restricted,other_pct,0,0.0252302556196739
e1_restricted,other_pct,1,-0.016617743761782
e1_restricted,other_pct,3,-0.3328967163931474
e1_restricted,other_pct,6,-0.0538909784167928
e1_restricted,other_pct,12,-0.0350633504409818
e1_restricted,other_pct,24,-0.0552510650577669
e1_restricted,other_pct,40,-0.0490436428754188
e1_restricted,direct_pct,0,0.0252627416035447
e1_restricted,direct_pct,1,-0.0368717438916311
e1_restricted,direct_pct,3,-0.0049343995665251
e1_restricted,direct_pct,6,-0.0126776842669797
e1_restricted,direct_pct,12,-0.0087448119783124
e1_restricted,direct_pct,24,-0.0039679784509015
e1_restricted,direct_pct,40,-0.0031316320519011
e1_unrestricted,log_rgdp,0,-0.0001410485698251
e1_unrestricted,log_rgdp,1,-0.0003987671305965
e1_unrestricted,log_rgdp,3,-0.0006085914436715
e1_unrestricted,log_rgdp,6,-0.0008357790176524
e1_unrestricted,log_rgdp,12,-0.0004019411469827
e1_unrestricted,log_rgdp,24,-0.0001694977482942
e1_unrestricted,log_rgdp,40,1.8294066588028583e-05
e1_unrestricted,log_wui,0,0.0076692727382522
e1_unrestricted,log_wui,1,0.0068734894445663
e1_unrestricted,log_wui,3,-0.0054831704036446
e1_unrestricted,log_wui,6,-0.0147048180272541
e1_unrestricted,log_wui,12,0.0049667951754487
e1_unrestricted,log_wui,24,-0.002086396925229
e1_unrestricted,log_wui,40,-0.0013594314778508
e1_unrestricted,log_reer,0,0.0034262838331924
e1_unrestricted,log_reer,1,0.004448754057556
e1_unrestricted,log_reer,3,0.0031774119148597
e1_unrestricted,log_reer,6,0.0019908335676917
e1_unrestricted,log_reer,12,0.0003476294248342
e1_unrestricted,log_reer,24,-0.0004439364286469
e1_unrestricted,log_reer,40,-0.0004311834963844
e1_unrestricted,spread,0,0.0191203004021674
e1_unrestricted,spread,1,0.0600086927958155
e1_unrestricted,spread,3,0.0835400020839391
e1_unrestricted,spread,6,0.0763206797733047
e1_unrestricted,spread,12,0.0461064431612492
e1_unrestricted,spread,24,0.0206997327952578
e1_unrestricted,spread,40,0.006346053652898
e1_unrestricted,log_nikkei,0,-0.0177957403638965
e1_unrestricted,log_nikkei,1,-0.0199463068989539
e1_unrestricted,log_nikkei,3,-0.0215236657591894
e1_unrestricted,log_nikkei,6,-0.0218934845376373
e1_unrestricted,log_nikkei,12,-0.0151177845226587
e1_unrestricted,log_nikkei,24,-0.0069940003149719
e1_unrestricted,log_nikkei,40,-0.0026872254032033
e1_unrestricted,debtsec_pct,0,-0.0956602030310678
e1_unrestricted,debtsec_pct,1,-0.0967405871334879
e1_unrestricted,debtsec_pct,3,0.3250602745467384
e1_unrestricted,debtsec_pct,6,0.0976204233022515
e1_unrestricted,debtsec_pct,12,-0.0015795568999954
e1_unrestricted,debtsec_pct,24,-0.0002912153446662
e1_unrestricted,debtsec_pct,40,-0.0008542865540982
e1_unrestricted,equity_pct,0,-0.1490264101685081
e1_unrestricted,equity_pct,1,-0.0275147392592547
e1_unrestricted,equity_pct,3,-0.0874065605380117
e1_unrestricted,equity_pct,6,-0.0341620928712332
e1_unrestricted,equity_pct,12,0.0113249415494182
e1_unrestricted,equity_pct,24,0.0063409864413438
e1_unrestricted,equity_pct,40,0.0024370063376545
e1_unrestricted,other_pct,0,0.0306399750150037
e1_unrestricted,other_pct,1,0.0217343545943153
e1_unrestricted,other_pct,3,-0.2354496303062115
e1_unrestricted,other_pct,6,-0.0524738814255185
e1_unrestricted,other_pct,12,-0.0003822569554145
e1_unrestricted,other_pct,24,-0.0080354486738148
e1_unrestricted,other_pct,40,-0.0002122283542043
e1_unrestricted,direct_pct,0,0.0306794264478701
e1_unrestricted,direct_pct,1,-0.0368917077004636
e1_unrestricted,direct_pct,3,-0.0041419541240501
e1_unrestricted,direct_pct,6,-0.0065038292795671
e1_unrestricted,direct_pct,12,-0.0063388399569341
e1_unrestricted,direct_pct,24,-0.0017095146026584
e1_unrestricted,direct_pct,40,-0.000787247303056
e2_restricted,log_rgdp,0,9.487993891869488e-05
e2_restricted,log_rgdp,1,-0.0012841318627643
e2_restricted,log_rgdp,3,-0.0038426267527397
e2_restricted,log_rgdp,6,-0.0032879706742184
e2_restricted,log_rgdp,12,-0.0027854518188774
e2_restricted,log_rgdp,24,-0.0021615288714257
e2_restricted,log_rgdp,40,-0.0016558791362122
e2_restricted,log_wui,0,0.0072809690965667
e2_restricted,log_wui,1,0.0091074967229414
e2_restricted,log_wui,3,0.0202844881909791
e2_restricted,log_wui,6,0.0260343785485289
e2_restricted,log_wui,12,-0.0107537288921159
e2_restricted,log_wui,24,-0.0119113579445186
e2_restricted,log_wui,40,-0.0133472542742635
e2_restricted,log_reer,0,0.0036368650798803
e2_restricted,log_reer,1,0.0055361175155995
e2_restricted,log_reer,3,0.0044021397092738
e2_restricted,log_reer,6,0.0024904229113726
e2_restricted,log_reer,12,0.0002757272681921
e2_restricted,log_reer,24,-0.0011913804785399
e2_restricted,log_reer,40,-0.0008590894436044
e2_restricted,spread,0,0.0148511140407911
e2_restricted,spread,1,0.0649740981898215
e2_restricted,spread,3,0.1146342180104776
e2_restricted,spread,6,0.1119109134455935
e2_restricted,spread,12,0.0752216970429127
e2_restricted,spread,24,0.039089454318786
e2_restricted,spread,40,0.0130785619328454
e2_restricted,log_nikkei,0,-0.017128685395398
e2_restricted,log_nikkei,1,-0.018641549275317
e2_restricted,log_nikkei,3,-0.0153219720119697
e2_restricted,log_nikkei,6,-0.008847393641566
e2_restricted,log_nikkei,12,-0.0003466025504747
e2_restricted,log_nikkei,24,0.0113112789529829
e2_restricted,log_nikkei,40,0.0183193672717561
e2_restricted,debtsec_pct,0,-0.0986239448568406
e2_restricted,debtsec_pct,1,-0.1508391942332589
e2_restricted,debtsec_pct,3,0.0437313906450815
e2_restricted,debtsec_pct,6,0.0036860707659805
e2_restricted,debtsec_pct,12,-0.003543395644029
e2_restricted,debtsec_pct,24,0.0002707094744273
e2_restricted,debtsec_pct,40,0.0038926211547014
e2_restricted,equity_pct,0,-0.1554192649077488
e2_restricted,equity_pct,1,-0.0140493577435495
e2_restricted,equity_pct,3,-0.0434288268613548
e2_restricted,equity_pct,6,0.0032967004648508
e2_restricted,equity_pct,12,-0.0042936876952887
e2_restricted,equity_pct,24,-0.0110322520207152
e2_restricted,equity_pct,40,-0.0137562254592603
e2_restricted,other_pct,0,0.1788857945642868
e2_restricted,other_pct,1,-0.0034066720515531
e2_restricted,other_pct,3,-0.2133844813579383
e2_restricted,other_pct,6,-0.0999007543422663
e2_restricted,other_pct,12,-0.0801929908183244
e2_restricted,other_pct,24,-0.0666815601394842
e2_restricted,other_pct,40,-0.0568473756343344
e2_restricted,direct_pct,0,0.0117179753142058
e2_restricted,direct_pct,1,-0.0127391755475405
e2_restricted,direct_pct,3,0.0434513285797904
e2_restricted,direct_pct,6,0.0055034522020954
e2_restricted,direct_pct,12,0.0064224756167017
e2_restricted,direct_pct,24,0.0083039770071004
e2_restricted,direct_pct,40,0.0089743598414219
e2_unrestricted,log_rgdp,0,0.0001105185496102
e2_unrestricted,log_rgdp,1,-0.0011569661318695
e2_unrestricted,log_rgdp,3,-0.0031731627661035
e2_unrestricted,log_rgdp,6,-0.0018113655048811
e2_unrestricted,log_rgdp,12,-0.001524517049287
e2_unrestricted,log_rgdp,24,-0.0007013846685844
e2_unrestricted,log_rgdp,40,-0.0002364432518711
e2_unrestricted,log_wui,0,0.008481056727903
e2_unrestricted,log_wui,1,0.0130012267724802
e2_unrestricted,log_wui,3,0.031616832312704
e2_unrestricted,log_wui,6,0.0390890425183782
e2_unrestricted,log_wui,12,-0.0051073246332512
e2_unrestricted,log_wui,24,-0.0005381259401251
e2_unrestricted,log_wui,40,0.0019255625539878
e2_unrestricted,log_reer,0,0.0042363123157252
e2_unrestricted,log_reer,1,0.0060701494903087
e2_unrestricted,log_reer,3,0.0048951230185956
e2_unrestricted,log_reer,6,0.0033687677964267
e2_unrestricted,log_reer,12,0.0018459156297471
e2_unrestricted,log_reer,24,0.000343262715926
e2_unrestricted,log_reer,40,-0.0001272756734156
e2_unrestricted,spread,0,0.0172989527880188
e2_unrestricted,spread,1,0.0623675505693656
e2_unrestricted,spread,3,0.0945998988528415
e2_unrestricted,spread,6,0.0712037248423207
e2_unrestricted,spread,12,0.0496166018244558
e2_unrestricted,spread,24,0.0230754232546126
e2_unrestricted,spread,40,0.0098076941805988
e2_unrestricted,log_nikkei,0,-0.0199519254354888
e2_unrestricted,log_nikkei,1,-0.0226886038422261
e2_unrestricted,log_nikkei,3,-0.0212431258538965
e2_unrestricted,log_nikkei,6,-0.0181234335391227
e2_unrestricted,log_nikkei,12,-0.0130442155965776
e2_unrestricted,log_nikkei,24,-0.0068096185826076
e2_unrestricted,log_nikkei,40,-0.0033402368727789
e2_unrestricted,debtsec_pct,0,-0.1148796623041599
e2_unrestricted,debtsec_pct,1,-0.1340802312955081
e2_unrestricted,debtsec_pct,3,0.0637999565529326
e2_unrestricted,debtsec_pct,6,0.0048457975720859
e2_unrestricted,debtsec_pct,12,-0.0035159626351893
e2_unrestricted,debtsec_pct,24,-0.0032899907876966
e2_unrestricted,debtsec_pct,40,-0.0010127737400182
e2_unrestricted,equity_pct,0,-0.1810362858034045
e2_unrestricted,equity_pct,1,-0.0328280457824155
e2_unrestricted,equity_pct,3,-0.0469308926631625
e2_unrestricted,equity_pct,6,0.014544866073351
e2_unrestricted,equity_pct,12,0.003371452619678
e2_unrestricted,equity_pct,24,0.0012571412855949
e2_unrestricted,equity_pct,40,0.0012496628031541
e2_unrestricted,other_pct,0,0.2083706923342661
e2_unrestricted,other_pct,1,0.0131505272971047
e2_unrestricted,other_pct,3,-0.160979615938477
e2_unrestricted,other_pct,6,-0.0122439648545496
e2_unrestricted,other_pct,12,-0.028448270026612
e2_unrestricted,other_pct,24,-0.0112222382694269
e2_unrestricted,other_pct,40,-0.0036588878650431
e2_unrestricted,direct_pct,0,0.0136493936532187
e2_unrestricted,direct_pct,1,-0.0166213071687744
e2_unrestricted,direct_pct,3,0.0352587402579281
e2_unrestricted,direct_pct,6,-0.0086174321405776
e2_unrestricted,direct_pct,12,-0.0011322484082506
e2_unrestricted,direct_pct,24,-0.0004478993451046
e2_unrestricted,direct_pct,40,-0.0003672456969516
e2b_restricted,log_rgdp,0,-3.6334477969197575e-05
e2b_restricted,log_rgdp,1,-0.001566551118116
e2b_restricted,log_rgdp,3,-0.0042538846959546
e2b_restricted,log_rgdp,6,-0.0037424626573638
e2b_restricted,log_rgdp,12,-0.0030528886487101
e2b_restricted,log_rgdp,24,-0.0022638569948952
e2b_restricted,log_rgdp,40,-0.0016110401334006
e2b_restricted,log_wui,0,0.0072554429170048
e2b_restricted,log_wui,1,0.0120660218023433
e2b_restricted,log_wui,3,0.0334224121915609
e2b_restricted,log_wui,6,0.0479987604917965
e2b_restricted,log_wui,12,-0.0062069359743514
e2b_restricted,log_wui,24,-0.0069266922620422
e2b_restricted,log_wui,40,-0.0080270510383652
e2b_restricted,log_reer,0,0.0053322950809373
e2b_restricted,log_reer,1,0.0104822837252091
e2b_restricted,log_reer,3,0.0124719562753788
e2b_restricted,log_reer,6,0.0104907012960463
e2b_restricted,log_reer,12,0.0055866405775567
e2b_restricted,log_reer,24,0.002395997596184
e2b_restricted,log_reer,40,0.0017556365373913
e2b_restricted,spread,0,0.0237227818609283
e2b_restricted,spread,1,0.0759285417438605
e2b_restricted,spread,3,0.1254968909928052
e2b_restricted,spread,6,0.1216263587086785
e2b_restricted,spread,12,0.0747115634548185
e2b_restricted,spread,24,0.0359932086213986
e2b_restricted,spread,40,0.0102508003225208
e2b_restricted,log_nikkei,0,-0.0209670152952694
e2b_restricted,log_nikkei,1,-0.0233579797610355
e2b_restricted,log_nikkei,3,-0.0206474214137733
e2b_restricted,log_nikkei,6,-0.0143895747359438
e2b_restricted,log_nikkei,12,-0.0049295086571735
e2b_restricted,log_nikkei,24,0.0073209466107267
e2b_restricted,log_nikkei,40,0.0139584539969341
e2b_restricted,debtsec_pct,0,-0.0984833603944271
e2b_restricted,debtsec_pct,1,-0.1547293354474923
e2b_restricted,debtsec_pct,3,0.0547647127732882
e2b_restricted,debtsec_pct,6,0.0074892302036674
e2b_restricted,debtsec_pct,12,-0.0040931205880593
e2b_restricted,debtsec_pct,24,-0.0006113475577679
e2b_restricted,debtsec_pct,40,0.0033051153437612
e2b_restricted,equity_pct,0,-0.1642921390386352
e2b_restricted,equity_pct,1,-0.0265327404755014
e2b_restricted,equity_pct,3,-0.0434756538923323
e2b_restricted,equity_pct,6,0.0083048530808624
e2b_restricted,equity_pct,12,-0.0003398655094534
e2b_restricted,equity_pct,24,-0.008375921048047
e2b_restricted,equity_pct,40,-0.0108542773225947
e2b_restricted,other_pct,0,0.161737859890058
e2b_restricted,other_pct,1,0.0092942354054895
e2b_restricted,other_pct,3,-0.2241951783136353
e2b_restricted,other_pct,6,-0.0957207727164409
e2b_restricted,other_pct,12,-0.0664347397784588
e2b_restricted,other_pct,24,-0.0551411765019856
e2b_restricted,other_pct,40,-0.0457508085986343
e2b_restricted,direct_pct,0,0.0096272549279254
e2b_restricted,direct_pct,1,-0.017137820292787
e2b_restricted,direct_pct,3,0.0419024911148647
e2b_restricted,direct_pct,6,0.0028220837134029
e2b_restricted,direct_pct,12,0.0027599626593699
e2b_restricted,direct_pct,24,0.0057360193364359
e2b_restricted,direct_pct,40,0.0066570640693087
e2b_unrestricted,log_rgdp,0,-4.060565233802327e-05
e2b_unrestricted,log_rgdp,1,-0.0014769331553364
e2b_unrestricted,log_rgdp,3,-0.0036655483877227
e2b_unrestricted,log_rgdp,6,-0.002286844524719
e2b_unrestricted,log_rgdp,12,-0.0019957740383438
e2b_unrestricted,log_rgdp,24,-0.0010113477435008
e2b_unrestricted,log_rgdp,40,-0.0003898082608855
e2b_unrestricted,log_wui,0,0.0081083315107492
e2b_unrestricted,log_wui,1,0.0145088479502965
e2b_unrestricted,log_wui,3,0.0402450725842114
e2b_unrestricted,log_wui,6,0.0543398453910694
e2b_unrestricted,log_wui,12,-0.003554912489325
e2b_unrestricted,log_wui,24,-0.0004638728582626
e2b_unrestricted,log_wui,40,0.0016953903247135
e2b_unrestricted,log_reer,0,0.0059591146569488
e2b_unrestricted,log_reer,1,0.0111768037286081
e2b_unrestricted,log_reer,3,0.0124964774778376
e2b_unrestricted,log_reer,6,0.0094733789573484
e2b_unrestricted,log_reer,12,0.0055844533704196
e2b_unrestricted,log_reer,24,0.0020280633779888
e2b_unrestricted,log_reer,40,0.0006658039844839
e2b_unrestricted,spread,0,0.0265114317466107
e2b_unrestricted,spread,1,0.0735925570100041
e2b_unrestricted,spread,3,0.1057093985412812
e2b_unrestricted,spread,6,0.0792697768857185
e2b_unrestricted,spread,12,0.0543173020088458
e2b_unrestricted,spread,24,0.0230738407428487
e2b_unrestricted,spread,40,0.0078325448018441
e2b_unrestricted,log_nikkei,0,-0.023431720537219
e2b_unrestricted,log_nikkei,1,-0.0265424701245274
e2b_unrestricted,log_nikkei,3,-0.0250346999784645
e2b_unrestricted,log_nikkei,6,-0.0210782153631858
e2b_unrestricted,log_nikkei,12,-0.0141910257638679
e2b_unrestricted,log_nikkei,24,-0.0061392120692963
e2b_unrestricted,log_nikkei,40,-0.002104214705459
e2b_unrestricted,debtsec_pct,0,-0.11006023250477
e2b_unrestricted,debtsec_pct,1,-0.1459835810519401
e2b_unrestricted,debtsec_pct,3,0.0744468095220504
e2b_unrestricted,debtsec_pct,6,0.0082331060954641
e2b_unrestricted,debtsec_pct,12,-0.0049459803523453
e2b_unrestricted,debtsec_pct,24,-0.0037079359205579
e2b_unrestricted,debtsec_pct,40,-0.0006393657515731
e2b_unrestricted,equity_pct,0,-0.1836049353807518
e2b_unrestricted,equity_pct,1,-0.0413243417850822
e2b_unrestricted,equity_pct,3,-0.0486428980425744
e2b_unrestricted,equity_pct,6,0.0196815906080305
e2b_unrestricted,equity_pct,12,0.0040670228326314
e2b_unrestricted,equity_pct,24,0.0004294243223334
e2b_unrestricted,equity_pct,40,0.0004007636029081
e2b_unrestricted,other_pct,0,0.1807503967475411
e2b_unrestricted,other_pct,1,0.0222645544201202
e2b_unrestricted,other_pct,3,-0.1827533567734997
e2b_unrestricted,other_pct,6,-0.0163504193571836
e2b_unrestricted,other_pct,12,-0.0315385944323693
e2b_unrestricted,other_pct,24,-0.0144021639116388
e2b_unrestricted,other_pct,40,-0.0056250336293457
e2b_unrestricted,direct_pct,0,0.0107589537106201
e2b_unrestricted,direct_pct,1,-0.0193468137424346
e2b_unrestricted,direct_pct,3,0.0361913146977565
e2b_unrestricted,direct_pct,6,-0.0097066324877278
e2b_unrestricted,direct_pct,12,-0.0015173196394313
e2b_unrestricted,direct_pct,24,-0.0001836499665933
e2b_unrestricted,direct_pct,40,-4.381406925453392e-05
e3_restricted,log_rgdp,0,-1.8180729985841565e-05
e3_restricted,log_rgdp,1,-4.699075628261239e-05
e3_restricted,log_rgdp,3,-7.29816802563579e-05
e3_restricted,log_rgdp,6,-9.190586554955676e-05
e3_restricted,log_rgdp,12,-0.0001670364723344
e3_restricted,log_rgdp,24,-0.0002312677938511
e3_restricted,log_rgdp,40,0.0
e3_restricted,log_wui,0,4.938296654456144e-06
e3_restricted,log_wui,1,0.0005022490488904
e3_restricted,log_wui,3,0.0002991243388892
e3_restricted,log_wui,6,0.0008880582599045
e3_restricted,log_wui,12,-0.0019821632508218
e3_restricted,log_wui,24,-0.0034457312400993
e3_restricted,log_wui,40,0.0
e3_restricted,log_reer,0,5.294474360774458e-05
e3_restricted,log_reer,1,0.0001150563043118
e3_restricted,log_reer,3,0.0002180015462471
e3_restricted,log_reer,6,0.0004176797535228
e3_restricted,log_reer,12,0.0005816900515961
e3_restricted,log_reer,24,0.0006985493750787
e3_restricted,log_reer,40,0.0
e3_restricted,spread,0,0.004135359077158
e3_restricted,spread,1,0.0026980863615753
e3_restricted,spread,3,0.0035976418236209
e3_restricted,spread,6,0.0037575668828593
e3_restricted,spread,12,0.0069485604151767
e3_restricted,spread,24,0.0071863491424933
e3_restricted,spread,40,0.0
e3_restricted,log_nikkei,0,-0.0013648425073258
e3_restricted,log_nikkei,1,-0.0031312836557381
e3_restricted,log_nikkei,3,-0.0029354741324601
e3_restricted,log_nikkei,6,-0.0027385340828237
e3_restricted,log_nikkei,12,-0.0028447511285979
e3_restricted,log_nikkei,24,-0.0030587059907092
e3_restricted,log_nikkei,40,0.0
e3_restricted,debtsec_pct,0,0.0039176802161268
e3_restricted,debtsec_pct,1,-0.0045577348071666
e3_restricted,debtsec_pct,3,-0.0290634434933625
e3_restricted,debtsec_pct,6,-0.0265011290535902
e3_restricted,debtsec_pct,12,-0.0222939717669832
e3_restricted,debtsec_pct,24,-0.0027558501808434
e3_restricted,debtsec_pct,40,0.0
e3_restricted,equity_pct,0,0.0018548252000115
e3_restricted,equity_pct,1,0.0003224459312167
e3_restricted,equity_pct,3,-0.0118070759619788
e3_restricted,equity_pct,6,-0.0136664914395807
e3_restricted,equity_pct,12,-0.0278331186631977
e3_restricted,equity_pct,24,-0.0095225405490515
e3_restricted,equity_pct,40,0.0
e3_restricted,other_pct,0,0.0027390602450658
e3_restricted,other_pct,1,0.0185786957844838
e3_restricted,other_pct,3,0.076739049869708
e3_restricted,other_pct,6,0.0966461708927042
e3_restricted,other_pct,12,0.0704760782464082
e3_restricted,other_pct,24,-0.0023886339280862
e3_restricted,other_pct,40,0.0
e3_restricted,direct_pct,0,0.0003474380711177
e3_restricted,direct_pct,1,0.0002056415174737
e3_restricted,direct_pct,3,-0.0006272113437058
e3_restricted,direct_pct,6,0.0010453232480707
e3_restricted,direct_pct,12,0.0017474516825612
e3_restricted,direct_pct,24,-0.0004119714103953
e3_restricted,direct_pct,40,0.0
e3b_restricted,log_rgdp,0,-2.143343656897738e-05
e3b_restricted,log_rgdp,1,-5.385414996310394e-05
e3b_restricted,log_rgdp,3,-8.351928909153543e-05
e3b_restricted,log_rgdp,6,-0.0001068362887503
e3b_restricted,log_rgdp,12,-0.0001943601384454
e3b_restricted,log_rgdp,24,-0.000262326492157
e3b_restricted,log_rgdp,40,0.0
e3b_restricted,log_wui,0,-6.639355466447032e-06
e3b_restricted,log_wui,1,0.0004879533638059
e3b_restricted,log_wui,3,0.0002830359864287
e3b_restricted,log_wui,6,0.0008778977851168
e3b_restricted,log_wui,12,-0.0019753642012695
e3b_restricted,log_wui,24,-0.0034516084416496
e3b_restricted,log_wui,40,0.0
e3b_restricted,log_reer,0,5.298318966120422e-05
e3b_restricted,log_reer,1,0.0001151989904288
e3b_restricted,log_reer,3,0.0002182519234655
e3b_restricted,log_reer,6,0.0004179416654057
e3b_restricted,log_reer,12,0.0005816802807737
e3b_restricted,log_reer,24,0.0007002987601354
e3b_restricted,log_reer,40,0.0
e3b_restricted,spread,0,0.0041313213785634
e3b_restricted,spread,1,0.0027220607598936
e3b_restricted,spread,3,0.0035962533764302
e3b_restricted,spread,6,0.0037404148579269
e3b_restricted,spread,12,0.0069402509437134
e3b_restricted,spread,24,0.0071830205504468
e3b_restricted,spread,40,0.0
e3b_restricted,log_nikkei,0,-0.0013638857778492
e3b_restricted,log_nikkei,1,-0.0031326809163309
e3b_restricted,log_nikkei,3,-0.0029360521089282
e3b_restricted,log_nikkei,6,-0.0027354006065705
e3b_restricted,log_nikkei,12,-0.0028400862821574
e3b_restricted,log_nikkei,24,-0.0030544951928157
e3b_restricted,log_nikkei,40,0.0
e3b_restricted,debtsec_pct,0,0.0039657528124446
e3b_restricted,debtsec_pct,1,-0.0044884579117734
e3b_restricted,debtsec_pct,3,-0.0289433827264941
e3b_restricted,debtsec_pct,6,-0.0263474977902982
e3b_restricted,debtsec_pct,12,-0.0219709844244294
e3b_restricted,debtsec_pct,24,-0.0026024948630199
e3b_restricted,debtsec_pct,40,0.0
e3b_restricted,equity_pct,0,0.0019036433085499
e3b_restricted,equity_pct,1,0.0004150972271753
e3b_restricted,equity_pct,3,-0.0116571894798116
e3b_restricted,equity_pct,6,-0.0135070778511471
e3b_restricted,equity_pct,12,-0.0275998817719734
e3b_restricted,equity_pct,24,-0.0096516119515305
e3b_restricted,equity_pct,40,0.0
e3b_restricted,other_pct,0,0.0026943883066959
e3b_restricted,other_pct,1,0.0184189164635587
e3b_restricted,other_pct,3,0.0764326222368527
e3b_restricted,other_pct,6,0.0963602275080918
e3b_restricted,other_pct,12,0.0703398319106807
e3b_restricted,other_pct,24,-0.0023773069203707
e3b_restricted,other_pct,40,0.0
e3b_restricted,direct_pct,0,0.0003447089389479
e3b_restricted,direct_pct,1,0.000202223742399
e3b_restricted,direct_pct,3,-0.0006336125314
e3b_restricted,direct_pct,6,0.001040864674043
e3b_restricted,direct_pct,12,0.0017061679272399
e3b_restricted,direct_pct,24,-0.0003902206324747
e3b_restricted,direct_pct,40,0.0
e4_restricted,log_rgdp,0,0.0002084223526709
e4_restricted,log_rgdp,1,-0.0026407853788472
e4_restricted,log_rgdp,3,-0.0040876696316507
e4_restricted,log_rgdp,6,-0.0039334654153081
e4_restricted,log_rgdp,12,-0.0031169287708975
e4_restricted,log_rgdp,24,-0.0018513637273465
e4_restricted,log_rgdp,40,-0.0009079649109979
e4_restricted,log_wui,0,0.0336315799404861
e4_restricted,log_wui,1,-0.0098837565762557
e4_restricted,log_wui,3,-0.0240414708696015
e4_restricted,log_wui,6,-0.0005717191117621
e4_restricted,log_wui,12,0.0114956070378105
e4_restricted,log_wui,24,0.0071425231422727
e4_restricted,log_wui,40,0.0026123129770896
e4_restricted,log_reer,0,0.0068578604648637
e4_restricted,log_reer,1,0.0123014968273392
e4_restricted,log_reer,3,0.0152461627962828
e4_restricted,log_reer,6,0.014278997078291
e4_restricted,log_reer,12,0.0111773395220913
e4_restricted,log_reer,24,0.0071322514177954
e4_restricted,log_reer,40,0.004256256219835
e4_restricted,spread,0,0.0321125351677219
e4_restricted,spread,1,0.0866141338057814
e4_restricted,spread,3,0.1048238241864283
e4_restricted,spread,6,0.0893461152779238
e4_restricted,spread,12,0.0567951271238327
e4_restricted,spread,24,0.0214569603896854
e4_restricted,spread,40,0.0031261615830978
e4_restricted,log_nikkei,0,-0.0266372854069786
e4_restricted,log_nikkei,1,-0.0272815949871649
e4_restricted,log_nikkei,3,-0.026049605434581
e4_restricted,log_nikkei,6,-0.021024759013443
e4_restricted,log_nikkei,12,-0.0127654206093721
e4_restricted,log_nikkei,24,-0.0034961727621818
e4_restricted,log_nikkei,40,0.0015623641822934
e4_restricted,debtsec_pct,0,0.0136731652851508
e4_restricted,debtsec_pct,1,-0.3347038539848548
e4_restricted,debtsec_pct,3,-0.0297235553715229
e4_restricted,debtsec_pct,6,0.0019720938759862
e4_restricted,debtsec_pct,12,-0.0019285102215348
e4_restricted,debtsec_pct,24,-0.001386505410083
e4_restricted,debtsec_pct,40,0.000529243872347
e4_restricted,equity_pct,0,-0.1887811440561827
e4_restricted,equity_pct,1,-0.1896813050151079
e4_restricted,equity_pct,3,-0.0417293490851482
e4_restricted,equity_pct,6,-0.0048597570227351
e4_restricted,equity_pct,12,-0.0009727437056237
e4_restricted,equity_pct,24,-0.001580736707435
e4_restricted,equity_pct,40,-0.0012525854226786
e4_restricted,other_pct,0,1.074532744505937
e4_restricted,other_pct,1,0.1757633981886341
e4_restricted,other_pct,3,-0.0975246168351212
e4_restricted,other_pct,6,-0.1181258134215683
e4_restricted,other_pct,12,-0.085671154622237
e4_restricted,other_pct,24,-0.049367225022765
e4_restricted,other_pct,40,-0.0262518288152719
e4_restricted,direct_pct,0,-0.009515383500376
e4_restricted,direct_pct,1,7.065583638070224e-05
e4_restricted,direct_pct,3,0.0078970189779989
e4_restricted,direct_pct,6,0.0064862710027431
e4_restricted,direct_pct,12,0.0053977408050343
e4_restricted,direct_pct,24,0.0039529010437859
e4_restricted,direct_pct,40,0.0025622907392183
e4_unrestricted,log_rgdp,0,0.0002129345388464
e4_unrestricted,log_rgdp,1,-0.0026193635169505
e4_unrestricted,log_rgdp,3,-0.0040238008925852
e4_unrestricted,log_rgdp,6,-0.0034459425120147
e4_unrestricted,log_rgdp,12,-0.0023209301812513
e4_unrestricted,log_rgdp,24,-0.0012119381860421
e4_unrestricted,log_rgdp,40,-0.0005596669825455
e4_unrestricted,log_wui,0,0.0343596781886213
e4_unrestricted,log_wui,1,-0.0086693994755921
e4_unrestricted,log_wui,3,-0.0221622581327956
e4_unrestricted,log_wui,6,0.0079905910408581
e4_unrestricted,log_wui,12,0.0196501516323245
e4_unrestricted,log_wui,24,0.0120600420030415
e4_unrestricted,log_wui,40,0.006114246390237
e4_unrestricted,log_reer,0,0.0070063279528419
e4_unrestricted,log_reer,1,0.0123033619351822
e4_unrestricted,log_reer,3,0.0150803556441135
e4_unrestricted,log_reer,6,0.0128362902721537
e4_unrestricted,log_reer,12,0.0087107087215487
e4_unrestricted,log_reer,24,0.0047769571466835
e4_unrestricted,log_reer,40,0.0024215874372712
e4_unrestricted,spread,0,0.0328077472463736
e4_unrestricted,spread,1,0.0858821405405139
e4_unrestricted,spread,3,0.1025966189310488
e4_unrestricted,spread,6,0.0770024034074661
e4_unrestricted,spread,12,0.0416363655013872
e4_unrestricted,spread,24,0.0165047275157579
e4_unrestricted,spread,40,0.0063935459185423
e4_unrestricted,log_nikkei,0,-0.0272139624728222
e4_unrestricted,log_nikkei,1,-0.0278031576310841
e4_unrestricted,log_nikkei,3,-0.0265281214300006
e4_unrestricted,log_nikkei,6,-0.021322960595321
e4_unrestricted,log_nikkei,12,-0.0141253222316775
e4_unrestricted,log_nikkei,24,-0.0072341396580403
e4_unrestricted,log_nikkei,40,-0.0032916328619506
e4_unrestricted,debtsec_pct,0,0.0139691789636099
e4_unrestricted,debtsec_pct,1,-0.3319304789480103
e4_unrestricted,debtsec_pct,3,-0.0168770684587503
e4_unrestricted,debtsec_pct,6,0.0108353504067107
e4_unrestricted,debtsec_pct,12,-0.0034654879088358
e4_unrestricted,debtsec_pct,24,-0.004874227209677
e4_unrestricted,debtsec_pct,40,-0.0027527216991196
e4_unrestricted,equity_pct,0,-0.1928681129262639
e4_unrestricted,equity_pct,1,-0.185931414115977
e4_unrestricted,equity_pct,3,-0.0327253535166038
e4_unrestricted,equity_pct,6,0.009501747584461
e4_unrestricted,equity_pct,12,0.0053640168430108
e4_unrestricted,equity_pct,24,0.0013690395892886
e4_unrestricted,equity_pct,40,0.0005065925039985
e4_unrestricted,other_pct,0,1.0977955650521076
e4_unrestricted,other_pct,1,0.1740434145333652
e4_unrestricted,other_pct,3,-0.1047295413534198
e4_unrestricted,other_pct,6,-0.1065610649802291
e4_unrestricted,other_pct,12,-0.0532050369245136
e4_unrestricted,other_pct,24,-0.0215713815358085
e4_unrestricted,other_pct,40,-0.0088170164719815
e4_unrestricted,direct_pct,0,-0.0097213843504469
e4_unrestricted,direct_pct,1,-0.000394272111017
e4_unrestricted,direct_pct,3,0.0072451606454996
e4_unrestricted,direct_pct,6,0.0042680117956755
e4_unrestricted,direct_pct,12,0.0022037502194164
e4_unrestricted,direct_pct,24,0.0010062762660101
e4_unrestricted,direct_pct,40,0.0003992695479527
