Date,Financial account/Direct investment/Net(Liabilities)
1996-01-01,-78.01475466
1996-02-01,139.95500214
1996-03-01,75.41795547
1996-04-01,-2034.12071795
1996-05-01,705.73894687
1996-06-01,273.92864053
1996-07-01,270.72256057
1996-08-01,160.60965848
1996-09-01,416.13574246
1996-10-01,73.17953921
1996-11-01,-277.34164775
1996-12-01,242.63967057
1997-01-01,-35.96568656
1997-02-01,327.84322728
1997-03-01,297.17353795
1997-04-01,186.3248777
1997-05-01,-139.85178628
1997-06-01,164.67694669
1997-07-01,247.27090523
1997-08-01,433.64134646
1997-09-01,-27.30499302
1997-10-01,238.9140137
1997-11-01,693.21666791
1997-12-01,658.64999812
1998-01-01,109.18070972
1998-02-01,409.83253984
1998-03-01,795.59774876
1998-04-01,358.14165293
1998-05-01,-140.11303075
1998-06-01,384.76247748
1998-07-01,54.29343061
1998-08-01,-87.63993503
1998-09-01,57.73429165
1998-10-01,451.17378564
1998-11-01,610.36766372
1998-12-01,165.42507892
1999-01-01,326.53741031
1999-02-01,553.49480047
1999-03-01,1385.69462018
1999-04-01,411.914898
1999-05-01,8486.07955116
1999-06-01,437.34317597
1999-07-01,717.14895
1999-08-01,1745.99656835
1999-09-01,395.23866273
1999-10-01,780.83153186
1999-11-01,773.96881374
1999-12-01,1164.64542825
2000-01-01,-110.16527158
2000-02-01,1739.01105682
2000-03-01,6676.88655234
2000-04-01,-4726.0829704
2000-05-01,-351.12768246
2000-06-01,-2030.56343361
2000-07-01,4635.67187152
2000-08-01,403.72178111
2000-09-01,808.54026124
2000-10-01,2759.99655258
2000-11-01,1126.25743758
2000-12-01,683.59310732
2001-01-01,1008.18750149
2001-02-01,1306.73872908
2001-03-01,-627.48564742
2001-04-01,-396.61250252
2001-05-01,83.44468733
2001-06-01,962.27463965
2001-07-01,844.97098833
2001-08-01,-1187.46214248
2001-09-01,66.62111008
2001-10-01,3399.04746338
2001-11-01,91.31981356
2001-12-01,459.41594752
2002-01-01,1468.45800519
2002-02-01,1075.82329434
2002-03-01,4181.38194131
2002-04-01,2818.73250279
2002-05-01,-165.80827142
2002-06-01,127.22942153
2002-07-01,1012.69932985
2002-08-01,529.92073286
2002-09-01,2085.61775131
2002-10-01,721.52486152
2002-11-01,2129.86915345
2002-12-01,-1319.58277632
2003-01-01,3777.72447186
2003-02-01,316.19327972
2003-03-01,976.21974933
2003-04-01,1534.6143886
2003-05-01,293.81033296
2003-06-01,-153.77718672
2003-07-01,238.84164597
2003-08-01,495.44327085
2003-09-01,1779.00143685
2003-10-01,90.30432306
2003-11-01,-30.00628637
2003-12-01,977.41562277
2004-01-01,-145.88357442
2004-02-01,-1160.37605097
2004-03-01,3047.00312788
2004-04-01,780.42556306
2004-05-01,903.32064754
2004-06-01,2841.1372963
2004-07-01,1628.25064832
2004-08-01,-43.05530893
2004-09-01,-92.37670501
2004-10-01,444.15819216
2004-11-01,-1014.23796353
2004-12-01,1018.31673116
2005-01-01,395.16949259
2005-02-01,520.94460576
2005-03-01,3834.34631005
2005-04-01,384.9150151
2005-05-01,648.77014458
2005-06-01,529.87512832
2005-07-01,1470.46153558
2005-08-01,720.57217929
2005-09-01,1321.64110043
2005-10-01,-2381.54578837
2005-11-01,-424.96630373
2005-12-01,-1518.4670442
2006-01-01,915.53378879
2006-02-01,1169.16259172
2006-03-01,3668.24971148
2006-04-01,-16961.04746065
2006-05-01,521.40433334
2006-06-01,898.46135314
2006-07-01,1538.4174622
2006-08-01,1916.59532852
2006-09-01,1974.27583126
2006-10-01,-15.47800583
2006-11-01,719.46289046
2006-12-01,1169.20085929
2007-01-01,3242.14331701
2007-02-01,4459.57207239
2007-03-01,2284.51661382
2007-04-01,-879.16347127
2007-05-01,8736.90870315
2007-06-01,4300.00121463
2007-07-01,1578.41660459
2007-08-01,788.27811492
2007-09-01,2240.3416503
2007-10-01,1052.51376604
2007-11-01,-999.83449064
2007-12-01,-856.85834793
2008-01-01,6809.9056092
2008-02-01,2028.97654107
2008-03-01,2488.08100713
2008-04-01,526.6534872
2008-05-01,1188.32162373
2008-06-01,3967.88804179
2008-07-01,-986.09282008
2008-08-01,1148.02566191
2008-09-01,1713.52339822
2008-10-01,-586.08868159
2008-11-01,704.38709788
2008-12-01,6299.74547816
2009-01-01,389.91402223
2009-02-01,-499.49963194
2009-03-01,3477.45656343
2009-04-01,312.82027563
2009-05-01,837.3570479
2009-06-01,935.44437518
2009-07-01,2713.85247702
2009-08-01,322.00836091
2009-09-01,1850.50306163
2009-10-01,-336.6259094
2009-11-01,84.87773866
2009-12-01,1389.57514876
2010-01-01,5328.91360663
2010-02-01,-5884.51905496
2010-03-01,3668.53849622
2010-04-01,1618.8680451
2010-05-01,-1622.89239426
2010-06-01,1288.14875864
2010-07-01,3883.0963299
2010-08-01,-2080.70047466
2010-09-01,354.20595065
2010-10-01,1740.79325766
2010-11-01,-167.07081365
2010-12-01,-1491.35735405
2011-01-01,983.74334179
2011-02-01,-2922.23761646
2011-03-01,368.03784739
2011-04-01,751.31626745
2011-05-01,207.81820679
2011-06-01,198.32689369
2011-07-01,-206.92700004
2011-08-01,-35.40572389
2011-09-01,-124.95577784
2011-10-01,-1557.0626714
2011-11-01,1148.49525678
2011-12-01,495.89751426
2012-01-01,-1309.91888742
2012-02-01,682.2516284
2012-03-01,865.43547616
2012-04-01,-439.66382669
2012-05-01,-1031.70198807
2012-06-01,-2110.57575284
2012-07-01,924.5444279
2012-08-01,618.85584563
2012-09-01,760.58714388
2012-10-01,-1017.83520384
2012-11-01,91.7125922
2012-12-01,2372.80868147
2013-01-01,200.33704627
2013-02-01,-465.86663527
2013-03-01,1172.41736423
2013-04-01,201.91764369
2013-05-01,1215.78481247
2013-06-01,1745.66359306
2013-07-01,1181.52340576
2013-08-01,1091.64380881
2013-09-01,1542.01072138
2013-10-01,-345.29664437
2013-11-01,1656.39917767
2013-12-01,1304.51507151
2014-01-01,2527.65143332
2014-02-01,-899.99505486
2014-03-01,5381.74368894
2014-04-01,-170.04604723
2014-05-01,1636.27262929
2014-06-01,3665.90930027
2014-07-01,-40.1426674
2014-08-01,1163.01539244
2014-09-01,3513.26596309
2014-10-01,-839.57809249
2014-11-01,607.81137312
2014-12-01,4199.36109006
2015-01-01,-591.40583218
2015-02-01,1491.40839855
2015-03-01,3119.40728293
2015-04-01,-85.12325524
2015-05-01,1836.33736837
2015-06-01,-1133.01761002
2015-07-01,-3749.73288193
2015-08-01,618.55492538
2015-09-01,-1367.77407286
2015-10-01,1304.04705575
2015-11-01,2308.33028659
2015-12-01,2520.63607256
2016-01-01,207.62812598
2016-02-01,3128.78322977
2016-03-01,10292.73150286
2016-04-01,-834.9294507
2016-05-01,4067.72950325
2016-06-01,12785.10476271
2016-07-01,18551.79287769
2016-08-01,-12697.03398795
2016-09-01,16.54617644
2016-10-01,737.48839561
2016-11-01,6336.53022734
2016-12-01,2322.18364707
2017-01-01,46.86285428
2017-02-01,2276.02381138
2017-03-01,2708.68718888
2017-04-01,4130.03195944
2017-05-01,1743.64270211
2017-06-01,394.45965799
2017-07-01,440.29979909
2017-08-01,2152.29825986
2017-09-01,-1561.27608547
2017-10-01,1122.00580598
2017-11-01,1536.92229464
2017-12-01,6154.00550053
2018-01-01,-2821.00747685
2018-02-01,1257.77888096
2018-03-01,5473.24250454
2018-04-01,-1149.43782223
2018-05-01,7824.42315532
2018-06-01,2666.96798379
2018-07-01,3565.57092271
2018-08-01,-81.65141681
2018-09-01,4942.45439152
2018-10-01,798.85665709
2018-11-01,4702.5813887
2018-12-01,768.92498746
2019-01-01,1688.51483046
2019-02-01,2585.10323789
2019-03-01,12712.15081828
2019-04-01,3155.63640863
2019-05-01,3960.86487142
2019-06-01,372.02889089
2019-07-01,2449.34123291
2019-08-01,2278.03464503
2019-09-01,1599.21557021
2019-10-01,-1605.29117943
2019-11-01,3141.7229356
2019-12-01,11321.81707255
2020-01-01,-5210.08653649
2020-02-01,748.60748719
2020-03-01,4903.24528149
2020-04-01,-1533.52615271
2020-05-01,2917.51345831
2020-06-01,48803.36104266
2020-07-01,249.11053925
2020-08-01,3416.3570549
2020-09-01,6220.45459616
2020-10-01,-1559.40736427
2020-11-01,3067.37995194
2020-12-01,4991.90697871
2021-01-01,11175.10908932
2021-02-01,1348.47592778
2021-03-01,5924.37126029
2021-04-01,-9928.29924089
2021-05-01,788.68700299
2021-06-01,7745.87196986
2021-07-01,-493.25101913
2021-08-01,4025.84264696
2021-09-01,7766.99173451
2021-10-01,2793.35695116
2021-11-01,4074.06130185
2021-12-01,2919.24582129
2022-01-01,6215.13715416
2022-02-01,4025.93463871
2022-03-01,8200.75167333
2022-04-01,4046.73255944
2022-05-01,5222.29263185
2022-06-01,-1085.62444839
2022-07-01,5370.00063742
2022-08-01,3765.21595642
2022-09-01,7211.14536771
2022-10-01,2987.54910889
2022-11-01,4132.56108284
2022-12-01,12951.36350849
2023-01-01,-6458.9332173
2023-02-01,-177.64885934
2023-03-01,10630.91504251
2023-04-01,-9357.85305119
2023-05-01,1310.5105802
2023-06-01,6824.91094281
2023-07-01,-1973.00694225
2023-08-01,-1000.56328681
2023-09-01,16673.25858986
2023-10-01,-1418.00620949
2023-11-01,5748.63593155
2023-12-01,8095.70187351
2024-01-01,-19753.70932488
2024-02-01,-1721.51848287
2024-03-01,16280.87717517
2024-04-01,2870.46697596
2024-05-01,1347.11212501
2024-06-01,10090.5415853
2024-07-01,-1544.63561725
2024-08-01,-7769.52917288
2024-09-01,16175.36414811
2024-10-01,-4176.43032305
2024-11-01,5677.6682353
2024-12-01,11550.65953838
2025-01-01,41.65235429
2025-02-01,-118.16833048
2025-03-01,11972.41428527
2025-04-01,-2135.60022158
2025-05-01,4899.72360603
2025-06-01,12125.3051128
2025-07-01,4051.32305687
2025-08-01,-164.14919665
2025-09-01,2833.27907458
2025-10-01,-2510.28045617
2025-11-01,7574.6682651
2025-12-01,30600.36365651
2026-01-01,4491.54784741
2026-02-01,7236.29292805
2026-03-01,21760.75820461
2026-04-01,263.9669902
2026-05-01,509.94280145
