財務省　国際収支状況,,,,,,,,,,,,,,,,,,,
Ⅰ.国際収支総括表,,,,,,,,,,,,,,,,,,,
   (データ期間：平成8年～）,,,,,,,,,,,,,,,,,,,
6s-1-4 月次,,,,,,,,,,,,,,,,,,,
  （単位　億円）,,,,,,,,,,,,,,,,,,,
,,,,,,,,,,,,,,,,,,,
Japan's Balance of Payments ,,,,,,,,,,,,,,,,,,,
Historical Data,,,,,,,,,,,,,,,,,,,
Ⅰ. Summary of balance of payments,,,,,,,,,,,,,,,,,,,
　　Not seasonally adjusted,,,,,,,,,,,,,,,,,,,
   (January 1996 - present),,,,,,,,,,,,,,,,,,,
6s-1-4 Monthly figures,,,,,,,,,,,,,,,,,,,
  （100　million Yen),,,,,,,,,,,,,,,,,,,
,,,,,,,,,,,,,,,,,,,
（備考）  　 ①（P)は速報値を示す。また、合計は四捨五入により合わないことがある。,,,,,,,,,,,,,,,,,,,
　 　　　　 　② 金融収支のプラス（＋）は純資産の増加、マイナス（－）は純資産の減少を示す。,,,,,,,,,,,,,,,,,,,
　 　　　　 　③ 平成25年以前の計数は、国際収支マニュアル第5版準拠統計を第6版の基準により組み替えたもの。,,,,,,,,,,,,,,,,,,,
　 　　　　 　④ 令和8年4月8日付で、令和5年1月から令和7年9月までの計数について一部改訂を行っている。,,,,,,,,,,,,,,,,,,,
（NOTES)  ① (P) shows preliminary figures. Totals may not add due to rounding.,,,,,,,,,,,,,,,,,,,
"　　 　 　　　② Positive figures (+) show increase in net assets, negative figures (-) show decrease in net assets in ""Financial account"". ",,,,,,,,,,,,,,,,,,,
"　　 　 　　　③ Until 2013, figures based on BPM5 are rearranged in accordance with BPM6.",,,,,,,,,,,,,,,,,,,
"　 　　　　 　④ Certain figures from January 2023 up to September 2025 are revised as of April 8, 2026.",,,,,,,,,,,,,,,,,,,
,,,,,,,,,,,,,,,,,,,
,,,,経常収支 (a+b+c),,,,,,,,資本移転等収支,金融収支 ,,,,,,誤差脱漏
,,,,Current account (a+b+c),,,,,,,,Capital account,Financial account ,,,,,,Net errors & omissions
,,,,,(a)貿易・サービス収支,,,,,(b)第一次所得収支,(c)第二次所得収支,,,直接投資,証券投資,金融派生商品,その他投資,外貨準備,
,,,,,(a)Goods & services,,,,,(b)Primary income,(c)Secondary income,,,Direct investment,Portfolio investment,Financial derivatives(other than reserves),Other investment,Reserve assets,
,,,,,,貿易収支,,,サービス収支,,,,,,,,,,
,,,,,,Goods,輸出,輸入,Services,,,,,,,,,,
,,,,,,,Exports,Imports,,,,,,,,,,,
,,,,,,,,,,,,,,,,,,,
平成8年,1月,1996,Jan,342,"-3,099","2,647","29,260","26,613","-5,746","4,133",-692,-323,"-3,784","1,751","4,092",-317,"-10,422","1,112","-3,803"
,2月,,Feb,"8,609","3,814","8,521","35,089","26,568","-4,707","5,891","-1,096",-173,"5,603","3,869","13,162",672,"-29,782","17,682","-2,834"
,3月,,Mar,"13,154","8,433","13,175","39,813","26,638","-4,742","6,018","-1,297","-1,184","10,618","2,218","1,828",865,"1,301","4,406","-1,352"
,4月,,Apr,"6,176",-325,"5,276","35,076","29,799","-5,601","7,174",-674,-507,-884,"4,799","-24,643",373,"15,760","2,827","-6,553"
,5月,,May,"4,080","-1,041","4,061","32,685","28,625","-5,102","5,903",-782,89,"8,152","1,892","4,194",149,-833,"2,749","3,983"
,6月,,Jun,"6,361","3,432","9,006","35,080","26,073","-5,574","3,608",-679,-223,"8,781","2,450","-11,119",75,"15,402","1,973","2,643"
,7月,,Jul,"5,450",909,"6,821","36,608","29,787","-5,912","5,276",-735,-314,"6,061","2,409","1,349",358,733,"1,211",925
,8月,,Aug,"4,778",50,"5,445","33,142","27,697","-5,395","5,462",-734,-266,"3,803","2,320","10,048",979,"-11,690","2,147",-709
,9月,,Sep,"7,049","3,452","9,950","37,253","27,302","-6,498","4,279",-683,-225,"4,872","1,337","26,179",340,"-24,931","1,947","-1,952"
,10月,,Oct,"3,758",-107,"6,795","38,056","31,261","-6,902","4,597",-732,-271,"8,965","1,008",-788,966,"6,699","1,081","5,477"
,11月,,Nov,"7,146","3,059","8,470","38,024","29,554","-5,411","4,804",-717,-189,"11,635","1,876","14,733","1,935","-8,191","1,282","4,677"
,12月,,Dec,"8,041","4,597","10,177","40,067","29,890","-5,581","4,398",-954,48,"8,902","2,718","-1,951","1,617","5,512","1,007",814
平成9年,1月,1997,Jan,"1,307","-2,941","2,464","34,336","31,872","-5,405","5,102",-855,-355,"8,938","2,565","9,712",796,"-5,314","1,180","7,987"
,2月,,Feb,"8,950","3,384","8,703","38,501","29,797","-5,319","6,593","-1,027",-719,"8,182","1,060","5,203",818,"-1,159","2,258",-49
,3月,,Mar,"10,613","4,739","10,432","43,690","33,258","-5,693","7,849","-1,975","-1,216","21,138","1,248","24,585","1,126","-6,922","1,101","11,741"
,4月,,Apr,"10,847","3,956","10,107","42,600","32,493","-6,151","7,618",-727,-415,"11,232","3,056","-10,325",525,"16,271","1,705",800
,5月,,May,"8,894","3,828","9,139","39,263","30,125","-5,311","5,898",-831,-134,"9,868","2,224",-320,-897,"7,266","1,596","1,108"
,6月,,Jun,"9,801","6,119","10,746","39,404","28,658","-4,627","4,529",-848,-231,"6,651","3,183","6,399",527,"-4,633","1,176","-2,919"
,7月,,Jul,"8,822","4,632","10,458","40,915","30,457","-5,826","4,769",-579,-426,"11,512","2,477","-13,049",-129,"20,784","1,428","3,117"
,8月,,Aug,"8,074","3,071","9,247","37,641","28,394","-6,176","5,623",-620,-217,"5,674","2,097","9,690",117,"-7,730","1,500","-2,183"
,9月,,Sep,"11,437","7,062","12,877","42,546","29,669","-5,815","4,929",-554,-645,"22,599","2,760","4,279","1,058","13,093","1,409","11,807"
,10月,,Oct,"10,830","6,408","12,969","44,485","31,516","-6,561","5,462","-1,040",-189,"12,108","2,017","10,491","2,977","-5,633","2,256","1,467"
,11月,,Nov,"13,055","8,730","12,498","40,426","27,928","-3,769","4,914",-589,-131,"11,150","1,146","-26,555",-385,"35,850","1,093","-1,775"
,12月,,Dec,"13,070","8,692","14,070","44,994","30,924","-5,377","5,446","-1,069",-201,"23,412","2,076","-61,513",632,"91,259","-9,042","10,544"
平成10年,1月,1998,Jan,"4,661",204,"5,720","36,964","31,243","-5,517","5,321",-864,-870,"9,166","2,126","5,016",-86,597,"1,513","5,375"
,2月,,Feb,"16,657","10,625","14,739","39,329","24,591","-4,114","6,663",-630,"-1,808","11,055","2,097","23,470",858,"-17,123","1,752","-3,794"
,3月,,Mar,"15,484","9,442","14,351","43,944","29,593","-4,909","8,034","-1,993","-3,855","19,563","4,780","7,358","1,570","4,625","1,230","7,934"
,4月,,Apr,"11,193","6,543","13,700","41,576","27,877","-7,157","5,431",-781,-105,"12,492","2,201","17,528",-140,"17,390","-24,487","1,404"
,5月,,May,"13,445","9,122","14,117","38,648","24,531","-4,995","4,934",-611,-165,"18,394","2,017","9,277","1,817","3,602","1,681","5,114"
,6月,,Jun,"12,632","8,789","13,469","41,135","27,666","-4,680","4,790",-947,-853,"21,137","1,717","-9,028",853,"28,756","-1,161","9,358"
,7月,,Jul,"12,940","8,876","14,895","43,476","28,582","-6,018","4,923",-860,-371,"3,604","2,536","12,602",205,"-13,538","1,799","-8,965"
,8月,,Aug,"11,438","5,654","11,228","37,997","26,769","-5,574","6,531",-748,-716,"9,585","1,570","7,351",372,"-1,561","1,854","-1,136"
,9月,,Sep,"16,040","11,099","17,201","43,699","26,499","-6,102","5,898",-957,"-8,916","8,150","-3,102","26,320","-1,733","-14,906","1,571","1,026"
,10月,,Oct,"10,730","7,990","15,242","41,650","26,408","-7,252","3,871","-1,131",-461,"6,864","1,770","-22,251","-3,174","28,944","1,575","-3,406"
,11月,,Nov,"10,646","6,170","10,539","35,215","24,676","-4,369","5,274",-798,-784,"17,137",328,"-17,357","-1,935","34,047","2,054","7,274"
,12月,,Dec,"14,115","10,784","15,581","39,263","23,682","-4,797","4,475","-1,144",-409,-920,"4,101","-2,296",358,"-3,716",633,"-14,626"
平成11年,1月,1999,Jan,"7,293","4,119","9,394","32,968","23,575","-5,275","3,997",-823,-576,"15,481","1,347","1,090",367,"4,362","8,315","8,765"
,2月,,Feb,"10,659","6,127","10,981","34,262","23,280","-4,854","5,226",-694,"-1,004","17,398",183,"8,063","1,071","7,650",432,"7,743"
,3月,,Mar,"12,364","10,356","14,618","40,931","26,313","-4,263","7,104","-5,095","-6,727","6,065",235,"9,792","2,494","-8,580","2,125",428
,4月,,Apr,"9,085","5,455","11,808","38,423","26,615","-6,353","4,349",-718,-232,"3,572",934,"-23,253",884,"23,611","1,397","-5,280"
,5月,,May,"10,555","4,972","9,549","33,898","24,349","-4,577","6,203",-620,"-3,743","8,737",-889,"-5,298",805,"12,840","1,279","1,925"
,6月,,Jun,"13,804","8,816","13,081","38,836","25,755","-4,265","5,781",-793,-123,"16,470","1,743","14,007",-677,"-26,483","27,880","2,789"
,7月,,Jul,"13,366","8,344","13,914","40,110","26,195","-5,570","5,864",-842,-495,"8,161","1,056","-24,942",-147,"16,757","15,437","-4,710"
,8月,,Aug,"8,062","2,178","8,662","35,540","26,879","-6,484","6,684",-799,-585,"16,231","1,535","5,036",-461,"8,872","1,249","8,753"
,9月,,Sep,"13,272","9,710","15,436","40,872","25,436","-5,726","4,539",-977,"-4,704","4,883",772,"36,371",781,"-44,292","11,250","-3,685"
,10月,,Oct,"10,730","7,027","13,273","39,297","26,024","-6,246","4,593",-890,-238,"12,650",874,"-18,089","-2,699","31,566",998,"2,159"
,11月,,Nov,"9,137","3,997","8,077","36,962","28,884","-4,080","5,861",-721,-234,"15,404","1,049","3,737","-1,048","10,688",979,"6,501"
,12月,,Dec,"11,407","7,550","12,577","40,448","27,871","-5,027","4,752",-895,-426,"5,777","1,766","23,506","1,936","-38,054","16,623","-5,204"
平成12年,1月,2000,Jan,"7,115","2,451","6,621","33,370","26,749","-4,171","5,469",-804,-803,"14,554","1,968","-43,318",205,"48,779","6,920","8,242"
,2月,,Feb,"15,578","9,486","12,957","39,109","26,152","-3,471","6,758",-665,-625,"19,674",407,-12,498,"16,965","1,817","4,721"
,3月,,Mar,"13,939","8,510","12,937","44,911","31,974","-4,427","7,539","-2,109","-3,458","9,590","-2,116","16,942",706,"-18,025","12,083",-891
,4月,,Apr,"13,854","7,682","13,086","41,664","28,578","-5,405","7,118",-945,-304,"19,759","7,214","-16,293",-821,"14,899","14,759","6,209"
,5月,,May,"10,257","3,149","7,259","36,639","29,381","-4,110","7,774",-665,-222,"22,223","3,535","22,954",611,"-7,053","2,176","12,188"
,6月,,Jun,"14,190","9,715","13,196","42,541","29,345","-3,481","4,763",-288,-467,"9,186","4,504","38,310",327,"-35,248","1,293","-4,537"
,7月,,Jul,"12,667","7,116","11,690","40,969","29,279","-4,574","6,249",-698,-149,"10,020","2,396","2,418",-283,"4,004","1,484","-2,498"
,8月,,Aug,"11,828","3,446","7,988","39,748","31,760","-4,542","9,113",-731,-289,"7,986","2,050","-1,496",724,"4,805","1,904","-3,554"
,9月,,Sep,"14,280","10,113","14,831","44,319","29,488","-4,718","5,182","-1,015","-2,680","7,709","12,078","16,492",-422,"-24,331","3,892","-3,891"
,10月,,Oct,"8,077","3,092","8,753","42,185","33,432","-5,660","5,740",-755,-196,"11,207",669,"-2,068",396,"10,332","1,879","3,325"
,11月,,Nov,"10,164","3,980","7,846","40,342","32,496","-3,866","6,951",-766,-285,"10,701","1,062","5,178","2,155","-1,191","3,497",821
,12月,,Dec,"8,664","5,559","9,820","43,838","34,018","-4,261","4,258","-1,154",-469,"6,148","3,134",-638,994,"1,752",905,"-2,047"
平成13年,1月,2001,Jan,"2,722","-4,276",989,"34,322","33,333","-5,266","7,569",-570,-170,"10,291","11,526","-9,519",233,"5,856","2,195","7,739"
,2月,,Feb,"14,114","6,648","10,485","39,517","29,031","-3,838","7,853",-387,-187,"8,450","1,176","-11,137","1,610","16,062",739,"-5,476"
,3月,,Mar,"14,984","7,349","11,284","46,237","34,953","-3,934","9,033","-1,399","-1,099","9,252","4,918","20,171","2,646","-18,103",-380,"-4,633"
,4月,,Apr,"8,813","2,014","8,880","40,745","31,864","-6,866","7,492",-693,-149,"14,558","3,086","-19,973",973,"28,437","2,035","5,895"
,5月,,May,"4,932","-1,832","2,786","35,766","32,980","-4,618","7,661",-897,-290,"14,061","1,291",79,"1,226","9,063","2,403","9,419"
,6月,,Jun,"7,853","4,766","9,211","38,825","29,614","-4,445","4,012",-925,-199,"10,630",-996,"6,591",-42,"4,197",880,"2,976"
,7月,,Jul,"7,150",992,"5,900","37,771","31,871","-4,908","6,914",-755,-278,"11,772","2,686","8,624","-1,190",-599,"2,251","4,899"
,8月,,Aug,"7,215",-398,"5,237","36,076","30,839","-5,636","8,564",-951,-110,"-4,933","2,878","14,014",-612,"-23,686","2,473","-12,037"
,9月,,Sep,"11,751","7,350","12,275","39,295","27,020","-4,925","5,096",-695,-360,"14,415","3,594","45,928","-4,649","-55,836","25,377","3,024"
,10月,,Oct,"6,780","1,348","6,551","38,377","31,825","-5,203","6,217",-785,-149,-294,246,"7,410","-1,239","-16,293","9,581","-6,926"
,11月,,Nov,"9,919","3,846","6,714","36,499","29,785","-2,868","6,726",-653,-193,"12,214","2,941",-945,-67,"8,428","1,857","2,488"
,12月,,Dec,"8,291","4,313","8,155","36,937","28,782","-3,842","4,871",-894,-278,"5,213","3,656","-4,951",-742,"7,297",-47,"-2,800"
平成14年,1月,2002,Jan,"6,245",-824,"3,725","33,334","29,610","-4,549","6,908",161,-292,"20,337","5,022","-2,278","1,080","14,616","1,897","14,384"
,2月,,Feb,"13,721","5,982","9,452","37,886","28,434","-3,470","8,372",-633,-321,"11,988","2,704","57,991","1,062","-52,147","2,378","-1,412"
,3月,,Mar,"21,328","11,010","14,670","44,961","30,291","-3,661","8,793","1,525","-1,317","17,190",-925,"3,587","1,613","12,181",734,"-2,821"
,4月,,Apr,"10,157","4,643","10,320","41,333","31,013","-5,677","5,990",-476,-132,"9,442",455,"-12,560",-165,"20,666","1,047",-583
,5月,,May,"9,714","3,244","7,846","38,922","31,076","-4,602","7,468",-997,-409,"13,995","2,442","3,140",-264,"-4,233","12,909","4,690"
,6月,,Jun,"13,827","9,856","13,755","41,508","27,754","-3,899","4,516",-545,-309,"8,012","2,239",-608,590,"-19,038","24,828","-5,507"
,7月,,Jul,"10,951","4,388","9,216","41,121","31,905","-4,828","7,705","-1,141",-186,"10,239",973,"28,594","-2,392","-24,003","7,067",-527
,8月,,Aug,"10,277","3,950","8,268","37,918","29,651","-4,318","7,146",-819,-116,"6,805","1,487","8,034","-1,135","-3,335","1,755","-3,356"
,9月,,Sep,"11,593","6,693","12,382","41,906","29,523","-5,689","5,528",-628,-720,"7,829",759,"49,356","-1,118","-42,593","1,425","-3,044"
,10月,,Oct,"9,125","4,584","10,984","43,700","32,716","-6,400","5,341",-800,-120,"13,008","1,457","-7,240",-1,"17,585","1,206","4,002"
,11月,,Nov,"11,234","6,697","10,744","43,586","32,842","-4,047","5,294",-757,-158,"7,157","1,504","12,227",-534,"-7,488","1,448","-3,918"
,12月,,Dec,"8,664","4,468","9,848","42,853","33,004","-5,380","5,044",-848,-136,"7,966","6,213","-8,757","-1,367","10,600","1,276",-561
平成15年,1月,2003,Jan,"4,666","-1,739","3,157","36,273","33,116","-4,896","6,999",-594,-138,"11,949","-1,614","5,785",-294,-485,"8,558","7,421"
,2月,,Feb,"14,926","7,730","11,016","40,737","29,721","-3,286","7,982",-786,-244,"12,196","1,094","16,906",-389,"-12,717","7,303","-2,486"
,3月,,Mar,"16,314","9,094","11,706","45,427","33,722","-2,611","8,770","-1,550",-961,"17,828","4,202","51,247",-996,"-49,791","13,166","2,475"
,4月,,Apr,"13,052","6,417","10,210","43,546","33,336","-3,793","7,207",-572,"-1,647","-4,423","1,298","-26,085",-613,"19,643","1,334","-15,828"
,5月,,May,"13,993","6,735","8,356","40,446","32,089","-1,621","7,833",-575,-140,"14,428","1,912","38,625",-730,"-66,868","41,488",575
,6月,,Jun,"11,078","7,695","9,892","41,544","31,652","-2,196","3,907",-525,-273,"3,690","4,114","30,495",162,"-37,900","6,819","-7,116"
,7月,,Jul,"15,049","7,078","9,928","43,452","33,524","-2,850","8,956",-986,-114,"15,672","6,414","-31,232",140,"18,352","21,998",738
,8月,,Aug,"14,492","6,288","9,816","40,494","30,677","-3,528","8,609",-405,-91,"7,649","1,165","-4,878",201,"9,312","1,849","-6,752"
,9月,,Sep,"16,549","9,344","13,173","45,845","32,671","-3,829","7,671",-465,-347,"21,782","2,812","56,680","2,816","-85,292","44,766","5,580"
,10月,,Oct,"13,056","7,324","12,780","46,127","33,347","-5,455","6,262",-531,-110,"19,130","2,411","-40,733","-1,673","31,236","27,889","6,184"
,11月,,Nov,"15,518","8,820","11,658","42,813","31,155","-2,838","7,258",-560,-140,"11,059","2,517","14,917","-2,449","-21,451","17,524","-4,319"
,12月,,Dec,"12,562","8,766","12,940","46,589","33,650","-4,173","4,944","-1,149",-467,"5,900","3,320","3,004","-2,250","-20,766","22,592","-6,195"
平成16年,1月,2004,Jan,"11,535","3,110","6,921","40,388","33,467","-3,810","8,479",-54,-203,"16,514","1,509","-48,637",-159,"-8,684","72,486","5,182"
,2月,,Feb,"22,252","13,170","15,670","45,043","29,374","-2,500","9,434",-352,-761,"15,389","3,503","-19,112",-161,"-5,041","36,200","-6,101"
,3月,,Mar,"19,169","11,305","13,711","51,299","37,588","-2,406","9,893","-2,028","-1,304","10,338",550,"61,619","1,757","-101,411","47,823","-7,528"
,4月,,Apr,"16,532","7,575","12,913","48,369","35,456","-5,338","9,561",-604,-137,"25,108","4,680","-56,563",-798,"75,580","2,209","8,713"
,5月,,May,"18,176","8,752","11,434","44,544","33,110","-2,681","9,910",-486,-11,"16,495","2,195","11,113",586,247,"2,354","-1,670"
,6月,,Jun,"13,747","9,789","13,221","49,829","36,608","-3,431","4,581",-623,-167,"4,702","1,576","35,910",608,"-34,179",787,"-8,878"
,7月,,Jul,"17,298","9,253","13,536","49,996","36,460","-4,282","8,905",-860,-124,"14,795","3,078","-29,163",-857,"40,243","1,495","-2,380"
,8月,,Aug,"15,356","5,302","8,022","45,227","37,205","-2,720","10,624",-570,-92,"22,710","3,587",918,-695,"15,788","3,113","7,446"
,9月,,Sep,"18,362","10,586","14,687","51,417","36,730","-4,101","8,508",-732,-474,"10,674","3,946","63,974",-473,"-57,892","1,120","-7,214"
,10月,,Oct,"14,305","8,281","13,764","51,641","37,877","-5,483","6,830",-806,-275,"8,067","1,886","-45,225","-1,483","51,799","1,090","-5,963"
,11月,,Nov,"13,233","4,882","7,449","48,689","41,240","-2,566","9,246",-895,-316,"17,276","4,500","21,994",-662,"-11,541","2,985","4,359"
,12月,,Dec,"16,974","9,955","12,910","50,595","37,686","-2,955","7,519",-500,"-1,269","-1,141","4,779","-20,229",-252,"13,548","1,013","-16,846"
平成17年,1月,2005,Jan,"8,294",-178,"4,494","42,437","37,943","-4,672","9,205",-732,-396,"10,590","2,969","-30,162",45,"35,773","1,966","2,691"
,2月,,Feb,"21,533","10,879","13,176","46,410","33,234","-2,297","11,026",-372,-140,"21,570","3,153","-6,550",-513,"22,583","2,897",177
,3月,,Mar,"18,531","10,548","13,035","55,404","42,369","-2,487","10,773","-2,790",-685,"18,783","1,470","55,601",5,"-39,047",755,937
,4月,,Apr,"16,631","7,396","12,325","52,695","40,370","-4,928","10,356","-1,122",-66,"8,816","3,899","-43,379","-1,523","48,197","1,622","-7,749"
,5月,,May,"14,509","3,192","5,322","46,067","40,745","-2,130","11,881",-563,-484,"11,424","2,564","10,165",-520,"-4,179","3,395","-2,601"
,6月,,Jun,"11,370","7,592","10,774","52,497","41,722","-3,182","4,212",-435,-161,"12,334","3,400","10,189","-1,865",-421,"1,031","1,124"
,7月,,Jul,"17,320","7,384","11,361","53,151","41,791","-3,976","10,329",-393,-97,"19,908","2,974","4,814",-978,"11,715","1,382","2,685"
,8月,,Aug,"12,503",356,"3,763","50,104","46,342","-3,407","12,813",-666,-133,"8,925","5,888","4,194",-811,"-4,048","3,702","-3,444"
,9月,,Sep,"18,651","8,541","12,591","56,868","44,278","-4,050","10,298",-188,-149,"12,050","3,895","76,655","2,544","-72,730","1,686","-6,453"
,10月,,Oct,"14,523","6,556","10,754","56,720","45,967","-4,197","8,778",-811,-141,"10,232","6,008","-47,441",883,"48,591","2,192","-4,150"
,11月,,Nov,"14,580","5,698","8,309","56,603","48,294","-2,610","9,416",-535,-43,"13,710","5,232","-43,157","3,699","44,188","3,749",-827
,12月,,Dec,"18,832","8,965","11,810","61,140","49,330","-2,845","9,416",451,"-2,996","15,103","10,252","19,772","7,058","-22,166",186,-733
平成18年,1月,2006,Jan,"7,855","-2,976",-616,"48,212","48,828","-2,359","11,500",-669,-394,"17,019","2,806","-45,629",816,"56,736","2,290","9,558"
,2月,,Feb,"23,195","10,116","11,934","56,386","44,451","-1,818","13,815",-737,"-1,115","17,938","-2,121","16,154",142,-300,"4,064","-4,142"
,3月,,Mar,"24,159","11,250","12,351","65,507","53,155","-1,101","16,174","-3,265","-1,436","15,788","4,735","47,391",-445,"-38,150","2,256","-6,935"
,4月,,Apr,"13,796","3,003","8,957","58,846","49,889","-5,954","11,615",-822,"-1,292","4,333","19,503","-78,581",558,"60,547","2,308","-8,171"
,5月,,May,"16,895","4,133","6,055","54,774","48,719","-1,922","13,711",-949,22,"22,546","4,992","-30,738","-1,133","45,149","4,276","5,629"
,6月,,Jun,"10,809","6,581","9,820","60,054","50,234","-3,239","5,256","-1,028",-136,"5,302","7,364","-24,873","-1,504","21,349","2,966","-5,371"
,7月,,Jul,"18,327","6,515","10,592","60,294","49,702","-4,076","12,748",-936,-109,"16,198","1,825","16,992","-1,233","-4,435","3,049","-2,020"
,8月,,Aug,"15,234","1,644","4,658","58,651","53,993","-3,015","14,377",-787,-105,"9,627","3,029","12,597",251,"-10,404","4,154","-5,502"
,9月,,Sep,"21,004","9,092","12,801","65,214","52,413","-3,708","12,692",-781,-133,"17,837","4,797","91,862","1,082","-81,862","1,958","-3,034"
,10月,,Oct,"15,790","4,320","9,021","62,875","53,854","-4,701","12,341",-871,-477,"13,864","9,449","-88,475","1,024","88,628","3,239","-1,448"
,11月,,Nov,"17,935","9,532","11,723","63,150","51,427","-2,191","9,156",-753,-222,"6,887","8,606","-38,923","-1,837","34,504","4,536","-10,827"
,12月,,Dec,"18,309","10,250","13,405","66,306","52,901","-3,155","8,892",-832,-138,"13,155","5,206","-25,738",-555,"32,141","2,100","-5,017"
平成19年,1月,2007,Jan,"12,159","-1,352","2,609","56,701","54,091","-3,962","14,242",-730,-639,"20,298","7,613","-56,464",50,"65,322","3,778","8,778"
,2月,,Feb,"25,003","10,242","12,493","61,316","48,822","-2,251","15,677",-917,-413,"22,650",477,"-18,181",-406,"35,973","4,787","-1,939"
,3月,,Mar,"33,604","17,900","19,043","71,832","52,789","-1,142","19,104","-3,400","-1,445","40,473","5,833","88,634",249,"-56,542","2,300","8,315"
,4月,,Apr,"19,601","5,021","11,765","63,313","51,548","-6,743","15,618","-1,039",-209,"11,930","16,578","-78,123",-308,"70,233","3,550","-7,461"
,5月,,May,"21,242","4,195","6,763","62,752","55,990","-2,567","17,883",-836,281,"30,999",-659,"-8,092",-38,"34,882","4,906","9,476"
,6月,,Jun,"15,384","11,444","14,815","69,541","54,727","-3,370","4,789",-850,-293,"11,895",972,"53,320",567,"-45,073","2,109","-3,196"
,7月,,Jul,"18,729","4,515","9,464","67,251","57,788","-4,948","15,390","-1,176",-173,"19,074","2,213","-50,916",-585,"64,289","4,073",518
,8月,,Aug,"21,046","6,842","10,479","66,949","56,471","-3,636","15,029",-825,-421,"25,186","4,245","-37,418","1,096","52,394","4,870","4,561"
,9月,,Sep,"28,814","16,105","19,445","69,127","49,682","-3,340","13,724","-1,015",-111,"25,503","1,508","126,183","-2,907","-101,103","1,823","-3,200"
,10月,,Oct,"21,630","8,535","13,099","71,473","58,374","-4,564","14,008",-914,-104,"20,525","2,247","-63,812","2,677","75,452","3,962","-1,000"
,11月,,Nov,"16,678","7,935","10,587","69,040","58,453","-2,652","9,617",-873,-415,"21,846","6,989","-13,342","-1,913","25,718","4,393","5,583"
,12月,,Dec,"15,600","6,869","11,313","70,940","59,627","-4,444","9,736","-1,005",-787,"13,396","12,188","-24,304","-1,731","24,818","2,425","-1,417"
平成20年,1月,2008,Jan,"11,132","-1,803","2,391","61,519","59,129","-4,194","13,979","-1,044",-177,"15,935","7,598","38,740","-3,002","-31,091","3,691","4,980"
,2月,,Feb,"24,794","9,298","12,771","66,996","54,225","-3,473","16,408",-911,-708,"30,121","5,903","10,716",-195,"9,366","4,332","6,034"
,3月,,Mar,"28,725","11,944","13,973","73,723","59,751","-2,029","19,294","-2,513",-737,"28,811","4,618","106,461","-5,399","-77,577",708,823
,4月,,Apr,"12,159","2,053","7,348","66,135","58,787","-5,295","11,273","-1,167",-239,"23,969","1,952","-100,495",809,"118,847","2,856","12,049"
,5月,,May,"18,104","4,875","6,013","65,198","59,185","-1,138","13,963",-734,-248,"14,895","2,205","6,372",75,"3,664","2,579","-2,961"
,6月,,Jun,"2,828",19,"3,725","68,596","64,871","-3,706","3,828","-1,019",-262,-369,"2,070","23,440","2,497","-30,522","2,145","-2,935"
,7月,,Jul,"13,773",837,"4,518","73,143","68,625","-3,681","14,535","-1,599",-134,"12,203","7,239","-30,663","-1,265","34,335","2,557","-1,437"
,8月,,Aug,"8,701","-2,570",73,"67,385","67,312","-2,643","12,138",-866,-195,"4,104","3,475","-29,176",204,"26,395","3,206","-4,403"
,9月,,Sep,"14,479","1,677","4,874","70,722","65,848","-3,197","13,693",-891,-858,"15,674","4,440","82,274","-1,401","-72,715","3,076","2,053"
,10月,,Oct,"8,625","-1,168","2,784","66,015","63,231","-3,952","10,974","-1,181",-94,"7,785","25,604","23,790","-10,705","-32,684","1,780",-746
,11月,,Nov,"5,046","-1,420",467,"50,683","50,215","-1,888","7,263",-797,-255,"23,877","4,329","52,852","-1,231","-35,597","3,523","19,086"
,12月,,Dec,418,"-4,843",-906,"45,995","46,901","-3,936","6,056",-795,"-1,676","9,498","19,810","97,576","-4,949","-104,487","1,549","10,756"
平成21年,1月,2009,Jan,"-2,219","-10,572","-7,187","33,063","40,250","-3,385","9,023",-671,-222,"23,351","1,832","14,954","-1,361","6,133","1,793","25,793"
,2月,,Feb,"10,443",693,"2,749","33,172","30,423","-2,056","10,140",-390,-207,"19,006","2,163","38,603","-1,230","-23,858","3,327","8,770"
,3月,,Mar,"14,527","1,541","2,225","39,346","37,121",-684,"16,168","-3,182",-550,"14,454","6,782","71,188","-1,024","-58,859","-3,632",476
,4月,,Apr,"6,433","-2,609","2,688","39,168","36,480","-5,297","10,426","-1,384",-176,"-3,012","6,429","-34,552","-1,337","26,394",54,"-9,268"
,5月,,May,"12,880","2,495","5,087","37,687","32,599","-2,592","11,531","-1,146",-352,"9,783",851,"28,447","1,327","-23,167","2,324","-2,745"
,6月,,Jun,"12,876","4,865","7,046","43,193","36,147","-2,180","8,645",-635,-209,"14,802","4,895","44,204","2,623","-37,163",243,"2,135"
,7月,,Jul,"13,425","1,515","5,342","45,535","40,193","-3,827","12,548",-638,"-1,209","12,229","7,283","-18,379","-1,034","25,732","-1,373",13
,8月,,Aug,"12,009","1,922","4,286","42,561","38,275","-2,364","10,785",-698,-518,"7,501","3,287","16,340","-1,296","-26,666","15,836","-3,990"
,9月,,Sep,"17,176","5,718","7,457","48,149","40,693","-1,739","12,203",-745,-124,"24,270","7,793","56,454",548,"-42,798","2,273","7,218"
,10月,,Oct,"15,353","6,115","10,576","50,062","39,486","-4,461","9,902",-664,-443,"5,384","8,148","-66,562","-1,811","64,234","1,376","-9,525"
,11月,,Nov,"12,363","4,404","6,093","47,503","41,411","-1,688","8,653",-694,-562,"17,684","5,581","29,555","-2,760","-17,095","2,404","5,884"
,12月,,Dec,"10,660","5,161","7,514","51,777","44,263","-2,354","6,288",-788,-80,"10,839","2,251","19,233","-2,132","-9,152",640,260
平成22年,1月,2010,Jan,"10,200",312,"2,994","46,699","43,705","-2,683","10,336",-448,-196,"10,373","-3,825","-53,018",-23,"65,507","1,733",370
,2月,,Feb,"17,227","7,330","9,020","49,154","40,134","-1,691","10,706",-809,-235,"19,938","11,780","12,237","-1,131","-3,246",297,"2,947"
,3月,,Mar,"26,950","11,210","12,147","57,580","45,433",-937,"17,847","-2,106",-780,"38,806","2,066","97,349","-1,014","-57,779","-1,816","12,636"
,4月,,Apr,"15,863","4,995","9,927","56,235","46,308","-4,932","12,164","-1,296",-237,"4,079","2,784","-66,657",-629,"66,435","2,145","-11,547"
,5月,,May,"14,892","3,971","5,255","50,692","45,437","-1,284","11,642",-722,-473,"17,861","6,377","-18,438",352,"28,661",910,"3,443"
,6月,,Jun,"13,005","6,977","9,012","56,005","46,994","-2,035","6,759",-730,17,"18,210","5,600","77,577",-802,"-68,239","4,075","5,188"
,7月,,Jul,"19,323","7,756","10,115","56,925","46,811","-2,359","12,417",-850,-551,"28,052","1,122","-3,835","-2,243","31,970","1,038","9,280"
,8月,,Aug,"13,559","1,199","3,102","49,576","46,473","-1,903","13,319",-959,-401,"20,733","6,041","46,115","-2,306","-31,911","2,794","7,575"
,9月,,Sep,"21,672","8,867","10,483","55,775","45,292","-1,616","13,592",-787,-692,"28,803","5,030","41,560","2,088","-41,062","21,187","7,823"
,10月,,Oct,"16,552","6,696","10,235","54,447","44,213","-3,539","10,693",-837,-273,"13,365","9,205","-37,617","-3,074","42,181","2,669","-2,914"
,11月,,Nov,"11,057","2,145","3,924","51,980","48,056","-1,779","9,526",-614,-313,"9,930","5,579","-12,180","-2,108","16,087","2,552",-813
,12月,,Dec,"13,529","7,115","8,946","58,846","49,899","-1,831","7,172",-759,-207,"6,947","10,751","43,920",628,"-48,693",341,"-6,375"
平成23年,1月,2011,Jan,"6,598","-4,516","-2,537","48,119","50,656","-1,979","11,821",-707,-186,"16,968","3,532","-79,218",-499,"96,778","-3,625","10,556"
,2月,,Feb,"18,112","7,082","8,277","53,844","45,567","-1,195","12,871","-1,841",-536,"14,388","6,811","-7,252","2,087","13,372",-631,"-3,188"
,3月,,Mar,"18,525","2,890","3,594","56,730","53,137",-703,"17,283","-1,648",-953,"29,075","2,450","79,596",-195,"-71,357","18,580","11,502"
,4月,,Apr,"5,004","-7,691","-3,065","49,003","52,068","-4,627","13,557",-861,-165,"-6,373","6,675","-94,758","-1,003","82,439",274,"-11,212"
,5月,,May,"6,484","-7,675","-6,753","45,626","52,379",-922,"14,933",-774,69,"8,549","6,657","-36,144","-2,297","38,155","2,178","1,995"
,6月,,Jun,"6,551",476,"2,153","55,158","53,005","-1,677","6,987",-912,50,"7,388","7,330","46,876","-2,364","-44,753",300,786
,7月,,Jul,"11,714","-1,007","2,361","55,415","53,055","-3,367","13,459",-738,13,"12,835","10,657","-37,442","-3,766","43,204",182,"1,108"
,8月,,Aug,"5,526","-8,243","-5,713","51,213","56,926","-2,530","14,460",-691,-38,"13,812","6,048","-31,907","-1,234",947,"39,958","8,324"
,9月,,Sep,"16,145","3,043","4,986","57,181","52,195","-1,943","13,744",-642,-56,"18,099","13,096","63,970","-1,477","-57,711",222,"2,010"
,10月,,Oct,"5,373","-5,281","-1,039","52,772","53,811","-4,242","11,025",-371,465,"11,087","8,124","-5,694","-2,008","8,265","2,400","5,249"
,11月,,Nov,"1,296","-6,943","-5,007","49,999","55,006","-1,936","9,198",-960,54,"7,439","13,041","-24,144",-686,"-61,533","80,761","6,090"
,12月,,Dec,"2,685","-3,237",-559,"54,591","55,149","-2,678","6,872",-950,"1,564","-6,973","8,680","-9,128",-29,"-3,796","-2,700","-11,221"
平成24年,1月,2012,Jan,"-4,378","-14,899","-12,663","43,845","56,507","-2,237","11,474",-952,540,"3,123","7,188","-16,178",-700,"13,229",-416,"6,961"
,2月,,Feb,"12,175",138,"1,874","52,725","50,852","-1,736","12,408",-371,206,"9,718","7,782","11,068",-952,"-6,141","-2,040","-2,663"
,3月,,Mar,"13,278","1,013","1,328","60,909","59,581",-315,"14,968","-2,703",-142,"8,377","2,610","72,436","2,454","-62,945","-6,178","-4,759"
,4月,,Apr,"3,772","-8,956","-3,152","54,586","57,738","-5,804","13,723",-995,60,"-3,221","8,626","-87,778","3,307","75,478","-2,854","-7,053"
,5月,,May,"3,471","-9,157","-6,806","51,128","57,934","-2,351","13,809","-1,180",-27,"5,533","10,493","7,255",570,"-10,423","-2,363","2,088"
,6月,,Jun,"4,079",-693,"2,128","54,590","52,461","-2,821","5,433",-662,188,"11,498","12,852","26,550",-272,"-20,148","-7,483","7,232"
,7月,,Jul,"6,434","-6,789","-2,584","51,523","54,108","-4,205","13,990",-766,-610,"5,721","4,935","-15,837","-3,078","19,357",345,-103
,8月,,Aug,"4,085","-8,532","-5,144","48,915","54,060","-3,387","13,285",-669,-559,"7,093","6,211","3,622","-2,088","1,107","-1,758","3,567"
,9月,,Sep,"5,159","-7,126","-3,281","51,536","54,817","-3,845","12,828",-544,-22,"3,869","7,567","35,921",-330,"-37,166","-2,125","-1,268"
,10月,,Oct,"4,028","-7,668","-2,966","50,055","53,020","-4,702","12,303",-607,-144,"5,237","10,852","-13,169",84,"6,601",869,"1,353"
,11月,,Nov,"-1,985","-9,953","-7,128","48,484","55,611","-2,826","8,737",-769,63,"-2,752","4,793","-32,390","1,078","28,733","-4,966",-829
,12月,,Dec,"-2,478","-8,206","-4,325","51,273","55,598","-3,882","6,956","-1,228",-357,"-12,271","9,681","32,935","5,830","-59,172","-1,545","-9,436"
平成25年,1月,2013,Jan,"-3,471","-16,458","-13,070","47,264","60,334","-3,389","12,323",664,"-1,269","-4,909","7,793","-73,736","9,925","49,430","1,680",-169
,2月,,Feb,"6,524","-7,198","-5,407","51,353","56,760","-1,791","14,115",-393,-215,"-5,930","4,217","-43,486","10,291","24,576","-1,527","-12,239"
,3月,,Mar,"12,877","-2,016",-738,"61,319","62,057","-1,278","17,323","-2,429",-818,"4,851","8,562","24,959","9,443","-35,908","-2,205","-7,208"
,4月,,Apr,"9,250","-12,297","-7,082","56,305","63,387","-5,215","22,620","-1,073",-94,-991,"15,606","-118,037","9,562","92,895","-1,017","-10,147"
,5月,,May,"7,083","-8,383","-8,138","56,089","64,227",-245,"16,692","-1,225","-3,011","2,251","10,023","-45,287","6,058","21,307","10,150","-1,822"
,6月,,Jun,"5,009","-2,279",165,"58,572","58,407","-2,444","7,946",-659,-371,"-10,098","9,855","1,671","2,511","-28,637","4,501","-14,735"
,7月,,Jul,"7,260","-11,259","-7,902","57,837","65,739","-3,356","19,283",-765,-718,"18,868","37,689","-1,488",939,"-26,813","8,542","12,326"
,8月,,Aug,"2,824","-10,518","-7,426","55,955","63,381","-3,093","13,861",-519,-216,"7,096","6,450","2,925","-1,209","-7,829","6,760","4,488"
,9月,,Sep,"7,389","-9,792","-7,135","57,950","65,085","-2,657","17,786",-605,-177,"8,675","6,828","49,282","3,661","-60,138","9,041","1,462"
,10月,,Oct,-162,"-14,313","-9,221","59,054","68,275","-5,092","14,989",-839,-175,"-2,724","10,420","-73,202","-1,536","61,520",74,"-2,387"
,11月,,Nov,"-4,595","-13,529","-11,048","57,051","68,099","-2,481","10,209","-1,276",-261,"-3,329","5,660","-1,829","2,904","-12,063","1,999","1,527"
,12月,,Dec,"-5,422","-14,479","-10,733","59,539","70,272","-3,746","9,830",-772,-110,"-17,847","19,358","12,576","2,968","-53,255",506,"-12,314"
平成26年,1月,2014,Jan,"-14,561","-28,131","-24,241","54,742","78,983","-3,889","14,892","-1,322",-87,"-12,750","12,491","-62,861","5,419","28,680","3,521","1,898"
,2月,,Feb,"7,409","-7,323","-5,761","59,331","65,093","-1,562","15,947","-1,215",57,"-1,670","9,655","9,011",994,"-27,135","5,805","-9,136"
,3月,,Mar,"2,445","-12,484","-11,934","64,900","76,834",-550,"19,135","-4,206",-675,"2,689","4,235","17,648",-502,"-15,701","-2,992",919
,4月,,Apr,"3,554","-14,286","-7,992","59,764","67,756","-6,293","19,917","-2,077",-89,"-1,021","23,334","-24,480","-1,575","1,867",-167,"-4,487"
,5月,,May,"6,936","-7,321","-7,052","57,093","64,146",-269,"16,344","-2,088",-150,"10,930","8,326","-1,631","1,189","3,033",13,"4,145"
,6月,,Jun,"-1,934","-7,669","-5,542","61,090","66,632","-2,127","6,231",-496,-151,"10,545","3,774","51,904","3,202","-46,693","-1,641","12,630"
,7月,,Jul,"5,482","-13,202","-8,661","62,570","71,231","-4,541","20,182","-1,498",-496,"8,859","10,849","-22,349","1,972","17,535",852,"3,873"
,8月,,Aug,"4,039","-11,193","-8,557","56,526","65,083","-2,636","16,731","-1,498",-114,"6,202","7,122","15,394",270,"-18,322","1,738","2,276"
,9月,,Sep,"10,086","-9,081","-7,192","64,777","71,969","-1,889","20,659","-1,493",-69,"18,712","4,033","38,986","4,574","-29,169",288,"8,696"
,10月,,Oct,"8,607","-9,716","-7,643","65,762","73,405","-2,073","20,336","-2,013",-138,"10,062","17,261","-36,534","3,633","24,949",753,"1,593"
,11月,,Nov,"4,524","-7,346","-6,318","63,248","69,566","-1,028","12,904","-1,034",-66,"4,651","14,468","-30,048","12,220","7,179",831,193
,12月,,Dec,"2,628","-7,237","-3,759","70,944","74,703","-3,478","10,870","-1,005",-111,"5,573","10,330","-3,372","6,249","-7,530",-104,"3,056"
平成27年,1月,2015,Jan,930,"-12,643","-8,833","63,257","72,090","-3,810","14,315",-743,-137,"-3,463","13,673","18,774","5,669","-40,626",-953,"-4,255"
,2月,,Feb,"14,660","-2,465","-1,317","60,049","61,366","-1,148","18,802","-1,677",-68,"21,836","12,669","10,107","2,776","-5,593","1,877","7,245"
,3月,,Mar,"27,519","8,042","6,478","71,324","64,846","1,564","23,197","-3,719","-1,117","49,242","8,076","34,337","6,330","1,066",-568,"22,840"
,4月,,Apr,"13,718","-6,893","-1,495","62,345","63,840","-5,398","22,665","-2,055",-66,"8,516","11,121","-47,015",-515,"45,226",-301,"-5,135"
,5月,,May,"18,814",-48,-564,"57,375","57,939",516,"20,795","-1,933",-88,"34,838","22,641","10,309","3,038","-3,033","1,884","16,113"
,6月,,Jun,"6,587",-954,"1,007","64,759","63,752","-1,961","7,865",-324,-113,"6,096","8,331","40,383","4,725","-48,190",847,-378
,7月,,Jul,"18,483","-3,346","-1,235","65,657","66,892","-2,111","23,158","-1,329",-468,"7,563","17,213","-14,457","2,035","2,528",244,"-10,452"
,8月,,Aug,"16,581","-3,617","-3,558","58,687","62,245",-59,"21,538","-1,339",-101,"18,359","14,927","49,784",-163,"-48,000","1,811","1,879"
,9月,,Sep,"14,847",-39,503,"63,752","63,250",-542,"17,309","-2,424",-83,"30,521","13,406","73,982","-3,926","-53,007",67,"15,757"
,10月,,Oct,"14,019","-2,163","1,810","63,477","61,667","-3,973","17,681","-1,499",-164,"11,220","15,846","-41,749","-1,220","38,223",119,"-2,635"
,11月,,Nov,"10,759","-3,154","-3,273","59,439","62,712",119,"15,798","-1,885",-94,"20,627","10,569","18,315",-478,"-10,519","2,740","9,962"
,12月,,Dec,"8,277",-889,"1,616","62,621","61,005","-2,505","9,908",-743,-213,"13,408","12,847","7,524","3,167","-8,613","-1,516","5,344"
平成28年,1月,2016,Jan,"6,395","-6,132","-4,344","53,884","58,228","-1,788","13,832","-1,304","-5,238","8,009","10,634","11,891",193,"-16,500","1,790","6,851"
,2月,,Feb,"24,364","5,749","3,875","56,415","52,539","1,873","20,609","-1,993",-146,"31,446","13,666","96,313","-9,247","-70,340","1,053","7,228"
,3月,,Mar,"30,112","11,346","8,658","63,351","54,692","2,688","22,037","-3,270",-234,"52,230","10,853","95,062","-3,102","-47,921","-2,663","22,351"
,4月,,Apr,"19,189","2,531","6,776","56,185","49,409","-4,245","18,644","-1,986",204,"17,882","9,494","-53,453","-4,643","66,776",-292,"-1,511"
,5月,,May,"18,828","1,175",271,"50,674","50,403",904,"20,147","-2,495",-80,"41,168","6,499","67,342","-3,133","-31,617","2,077","22,421"
,6月,,Jun,"10,973","5,968","7,498","58,418","50,920","-1,530","5,412",-406,-87,"12,908","3,282","31,037","-4,123","-14,630","-2,659","2,022"
,7月,,Jul,"20,998","4,185","6,057","55,605","49,548","-1,872","18,320","-1,507",-466,"41,864","5,821","33,127","-3,306","8,294","-2,073","21,333"
,8月,,Aug,"20,939","1,672","2,188","53,025","50,837",-516,"21,103","-1,837",-129,"33,453",102,"65,946","-4,011","-28,278",-306,"12,643"
,9月,,Sep,"19,528","5,771","6,624","58,867","52,243",-853,"15,972","-2,215",-269,"34,499","45,708","4,663","-1,596","-15,446","1,171","15,240"
,10月,,Oct,"16,455","2,457","5,669","57,636","51,967","-3,212","15,667","-1,670",-790,"9,505","15,464","32,425",-918,"-32,521","-4,946","-6,160"
,11月,,Nov,"14,716","3,863","3,361","59,458","56,097",502,"12,716","-1,863",-99,"12,714","7,029","-23,688","4,858","22,745","1,771","-1,903"
,12月,,Dec,"11,414","5,303","8,543","67,410","58,867","-3,240","7,020",-909,-99,"-9,617","20,035","-64,170","12,446","22,776",-704,"-20,931"
平成29年,1月,2017,Jan,"2,290","-10,622","-8,560","55,299","63,859","-2,062","14,008","-1,095",-236,"-12,726","12,257","-46,723","5,925","4,830","10,986","-14,780"
,2月,,Feb,"30,322","10,866","10,779","63,672","52,893",87,"21,136","-1,680",-118,"18,607","23,588","-29,235","3,748","15,988","4,519","-11,597"
,3月,,Mar,"31,121","10,914","8,657","71,777","63,119","2,257","23,588","-3,381",-315,"49,709","28,335","34,463","2,305","-11,553","-3,841","18,903"
,4月,,Apr,"20,117","2,713","5,533","61,761","56,228","-2,820","18,934","-1,530",-32,"14,639","3,722","-73,277","-4,485","85,596","3,083","-5,446"
,5月,,May,"17,778",-647,"-1,238","57,189","58,427",591,"20,489","-2,063","-1,247","21,619","17,139","49,442","2,673","-50,804","3,169","5,088"
,6月,,Jun,"10,122","4,346","5,137","63,790","58,652",-791,"6,326",-549,-74,"13,027","15,850","11,551",-143,"-13,225","-1,006","2,978"
,7月,,Jul,"24,614","3,466","5,673","63,743","58,070","-2,207","22,719","-1,570",-147,"12,316","13,318","62,946","3,719","-68,107",441,"-12,152"
,8月,,Aug,"25,112","3,537","3,297","61,852","58,554",239,"23,566","-1,990",-13,"18,356","7,042","-14,101",-62,"22,537","2,941","-6,743"
,9月,,Sep,"22,805","7,985","8,509","67,269","58,760",-524,"16,940","-2,120",-44,"21,489","17,151","1,699","1,631","-5,141","6,149","-1,272"
,10月,,Oct,"21,894","4,047","4,207","65,708","61,501",-160,"19,460","-1,614",-171,"-6,042","8,932","-21,532","5,148","1,736",-327,"-27,764"
,11月,,Nov,"13,707","2,275","1,914","67,796","65,883",361,"13,545","-2,113",-217,"18,157","6,937","-19,348","5,905","26,035","-1,372","4,667"
,12月,,Dec,"7,897","3,328","5,205","72,680","67,475","-1,877","6,135","-1,565",-187,"18,962","19,846","-12,396","8,159","1,577","1,776","11,252"
平成30年,1月,2018,Jan,"6,289","-8,247","-6,705","62,250","68,955","-1,542","15,674","-1,138",-260,"12,693","20,113","49,925","1,973","-64,478","5,160","6,665"
,2月,,Feb,"21,570","3,554","1,980","64,273","62,293","1,574","19,843","-1,827",-123,"17,495","9,288","-14,988","-3,980","23,355","3,820","-3,952"
,3月,,Mar,"32,091","14,042","11,826","74,491","62,665","2,216","21,701","-3,653",-541,"45,462","7,867","49,151","-1,938","-8,493","-1,125","13,913"
,4月,,Apr,"19,172","1,107","5,652","66,318","60,666","-4,545","19,807","-1,741",26,"13,129","11,003","-17,235","-2,006","22,487","-1,121","-6,070"
,5月,,May,"19,221","-3,182","-3,127","63,150","66,276",-55,"24,369","-1,966",-223,"32,877","5,797","19,574","2,337","1,470","3,700","13,879"
,6月,,Jun,"11,864","6,283","8,135","69,763","61,627","-1,852","6,162",-581,-457,"6,762","16,176","-16,875","1,790",-276,"5,946","-4,646"
,7月,,Jul,"20,233","-1,802",-105,"67,666","67,771","-1,697","23,719","-1,684",-142,"-7,861","11,213","29,625","1,674","-52,196","1,823","-27,952"
,8月,,Aug,"18,097","-2,438","-2,508","66,512","69,021",70,"22,758","-2,223",-8,"20,080","13,832","-2,685","1,509","3,925","3,498","1,991"
,9月,,Sep,"19,801","2,834","3,232","66,714","63,482",-398,"18,485","-1,518",-78,"32,903","12,652","70,023",780,"-57,741","7,188","13,179"
,10月,,Oct,"13,286","-6,096","-3,299","70,970","74,269","-2,797","21,192","-1,810",-143,"15,447","7,853",-642,903,"7,889",-556,"2,304"
,11月,,Nov,"8,927","-5,127","-5,379","69,489","74,868",252,"15,312","-1,258",-86,"11,477","23,124","-49,648",513,"36,188","1,300","2,636"
,12月,,Dec,"4,496",124,"1,562","70,667","69,106","-1,438","5,005",-633,-70,898,"10,176","-15,698","-2,315","11,742","-3,006","-3,527"
平成31年,1月,2019,Jan,"4,956","-12,587","-10,055","57,925","67,980","-2,532","18,238",-695,52,"29,903","70,638","-4,806","-3,774","-36,153","3,998","24,895"
,2月,,Feb,"25,403","5,542","4,743","62,912","58,168",799,"20,490",-630,-261,"32,894","10,665","3,257",-305,"10,527","8,750","7,752"
,3月,,Mar,"28,380","8,827","6,806","70,401","63,595","2,021","22,167","-2,614",-259,"27,704","14,409","54,539",192,"-43,376","1,941",-416
,4月,,Apr,"16,540","-5,457","-1,428","63,525","64,953","-4,029","21,938",59,-42,286,"19,112","-48,849","3,179","22,524","4,320","-16,211"
令和元年,5月,,May,"16,348","-5,761","-6,956","58,800","65,756","1,196","23,547","-1,439",-309,"38,487","16,997","-22,057",-963,"39,320","5,189","22,449"
,6月,,Jun,"10,994","6,261","7,215","64,136","56,921",-954,"5,026",-293,-595,"22,077","15,964","68,402","-1,809","-61,199",718,"11,678"
,7月,,Jul,"20,395","-2,935","-1,072","64,761","65,833","-1,863","24,175",-845,-806,"20,436","13,230","16,345",-414,"-9,585",859,847
,8月,,Aug,"20,309",-916,108,"60,473","60,365","-1,024","23,042","-1,816","-1,018","20,619","22,138","-16,950","-3,082","16,954","1,559","1,328"
,9月,,Sep,"14,148","-2,064",-261,"62,057","62,318","-1,803","18,641","-2,429",-162,"34,026","6,859","94,278",-812,"-66,101",-197,"20,041"
,10月,,Oct,"17,168",62,"2,114","65,176","63,063","-2,052","18,282","-1,176",-454,"14,479","10,548","-29,141",106,"37,408","-4,442","-2,235"
,11月,,Nov,"12,344",-644,-377,"62,367","62,744",-267,"14,595","-1,606",-221,"5,661","14,165","-32,322","5,704","16,604","1,510","-6,462"
,12月,,Dec,"5,528",355,667,"65,221","64,554",-312,"5,390",-216,-54,"2,050","23,866","10,969","5,676","-42,294","3,834","-3,423"
令和2年,1月,2020,Jan,"4,826","-12,698","-10,370","55,055","65,425","-2,328","18,474",-950,-70,"9,227","17,923","-33,517","1,294","16,274","7,254","4,472"
,2月,,Feb,"29,742","10,490","13,120","62,891","49,771","-2,630","20,627","-1,374",-199,"24,495","11,102","30,015",232,"-24,295","7,442","-5,048"
,3月,,Mar,"18,370",-241,995,"62,233","61,238","-1,235","21,342","-2,731",-672,"12,723","18,324","186,017","-12,459","-171,884","-7,275","-4,975"
,4月,,Apr,16,"-17,647","-9,665","49,153","58,817","-7,982","18,733","-1,070",-114,"7,683","18,500","-13,487","2,518","1,144",-991,"7,781"
,5月,,May,"9,215","-7,875","-5,332","42,053","47,385","-2,543","19,213","-2,122",-37,"6,452","9,325","-36,533",-529,"26,390","7,799","-2,726"
,6月,,Jun,-302,"-3,043",-486,"48,088","48,574","-2,557","3,011",-270,-64,"2,566","-20,639","47,728","5,543","-31,485","1,419","2,933"
,7月,,Jul,"13,798","-2,788","1,526","52,589","51,063","-4,313","17,601","-1,015",-414,"18,850","17,413","-125,968",-318,"127,105",618,"5,466"
,8月,,Aug,"19,530",838,"3,827","51,174","47,348","-2,989","21,165","-2,473",-93,"6,274","4,288","61,576","-1,412","-56,855","-1,323","-13,163"
,9月,,Sep,"15,646","7,343","9,177","59,616","50,438","-1,834","15,668","-7,365",-62,"18,986",-774,"9,702",-115,"12,700","-2,527","3,402"
,10月,,Oct,"19,737","5,741","9,432","63,504","54,072","-3,691","16,406","-2,410",-244,"6,196","6,177","-88,333",141,"88,789",-579,"-13,297"
,11月,,Nov,"17,726","4,507","6,013","60,549","54,536","-1,506","16,039","-2,820",21,"11,058","3,224","59,520","1,534","-51,909","-1,311","-6,688"
,12月,,Dec,"11,611","6,599","9,541","65,724","56,183","-2,942","6,109","-1,097",-122,"16,740","9,035","-52,804","11,571","47,485","1,453","5,250"
令和3年,1月,2021,Jan,"6,174","-5,757","-1,392","57,093","58,485","-4,365","14,077","-2,146",-132,"9,482","17,624","-62,166",203,"51,151","2,669","3,440"
,2月,,Feb,"29,893","4,820","5,257","60,981","55,724",-437,"26,694","-1,622",-396,"14,672","10,723","-18,778","2,460","14,493","5,773","-14,825"
,3月,,Mar,"26,299","9,832","9,954","73,111","63,157",-122,"19,878","-3,411",-432,"14,075","14,955","66,246","5,668","-72,598",-196,"-11,792"
,4月,,Apr,"17,723","-7,036","2,744","68,426","65,681","-9,781","26,575","-1,816",34,"12,858","28,170","-2,321","3,514","-16,420",-86,"-4,898"
,5月,,May,"24,324","-2,699",74,"62,043","61,969","-2,774","29,095","-2,072",-19,"29,052","15,896","-6,735","3,598","13,742","2,551","4,748"
,6月,,Jun,"13,383","3,047","6,462","71,397","64,935","-3,415","11,140",-804,-362,596,"4,470","-42,804","3,720","34,592",619,"-12,425"
,7月,,Jul,"23,326",-226,"6,085","72,417","66,332","-6,311","25,838","-2,286",-50,"12,750","24,510","-84,469","-1,782","74,847",-356,"-10,526"
,8月,,Aug,"21,171","-5,608","-3,742","65,199","68,941","-1,866","28,671","-1,891",-116,"28,934","21,551","19,411",-45,"-61,118","49,136","7,879"
,9月,,Sep,"16,347","-4,586","-2,361","69,200","71,561","-2,225","23,213","-2,280","-1,877","23,083","6,890","62,917","4,065","-50,041",-748,"8,614"
,10月,,Oct,"17,075","-4,354","1,741","70,915","69,174","-6,095","23,295","-1,866",-54,"6,636","8,421","-66,081",751,"62,764",780,"-10,384"
,11月,,Nov,"15,566","-6,041","-4,013","74,780","78,792","-2,028","23,998","-2,392",-206,"10,829","16,519","-65,786","3,717","50,888","5,492","-4,530"
,12月,,Dec,"3,388","-6,225","-3,187","77,966","81,153","-3,038","10,618","-1,004",-621,"4,712","22,002","-18,608","-4,184","2,239","3,264","1,945"
令和4年,1月,2022,Jan,"-6,603","-23,930","-15,675","66,103","81,778","-8,255","18,662","-1,335",-93,"18,408","7,673","16,664","1,020","-4,039","-2,909","25,104"
,2月,,Feb,"22,603","-4,066","-1,913","73,191","75,104","-2,153","29,280","-2,612",65,"17,563","11,073","-28,611","3,158","27,920","4,023","-5,104"
,3月,,Mar,"32,918","-2,254","-1,260","84,862","86,122",-994,"39,333","-4,161",-407,"14,874","9,269","55,970",-657,"-49,953",245,"-17,637"
,4月,,Apr,"10,602","-16,538","-6,628","80,135","86,764","-9,909","29,273","-2,134","-1,049",-153,"11,591","-73,093","3,375","58,807",-834,"-9,706"
,5月,,May,"7,557","-21,114","-19,183","74,621","93,804","-1,930","30,799","-2,128",-44,641,"12,418","-42,696","10,224","16,174","4,521","-6,872"
,6月,,Jun,"4,837","-13,543","-10,944","85,930","96,874","-2,599","18,300",80,"1,358",35,"22,492","-1,399","13,380","-31,977","-2,461","-6,161"
,7月,,Jul,"8,197","-20,136","-11,781","86,159","97,940","-8,355","30,397","-2,064",-127,"-6,604","11,206","-126,542","4,837","103,352",543,"-14,674"
,8月,,Aug,"6,217","-31,254","-24,340","81,106","105,446","-6,914","39,243","-1,772",-206,"10,557","15,622","-16,095",889,"5,263","4,878","4,547"
,9月,,Sep,"7,895","-21,354","-17,950","88,440","106,389","-3,404","31,410","-2,162",-131,"7,338","16,705","52,354","4,305","-39,719","-26,307",-426
,10月,,Oct,-517,"-25,321","-18,356","90,306","108,662","-6,964","27,732","-2,929",-129,358,"13,422","3,486","3,064","41,262","-60,876","1,004"
,11月,,Nov,"17,962","-16,301","-15,007","90,403","105,411","-1,294","36,533","-2,270",-108,"7,074","18,166","-51,752","9,071","26,277","5,312","-10,780"
,12月,,Dec,"2,759","-14,855","-12,069","87,327","99,396","-2,785","19,453","-1,840",-273,"-5,897","18,531","19,721","-1,816","-45,628","3,295","-8,384"
令和5年,1月,2023,Jan,"-20,691","-39,363","-32,180","68,378","100,558","-7,183","21,950","-3,278",-234,"19,717","19,968","94,668","-7,275","-88,681","1,036","40,642"
,2月,,Feb,"22,821","-7,803","-5,547","76,985","82,532","-2,256","34,768","-4,144",-99,"33,707","17,479","-15,422","-3,898","31,087","4,461","10,985"
,3月,,Mar,"23,455","-5,100","-4,730","88,110","92,841",-370,"34,264","-5,708",-685,"23,044","5,922","71,672","1,110","-57,223","1,562",274
,4月,,Apr,"18,892","-8,088","-1,988","82,310","84,298","-6,100","31,216","-4,236",225,"33,963","24,744","-61,234","6,522","62,633","1,297","14,846"
,5月,,May,"21,771","-13,824","-11,929","72,646","84,575","-1,896","38,849","-3,253",-777,"10,201","24,383","-6,387","6,194","-21,306","7,317","-10,793"
,6月,,Jun,"17,037",-425,"3,114","86,569","83,455","-3,539","18,801","-1,339",-421,"3,956","18,321","-24,198","11,488","1,121","-2,775","-12,660"
,7月,,Jul,"29,382","-4,763","1,202","86,070","84,868","-5,965","37,563","-3,418",-650,"22,553","36,909","23,587","8,535","-49,127","2,648","-6,179"
,8月,,Aug,"23,931","-10,524","-7,492","79,042","86,534","-3,032","37,535","-3,080",-63,"28,553","33,687","91,254","12,476","-115,594","6,729","4,685"
,9月,,Sep,"29,655",437,"3,830","91,245","87,415","-3,393","33,187","-3,969",-584,"29,509","6,607","103,332","12,413","-99,369","6,526",438
,10月,,Oct,"27,901","-1,156","-4,957","91,083","96,040","3,801","32,435","-3,378",-187,"19,705","19,063","40,524","8,468","-51,463","3,113","-8,009"
,11月,,Nov,"21,296","-6,910","-6,769","86,764","93,533",-141,"31,082","-2,876",-298,"11,100","17,734","-58,228","7,194","36,315","8,085","-9,898"
,12月,,Dec,"9,304","-2,002","1,332","95,713","94,381","-3,334","14,011","-2,705",-132,"9,311","24,821","15,074","1,742","-34,770","2,444",139
令和6年,1月,2024,Jan,"3,118","-21,692","-14,105","74,823","88,928","-7,586","29,929","-5,120",0,"15,780","37,463","-27,941","-12,427","16,087","2,598","12,661"
,2月,,Feb,"27,498","-3,450","-2,292","82,564","84,855","-1,158","34,886","-3,938",-77,"25,357","15,947","-12,712","3,080","13,686","5,357","-2,064"
,3月,,Mar,"34,426","5,171","5,231","94,940","89,708",-60,"35,847","-6,592",-376,"18,337","14,103","2,319","10,043","-8,254",127,"-15,712"
,4月,,Apr,"20,961","-12,963","-5,517","85,609","91,126","-7,446","38,461","-4,537",-100,"14,598","17,629","24,913","13,787","-44,144","2,414","-6,263"
,5月,,May,"29,178","-10,870","-10,081","82,927","93,008",-789,"43,210","-3,163",-117,"19,203","35,752","4,071","12,158","56,357","-89,135","-9,858"
,6月,,Jun,"19,153","2,923","6,559","93,097","86,538","-3,635","18,125","-1,895",-536,"7,296","17,871","4,928","9,918","-21,095","-4,326","-11,320"
,7月,,Jul,"35,704","-9,841","-3,882","96,151","100,033","-5,959","48,541","-2,996",-216,"23,433","35,480","56,809","6,763","-25,665","-49,955","-12,055"
,8月,,Aug,"38,454","-4,470","-2,732","85,517","88,249","-1,738","47,603","-4,679",-242,"40,041","29,130","105,334","-10,639","-88,286","4,502","1,828"
,9月,,Sep,"17,075","-5,806","-2,752","88,401","91,154","-3,054","28,369","-5,487",-249,"21,844","10,115","86,895","-8,405","-76,519","9,757","5,018"
,10月,,Oct,"23,538","-2,885",-711,"95,327","96,037",-2174,"31,858","-5,435",36,"18,918","18,720","-124,393","3,059","119,460","2,072","-4,656"
,11月,,Nov,"33,061","4,000","1,965","90,603","88,638","2,034","33,755","-4,694",-146,"22,980","22,412","-14,966","9,632","-1,160","7,061","-9,935"
,12月,,Dec,"10,607",796,"1,171","96,268","95,097",-375,"12,700","-2,888",-183,"21,858","30,748","34,287","9,863","-59,817","6,777","11,435"
令和7年,1月,2025,Jan,"-3,053","-33,517","-28,543","76,367","104,909","-4,974","35,150","-4,686",-218,"1,794","12,852","-34,047","7,918","11,857","3,214","5,065"
,2月,,Feb,"39,384","5,242","8,099","91,127","83,029","-2,857","37,986","-3,844",-421,"20,111","15,474","51,941",249,"-53,082","5,530","-18,851"
,3月,,Mar,"36,253","5,716","6,113","96,907","90,793",-398,"38,326","-7,789",-711,"43,233","24,973","49,813","6,424","-39,273","1,295","7,691"
,4月,,Apr,"23,700","-7,267",-7,"88,717","88,725","-7,259","36,498","-5,531",-250,"26,627","19,645","-111,610","-6,767","122,260","3,100","3,177"
,5月,,May,"33,205","-3,662","-4,971","81,591","86,561","1,309","41,802","-4,935","-1,020","39,589","17,414","18,688",103,"-4,489","7,874","7,404"
,6月,,Jun,"12,818","3,067","4,673","90,081","85,408","-1,606","14,449","-4,698",-583,"12,113","36,204","-31,660","5,441",631,"1,497",-122
,7月,,Jul,"25,863","-9,588","-1,877","90,695","92,572","-7,711","40,539","-5,089",-162,"15,938","9,630","-30,392","5,878","28,279","2,542","-9,763"
,8月,,Aug,"36,281","-1,529","1,138","84,393","83,255","-2,667","42,227","-4,417",-161,"15,242","25,538","-16,763","5,990","-5,501","5,978","-20,878"
,9月,,Sep,"44,447",-75,"2,466","95,138","92,672","-2,541","49,437","-4,915",-215,"67,372","20,772","90,953","2,388","-52,775","6,034","23,140"
,10月,,Oct,"27,435","-2,785",104,"96,969","96,865","-2,889","34,580","-4,360",-167,"10,630","41,359","-159,270","9,035","115,810","3,696","-16,638"
,11月,,Nov,"36,764","5,973","5,950","93,974","88,024",22,"33,684","-2,893",-272,"38,031","22,942","-4,423","11,045","1,659","6,808","1,539"
,12月,,Dec,"9,254","-1,683","1,177","99,507","98,330","-2,860","13,524","-2,587",-141,"6,158","10,263","19,849","8,506","-40,390","7,930","-2,956"
令和8年,1月,2026,Jan,"9,365","-13,251","-6,127","90,428","96,555","-7,124","27,353","-4,737",-114,"-1,918","14,891","-93,209","6,886","66,968","2,545","-11,169"
,2月,,Feb,"39,335",-110,"2,667","93,791","91,124","-2,777","42,365","-2,921",-296,"40,712","13,745","-119,578","6,956","132,995","6,594","1,674"
,3月,,Mar,"47,754","6,433","8,207","108,226","100,019","-1,774","46,539","-5,218",-696,"40,980","12,038","89,186","8,248","-68,171",-320,"-6,078"
,4月(P),,Apr(P),"39,078",-203,"3,957","101,081","97,124","-4,160","42,100","-2,818",-220,"44,594","27,747","-132,922","4,055","142,020","3,695","5,735"
,5月(P),,May(P),"39,683",-34,69,"93,602","93,533",-103,"42,756","-3,040",-155,"50,865","32,343","-20,349","6,283","146,943","-114,354","11,338"
