財務省　国際収支状況　（付表３　対外・対内　証券投資）,,,,,,,,,,,,,,,,,,,,,,,,,,,,
Ⅰ．対外・対内証券投資の総括表,,,,,,,,,,,,,,,,,,,,,,,,,,,,
6pi-1　対外・対内証券投資総括表,,,,,,,,,,,,,,,,,,,,,,,,,,,,
（単位　億円）,,,,,,,,,,,,,,,,,,,,,,,,,,,,
Japan's Balance of Payments,,,,,,,,,,,,,,,,,,,,,,,,,,,,
Portfolio Investment Assets/Liabilities ,,,,,,,,,,,,,,,,,,,,,,,,,,,,
1.Summary of Portfolio Investment Assets/Liabilities,,,,,,,,,,,,,,,,,,,,,,,,,,,,
6pi-1  Summary,,,,,,,,,,,,,,,,,,,,,,,,,,,,
(100 million Yen),,,,,,,,,,,,,,,,,,,,,,,,,,,,
,,,,,,,,,,,,,,,,,,,,,,,,,,,,
（備考） ,① （P）は速報値を示す。また、合計は四捨五入により合わないことがある。,,,,,,,,,,,,,,,,,,,,,,,,,,,
,② 平成25年以前の計数は、国際収支マニュアル第5版準拠統計を第6版の基準により組み替えたもの。,,,,,,,,,,,,,,,,,,,,,,,,,,,
,③ 令和8年4月8日付で、令和5年1月から令和7年9月までの計数について一部改訂を行っている。,,,,,,,,,,,,,,,,,,,,,,,,,,,
(NOTE) ,① （P）shows preliminary figures.Totals may not add due to rounding.,,,,,,,,,,,,,,,,,,,,,,,,,,,
,"② Until 2013, figures based on BPM5 are rearranged in accordance with BPM6.",,,,,,,,,,,,,,,,,,,,,,,,,,,
,"③ Certain figures from January 2023 up to September 2025 are revised as of April 8, 2026.",,,,,,,,,,,,,,,,,,,,,,,,,,,
,,,,,,,,,,,,,,,,,,,,,,,,,,,,
１．対外証券投資総括表（居住者による非居住者発行証券への投資）,,,,,,,,,,,,,,,２．対内証券投資総括表（非居住者による居住者発行証券への投資）,,,,,,,,,,,,,
,,,,,,,,,,,,,,,,,,,,,,,,,,,,
1.Portfolio Investment Assets,,,,,,,,,,,,,,,2.Portfolio Investment Liabilities,,,,,,,,,,,,,
,,,,,,,,,,,,,,,,,,,,,,,,,,,,
,,,,,,,,,,,,,,,,,,,,,,,,,,,,
,,,,株式・投資ファンド持分,,,中長期債,,,短期債,,,合計,,,,,,株式・投資ファンド持分,,,中長期債,,,短期債,,,合計
,,,,Equity and investment fund shares,,,Long-term debt securities,,,Short-term debt securities,,,Total,,,,,,Equity and investment fund shares,,,Long-term debt securities,,,Short-term debt securities,,,Total
,,,,取得,処分,ネット,取得,処分,ネット,取得,処分,ネット,ネット,,,,,,取得,処分,ネット,取得,処分,ネット,取得,処分,ネット,ネット
,,,,Acquisition,Disposition,Net,Acquisition,Disposition,Net,Acquisition,Disposition,Net,Net,,,,,,Acquisition,Disposition,Net,Acquisition,Disposition,Net,Acquisition,Disposition,Net,Net
（暦年）,,,,,,,,,,,,,,,（暦年）,,,,,,,,,,,,,
(Annual figures),,,,,,,,,,,,,,,(Annual figures),,,,,,,,,,,,,
平成8年,,1996C.Y.,,          --,          --,"9,045",          --,          --,"87,980",          --,          --,"13,028","110,054",,平成8年,,1996C.Y.,,          --,          --,"52,982",          --,          --,"19,309",          --,          --,680,"72,971"
平成9年,,1997C.Y.,,          --,          --,"16,447",          --,          --,"28,269",          --,          --,"10,020","54,736",,平成9年,,1997C.Y.,,          --,          --,"31,969",          --,          --,"37,472",          --,          --,"26,698","96,138"
平成10年,,1998C.Y.,,          --,          --,"18,508",          --,          --,"80,595",          --,          --,"28,063","127,166",,平成10年,,1998C.Y.,,          --,          --,"18,279",          --,          --,"-25,607",          --,          --,"76,506","69,177"
平成11年,,1999C.Y.,,          --,          --,"36,441",          --,          --,"95,962",          --,          --,"42,500","174,903",,平成11年,,1999C.Y.,,          --,          --,"117,294",          --,          --,"20,097",          --,          --,"7,490","144,881"
平成12年,,2000C.Y.,,          --,          --,"21,396",          --,          --,"51,104",          --,          --,"16,775","89,275",,平成12年,,2000C.Y.,,          --,          --,"-1,184",          --,          --,"61,318",          --,          --,"-9,329","50,805"
平成13年,,2001C.Y.,,          --,          --,"14,020",          --,          --,"118,062",          --,          --,"-1,407","130,675",,平成13年,,2001C.Y.,,          --,          --,"47,847",          --,          --,"34,534",          --,          --,"-7,998","74,384"
平成14年,,2002C.Y.,,          --,          --,"46,333",          --,          --,"62,251",          --,          --,"-6,960","101,624",,平成14年,,2002C.Y.,,          --,          --,"-20,627",          --,          --,"-17,382",          --,          --,"8,148","-29,862"
平成15年,,2003C.Y.,,          --,          --,"4,995",          --,          --,"207,260",          --,          --,"-6,832","205,424",,平成15年,,2003C.Y.,,          --,          --,"99,989",          --,          --,"-22,697",          --,          --,"13,401","90,693"
平成16年,,2004C.Y.,,          --,          --,"34,222",          --,          --,"161,564",          --,          --,"-6,692","189,094",,平成16年,,2004C.Y.,,          --,          --,"105,464",          --,          --,"58,089",          --,          --,"48,944","212,497"
平成17年,,2005C.Y.,,          --,          --,"25,652",          --,          --,"201,270",          --,          --,"-10,423","216,499",,平成17年,,2005C.Y.,,          --,          --,"149,043",          --,          --,"65,719",          --,          --,"-8,963","205,799"
平成18年,,2006C.Y.,,          --,          --,"28,963",          --,          --,"64,760",          --,          --,"-11,002","82,721",,平成18年,,2006C.Y.,,          --,          --,"83,400",          --,          --,"90,878",          --,          --,"56,404","230,682"
平成19年,,2007C.Y.,,          --,          --,"30,881",          --,          --,"120,747",          --,          --,"-5,744","145,884",,平成19年,,2007C.Y.,,          --,          --,"53,926",          --,          --,"79,015",          --,          --,"95,458","228,399"
平成20年,,2008C.Y.,,          --,          --,"65,251",          --,          --,"116,501",          --,          --,"5,734","187,487",,平成20年,,2008C.Y.,,          --,          --,"-73,493",          --,          --,"-38,364",          --,          --,"17,457","-94,401"
平成21年,,2009C.Y.,,          --,          --,"28,023",          --,          --,"117,515",          --,          --,720,"146,258",,平成21年,,2009C.Y.,,          --,          --,"10,390",          --,          --,"-64,755",          --,          --,"1,139","-53,227"
平成22年,,2010C.Y.,,          --,          --,"19,234",          --,          --,"208,352",          --,          --,"-2,359","225,226",,平成22年,,2010C.Y.,,          --,          --,"34,516",          --,          --,"5,074",          --,          --,"58,622","98,213"
平成23年,,2011C.Y.,,          --,          --,"9,645",          --,          --,"75,036",          --,          --,"-7,256","77,425",,平成23年,,2011C.Y.,,          --,          --,"5,999",          --,          --,"40,129",          --,          --,"166,542","212,670"
平成24年,,2012C.Y.,,          --,          --,"-17,880",          --,          --,"132,331",          --,          --,"-2,207","112,245",,平成24年,,2012C.Y.,,          --,          --,"29,039",          --,          --,"26,651",          --,          --,"32,120","87,810"
平成25年,,2013C.Y.,,          --,          --,"-66,263",          --,          --,"-18,562",          --,          --,"2,587","-82,238",,平成25年,,2013C.Y.,,          --,          --,"166,919",          --,          --,"-6,826",          --,          --,"23,321","183,414"
平成26年,,2014C.Y.,,"537,769","471,448","66,322","3,623,157","3,577,999","45,158","167,221","156,215","11,006","122,486",,平成26年,,2014C.Y.,,"4,157,170","4,119,508","37,662","839,426","716,627","122,799","2,044,957","2,034,602","10,355","170,816"
平成27年,,2015C.Y.,,"664,324","462,709","201,614","3,704,914","3,540,406","164,508","180,244","176,538","3,707","369,829",,平成27年,,2015C.Y.,,"5,251,621","5,238,341","13,280","890,684","791,713","98,970","2,143,572","2,046,288","97,284","209,535"
平成28年,,2016C.Y.,,"555,873","465,190","90,683","3,951,929","3,705,027","246,902","230,955","241,469","-10,514","327,071",,平成28年,,2016C.Y.,,"4,970,878","5,022,189","-51,311","1,069,348","981,602","87,745","2,125,883","2,131,742","-5,859","30,575"
平成29年,,2017C.Y.,,"625,131","512,065","113,067","3,262,255","3,268,682","-6,427","517,065","509,107","7,958","114,598",,平成29年,,2017C.Y.,,"5,193,693","5,175,313","18,380","933,928","825,237","108,691","2,117,094","2,073,054","44,039","171,110"
平成30年,,2018C.Y.,,"694,706","593,577","101,129","3,735,126","3,631,353","103,773","650,229","646,777","3,452","208,354",,平成30年,,2018C.Y.,,"5,845,326","5,890,700","-45,374","965,054","892,699","72,355","2,363,988","2,283,143","80,845","107,826"
令和元(平成31)年,,2019C.Y.,,"622,598","593,560","29,037","5,394,857","5,209,537","185,320","324,248","336,971","-12,723","201,634",,令和元(平成31)年,,2019C.Y.,,"4,824,549","4,790,370","34,178","1,174,432","1,051,648","122,784","2,405,657","2,454,652","-48,995","107,968"
令和2年,,2020C.Y.,,"868,552","911,108","-42,556","5,049,808","4,845,056","204,753","255,048","244,782","10,266","172,462",,令和2年,,2020C.Y.,,"5,736,546","5,823,908","-87,362","1,155,547","1,151,985","3,562","3,002,307","2,789,961","212,346","128,546"
令和3年,,2021C.Y.,,"893,729","915,287","-21,558","4,987,066","4,968,256","18,810","288,766","292,104","-3,338","-6,086",,令和3年,,2021C.Y.,,"6,304,689","6,283,963","20,727","1,431,626","1,251,629","179,996","3,139,880","3,127,514","12,366","213,089"
令和4年,,2022C.Y.,,"965,772","939,088","26,684","4,515,085","4,749,160","-234,075","390,287","410,627","-20,341","-227,732",,令和4年,,2022C.Y.,,"6,890,634","6,897,147","-6,513","1,813,213","1,923,262","-110,049","3,213,482","3,132,658","80,824","-35,739"
令和5年,,2023C.Y.,,"912,315","933,952","-21,637","4,552,990","4,367,096","185,894","494,264","484,405","9,859","174,117",,令和5年,,2023C.Y.,,"7,790,490","7,755,315","35,175","2,395,819","2,446,475","-50,656","3,614,261","3,699,305","-85,044","-100,525"
令和6年,,2024C.Y.,,"1,316,095","1,350,673","-34,578","5,298,822","5,245,388","53,435","425,381","424,715",666,"19,523",,令和6年,,2024C.Y.,,"10,055,406","10,032,899","22,507","2,814,239","2,789,482","24,757","2,961,794","3,129,079","-167,285","-120,021"
令和7年,,2025C.Y.,,"1,542,194","1,539,847","2,347","4,999,522","4,861,930","137,592","447,701","434,172","13,529","153,468",,令和7年,,2025C.Y.,,"11,149,074","11,064,641","84,433","2,938,713","2,725,457","213,256","2,488,606","2,475,905","12,701","310,390"
,,,,,,,,,,,,,,,,,,,,,,,,,,,,
（月次）,,,,,,,,,,,,,,,（月次）,,,,,,,,,,,,,
(Monthly figures),,,,,,,,,,,,,,,(Monthly figures),,,,,,,,,,,,,
平成8年,1月,1996,Jan,          --,          --,"-1,668",          --,          --,643,          --,          --,"1,237",212,,平成8年,1月,1996,Jan,          --,          --,"9,763",          --,          --,"-14,674",          --,          --,"1,031","-3,880"
,2月,,Feb,          --,          --,"-1,570",          --,          --,"7,431",          --,          --,143,"6,004",,,2月,,Feb,          --,          --,"6,561",          --,          --,"-5,368",          --,          --,"-8,350","-7,157"
,3月,,Mar,          --,          --,"-1,275",          --,          --,"7,153",          --,          --,-790,"5,088",,,3月,,Mar,          --,          --,"9,966",          --,          --,"6,646",          --,          --,"-13,352","3,260"
,4月,,Apr,          --,          --,"6,172",          --,          --,"-2,587",          --,          --,281,"3,866",,,4月,,Apr,          --,          --,"9,587",          --,          --,"8,306",          --,          --,"10,616","28,509"
,5月,,May,          --,          --,"1,314",          --,          --,"15,922",          --,          --,"2,216","19,452",,,5月,,May,          --,          --,"5,250",          --,          --,"4,813",          --,          --,"5,195","15,258"
,6月,,Jun,          --,          --,"1,747",          --,          --,"1,893",          --,          --,"2,602","6,243",,,6月,,Jun,          --,          --,"6,012",          --,          --,"5,601",          --,          --,"5,749","17,362"
,7月,,Jul,          --,          --,-365,          --,          --,"4,918",          --,          --,"1,448","6,001",,,7月,,Jul,          --,          --,6,          --,          --,"2,703",          --,          --,"1,942","4,652"
,8月,,Aug,          --,          --,303,          --,          --,"13,493",          --,          --,"1,213","15,010",,,8月,,Aug,          --,          --,"-1,556",          --,          --,"6,815",          --,          --,-298,"4,962"
,9月,,Sep,          --,          --,796,          --,          --,"10,774",          --,          --,"2,610","14,179",,,9月,,Sep,          --,          --,"2,844",          --,          --,"-10,899",          --,          --,"-3,944","-12,000"
,10月,,Oct,          --,          --,"1,035",          --,          --,"7,812",          --,          --,288,"9,136",,,10月,,Oct,          --,          --,459,          --,          --,"-2,329",          --,          --,"11,794","9,924"
,11月,,Nov,          --,          --,680,          --,          --,"11,858",          --,          --,"1,838","14,376",,,11月,,Nov,          --,          --,306,          --,          --,"4,706",          --,          --,"-5,369",-357
,12月,,Dec,          --,          --,"1,876",          --,          --,"8,669",          --,          --,-59,"10,487",,,12月,,Dec,          --,          --,"3,784",          --,          --,"12,989",          --,          --,"-4,335","12,438"
平成9年,1月,1997,Jan,          --,          --,"-1,427",          --,          --,"2,302",          --,          --,112,986,,平成9年,1月,1997,Jan,          --,          --,"-1,565",          --,          --,"-3,037",          --,          --,"-4,124","-8,725"
,2月,,Feb,          --,          --,"-1,016",          --,          --,"-5,367",          --,          --,"1,717","-4,666",,,2月,,Feb,          --,          --,"3,712",          --,          --,"-2,307",          --,          --,"-11,274","-9,870"
,3月,,Mar,          --,          --,-873,          --,          --,"14,310",          --,          --,"2,547","15,984",,,3月,,Mar,          --,          --,"4,438",          --,          --,"-6,882",          --,          --,"-6,156","-8,601"
,4月,,Apr,          --,          --,"3,785",          --,          --,"10,624",          --,          --,"3,154","17,563",,,4月,,Apr,          --,          --,"2,744",          --,          --,"-5,010",          --,          --,"30,154","27,888"
,5月,,May,          --,          --,"6,108",          --,          --,"20,293",          --,          --,576,"26,976",,,5月,,May,          --,          --,"9,881",          --,          --,"13,727",          --,          --,"3,688","27,296"
,6月,,Jun,          --,          --,"5,818",          --,          --,"12,489",          --,          --,-741,"17,567",,,6月,,Jun,          --,          --,"11,330",          --,          --,"-5,550",          --,          --,"5,387","11,167"
,7月,,Jul,          --,          --,"1,749",          --,          --,"8,425",          --,          --,-317,"9,857",,,7月,,Jul,          --,          --,"8,324",          --,          --,"13,610",          --,          --,971,"22,905"
,8月,,Aug,          --,          --,"1,609",          --,          --,"1,253",          --,          --,"1,830","4,693",,,8月,,Aug,          --,          --,"2,161",          --,          --,"-7,210",          --,          --,51,"-4,997"
,9月,,Sep,          --,          --,"-1,580",          --,          --,"-3,536",          --,          --,"4,351",-764,,,9月,,Sep,          --,          --,"-2,520",          --,          --,"18,548",          --,          --,"-21,071","-5,043"
,10月,,Oct,          --,          --,983,          --,          --,"12,868",          --,          --,"-2,894","10,957",,,10月,,Oct,          --,          --,-917,          --,          --,"-10,501",          --,          --,"11,884",466
,11月,,Nov,          --,          --,694,          --,          --,"-9,341",          --,          --,"2,497","-6,151",,,11月,,Nov,          --,          --,"-8,668",          --,          --,"16,241",          --,          --,"12,832","20,405"
,12月,,Dec,          --,          --,597,          --,          --,"-36,051",          --,          --,"-2,812","-38,266",,,12月,,Dec,          --,          --,"3,048",          --,          --,"15,842",          --,          --,"4,357","23,247"
平成10年,1月,1998,Jan,          --,          --,"-3,600",          --,          --,"-14,587",          --,          --,-990,"-19,177",,平成10年,1月,1998,Jan,          --,          --,"2,802",          --,          --,"-15,540",          --,          --,"-11,455","-24,193"
,2月,,Feb,          --,          --,"-1,906",          --,          --,"5,591",          --,          --,"6,172","9,858",,,2月,,Feb,          --,          --,"9,185",          --,          --,"-19,726",          --,          --,"-3,072","-13,613"
,3月,,Mar,          --,          --,"-3,638",          --,          --,"-2,953",          --,          --,"9,760","3,168",,,3月,,Mar,          --,          --,"3,345",          --,          --,"7,782",          --,          --,"-15,317","-4,190"
,4月,,Apr,          --,          --,"4,821",          --,          --,"8,251",          --,          --,"-4,281","8,791",,,4月,,Apr,          --,          --,"-2,744",          --,          --,"-23,111",          --,          --,"17,117","-8,738"
,5月,,May,          --,          --,"2,371",          --,          --,"8,808",          --,          --,"-2,449","8,730",,,5月,,May,          --,          --,"-4,097",          --,          --,"1,073",          --,          --,"2,477",-547
,6月,,Jun,          --,          --,"3,373",          --,          --,"10,549",          --,          --,"-2,011","11,911",,,6月,,Jun,          --,          --,"-5,825",          --,          --,"17,714",          --,          --,"9,050","20,939"
,7月,,Jul,          --,          --,"2,458",          --,          --,"5,443",          --,          --,-186,"7,715",,,7月,,Jul,          --,          --,"6,429",          --,          --,"-18,797",          --,          --,"7,481","-4,887"
,8月,,Aug,          --,          --,"2,867",          --,          --,"12,119",          --,          --,"2,780","17,766",,,8月,,Aug,          --,          --,"-3,001",          --,          --,"6,209",          --,          --,"7,207","10,415"
,9月,,Sep,          --,          --,"2,186",          --,          --,"24,471",          --,          --,"17,208","43,864",,,9月,,Sep,          --,          --,"-7,117",          --,          --,"11,696",          --,          --,"12,966","17,544"
,10月,,Oct,          --,          --,"2,755",          --,          --,"1,924",          --,          --,"2,065","6,743",,,10月,,Oct,          --,          --,"11,842",          --,          --,"-9,363",          --,          --,"26,515","28,994"
,11月,,Nov,          --,          --,"2,563",          --,          --,"11,189",          --,          --,"-1,595","12,156",,,11月,,Nov,          --,          --,"4,114",          --,          --,"7,669",          --,          --,"17,730","29,514"
,12月,,Dec,          --,          --,"4,258",          --,          --,"9,792",          --,          --,"1,591","15,641",,,12月,,Dec,          --,          --,"3,345",          --,          --,"8,786",          --,          --,"5,806","17,937"
平成11年,1月,1999,Jan,          --,          --,-876,          --,          --,"-6,514",          --,          --,-546,"-7,936",,平成11年,1月,1999,Jan,          --,          --,-934,          --,          --,"-9,366",          --,          --,"1,274","-9,025"
,2月,,Feb,          --,          --,"1,836",          --,          --,"-4,113",          --,          --,"10,962","8,685",,,2月,,Feb,          --,          --,"7,425",          --,          --,"-3,053",          --,          --,"-3,749",622
,3月,,Mar,          --,          --,"2,273",          --,          --,"-2,126",          --,          --,"19,565","19,712",,,3月,,Mar,          --,          --,"15,239",          --,          --,"-1,857",          --,          --,"-3,462","9,919"
,4月,,Apr,          --,          --,"3,364",          --,          --,"12,634",          --,          --,"-4,765","11,234",,,4月,,Apr,          --,          --,"14,463",          --,          --,"8,317",          --,          --,"11,707","34,487"
,5月,,May,          --,          --,"2,883",          --,          --,"4,355",          --,          --,"-1,516","5,722",,,5月,,May,          --,          --,"6,950",          --,          --,"8,093",          --,          --,"-4,025","11,019"
,6月,,Jun,          --,          --,"3,665",          --,          --,"19,543",          --,          --,"-1,789","21,418",,,6月,,Jun,          --,          --,"11,555",          --,          --,"-9,300",          --,          --,"5,156","7,411"
,7月,,Jul,          --,          --,"1,532",          --,          --,"6,460",          --,          --,"2,586","10,578",,,7月,,Jul,          --,          --,"11,628",          --,          --,"10,987",          --,          --,"12,905","35,520"
,8月,,Aug,          --,          --,"4,931",          --,          --,"13,921",          --,          --,"3,879","22,731",,,8月,,Aug,          --,          --,"9,633",          --,          --,726,          --,          --,"7,336","17,695"
,9月,,Sep,          --,          --,"4,676",          --,          --,"26,514",          --,          --,"12,821","44,011",,,9月,,Sep,          --,          --,"3,594",          --,          --,"9,429",          --,          --,"-5,384","7,639"
,10月,,Oct,          --,          --,"5,231",          --,          --,"-2,348",          --,          --,"2,513","5,396",,,10月,,Oct,          --,          --,"14,555",          --,          --,"6,191",          --,          --,"2,739","23,485"
,11月,,Nov,          --,          --,"4,196",          --,          --,"5,890",          --,          --,-464,"9,623",,,11月,,Nov,          --,          --,"15,109",          --,          --,"3,445",          --,          --,"-12,668","5,886"
,12月,,Dec,          --,          --,"2,728",          --,          --,"21,748",          --,          --,-746,"23,730",,,12月,,Dec,          --,          --,"8,077",          --,          --,"-3,514",          --,          --,"-4,340",224
平成12年,1月,2000,Jan,          --,          --,"-2,386",          --,          --,"-25,962",          --,          --,"-3,913","-32,261",,平成12年,1月,2000,Jan,          --,          --,"2,121",          --,          --,"1,465",          --,          --,"7,470","11,056"
,2月,,Feb,          --,          --,757,          --,          --,"8,942",          --,          --,"5,177","14,876",,,2月,,Feb,          --,          --,"8,175",          --,          --,"4,070",          --,          --,"2,643","14,888"
,3月,,Mar,          --,          --,"-1,995",          --,          --,"13,585",          --,          --,"2,183","13,772",,,3月,,Mar,          --,          --,"-1,779",          --,          --,-695,          --,          --,-695,"-3,169"
,4月,,Apr,          --,          --,"2,465",          --,          --,"-5,292",          --,          --,"2,415",-411,,,4月,,Apr,          --,          --,"1,572",          --,          --,"9,194",          --,          --,"5,115","15,882"
,5月,,May,          --,          --,"1,607",          --,          --,"4,928",          --,          --,"7,580","14,115",,,5月,,May,          --,          --,"-8,751",          --,          --,"-2,991",          --,          --,"2,903","-8,839"
,6月,,Jun,          --,          --,"3,401",          --,          --,"30,503",          --,          --,"8,616","42,520",,,6月,,Jun,          --,          --,"-3,563",          --,          --,"7,576",          --,          --,198,"4,210"
,7月,,Jul,          --,          --,"5,781",          --,          --,"8,908",          --,          --,"-4,601","10,088",,,7月,,Jul,          --,          --,-324,          --,          --,"-4,811",          --,          --,"12,805","7,670"
,8月,,Aug,          --,          --,-749,          --,          --,"10,458",          --,          --,"1,880","11,588",,,8月,,Aug,          --,          --,-330,          --,          --,"15,981",          --,          --,"-2,568","13,084"
,9月,,Sep,          --,          --,"1,224",          --,          --,"10,382",          --,          --,"-1,088","10,518",,,9月,,Sep,          --,          --,"-5,307",          --,          --,-231,          --,          --,-436,"-5,975"
,10月,,Oct,          --,          --,"7,058",          --,          --,"-2,657",          --,          --,232,"4,634",,,10月,,Oct,          --,          --,"4,582",          --,          --,"7,220",          --,          --,"-5,100","6,702"
,11月,,Nov,          --,          --,55,          --,          --,"8,388",          --,          --,"-2,039","6,404",,,11月,,Nov,          --,          --,"3,178",          --,          --,"18,464",          --,          --,"-20,416","1,226"
,12月,,Dec,          --,          --,"4,178",          --,          --,"-11,079",          --,          --,333,"-6,568",,,12月,,Dec,          --,          --,-758,          --,          --,"6,075",          --,          --,"-11,247","-5,930"
平成13年,1月,2001,Jan,          --,          --,"-1,331",          --,          --,"4,955",          --,          --,"-2,844",780,,平成13年,1月,2001,Jan,          --,          --,"7,992",          --,          --,"6,932",          --,          --,"-4,624","10,299"
,2月,,Feb,          --,          --,"-1,665",          --,          --,"-6,219",          --,          --,"-3,197","-11,081",,,2月,,Feb,          --,          --,"5,171",          --,          --,"-3,290",          --,          --,"-1,824",56
,3月,,Mar,          --,          --,-838,          --,          --,"16,177",          --,          --,215,"15,554",,,3月,,Mar,          --,          --,"-5,298",          --,          --,"3,026",          --,          --,"-2,345","-4,617"
,4月,,Apr,          --,          --,"2,426",          --,          --,"-1,922",          --,          --,800,"1,304",,,4月,,Apr,          --,          --,"23,045",          --,          --,"2,801",          --,          --,"-4,570","21,276"
,5月,,May,          --,          --,"3,255",          --,          --,"1,778",          --,          --,"1,571","6,604",,,5月,,May,          --,          --,"15,003",          --,          --,"-6,947",          --,          --,"-1,531","6,525"
,6月,,Jun,          --,          --,"1,942",          --,          --,"12,460",          --,          --,"5,426","19,828",,,6月,,Jun,          --,          --,"-4,805",          --,          --,"15,347",          --,          --,"2,695","13,238"
,7月,,Jul,          --,          --,"3,144",          --,          --,"10,473",          --,          --,"1,214","14,831",,,7月,,Jul,          --,          --,"1,107",          --,          --,"5,059",          --,          --,41,"6,207"
,8月,,Aug,          --,          --,"1,246",          --,          --,"15,873",          --,          --,"1,235","18,353",,,8月,,Aug,          --,          --,"2,774",          --,          --,"5,370",          --,          --,"-3,805","4,339"
,9月,,Sep,          --,          --,"-1,494",          --,          --,"19,197",          --,          --,"6,078","23,781",,,9月,,Sep,          --,          --,"-13,098",          --,          --,"-3,401",          --,          --,"-5,648","-22,147"
,10月,,Oct,          --,          --,"5,178",          --,          --,"23,968",          --,          --,"-1,057","28,089",,,10月,,Oct,          --,          --,"12,110",          --,          --,"7,279",          --,          --,"1,291","20,679"
,11月,,Nov,          --,          --,685,          --,          --,"14,855",          --,          --,"-6,135","9,405",,,11月,,Nov,          --,          --,"6,005",          --,          --,"1,621",          --,          --,"2,724","10,350"
,12月,,Dec,          --,          --,"1,474",          --,          --,"6,467",          --,          --,"-4,714","3,227",,,12月,,Dec,          --,          --,"-2,158",          --,          --,737,          --,          --,"9,599","8,178"
平成14年,1月,2002,Jan,          --,          --,"-2,773",          --,          --,"-20,666",          --,          --,"-4,071","-27,511",,平成14年,1月,2002,Jan,          --,          --,"2,142",          --,          --,"-22,628",          --,          --,"-4,747","-25,233"
,2月,,Feb,          --,          --,"7,945",          --,          --,"-13,377",          --,          --,"-3,413","-8,844",,,2月,,Feb,          --,          --,"-36,416",          --,          --,"-23,612",          --,          --,"-6,808","-66,835"
,3月,,Mar,          --,          --,"2,367",          --,          --,"-9,726",          --,          --,"1,295","-6,064",,,3月,,Mar,          --,          --,242,          --,          --,"-4,907",          --,          --,"-4,986","-9,651"
,4月,,Apr,          --,          --,"5,129",          --,          --,"-12,004",          --,          --,"5,413","-1,462",,,4月,,Apr,          --,          --,"18,298",          --,          --,"-4,137",          --,          --,"-3,064","11,098"
,5月,,May,          --,          --,"6,391",          --,          --,"10,991",          --,          --,"1,662","19,044",,,5月,,May,          --,          --,"10,194",          --,          --,"-4,953",          --,          --,"10,663","15,904"
,6月,,Jun,          --,          --,"7,991",          --,          --,"19,400",          --,          --,-15,"27,376",,,6月,,Jun,          --,          --,"3,353",          --,          --,"18,059",          --,          --,"6,572","27,984"
,7月,,Jul,          --,          --,"10,723",          --,          --,"25,542",          --,          --,"-4,428","31,837",,,7月,,Jul,          --,          --,"-4,862",          --,          --,"5,234",          --,          --,"2,871","3,243"
,8月,,Aug,          --,          --,"4,107",          --,          --,"5,474",          --,          --,"-3,276","6,305",,,8月,,Aug,          --,          --,"-10,521",          --,          --,"7,113",          --,          --,"1,679","-1,729"
,9月,,Sep,          --,          --,"6,413",          --,          --,"30,708",          --,          --,630,"37,750",,,9月,,Sep,          --,          --,"-25,905",          --,          --,"10,802",          --,          --,"3,497","-11,605"
,10月,,Oct,          --,          --,"1,687",          --,          --,"-2,841",          --,          --,"-2,689","-3,843",,,10月,,Oct,          --,          --,"20,660",          --,          --,"-15,368",          --,          --,"-1,895","3,397"
,11月,,Nov,          --,          --,"-1,506",          --,          --,"16,091",          --,          --,"3,136","17,721",,,11月,,Nov,          --,          --,"2,226",          --,          --,"1,094",          --,          --,"2,174","5,494"
,12月,,Dec,          --,          --,"-2,141",          --,          --,"12,660",          --,          --,"-1,204","9,315",,,12月,,Dec,          --,          --,-40,          --,          --,"15,921",          --,          --,"2,191","18,072"
平成15年,1月,2003,Jan,          --,          --,"1,685",          --,          --,730,          --,          --,"2,124","4,539",,平成15年,1月,2003,Jan,          --,          --,"4,711",          --,          --,"-6,417",          --,          --,460,"-1,246"
,2月,,Feb,          --,          --,"3,083",          --,          --,"12,060",          --,          --,"-1,762","13,381",,,2月,,Feb,          --,          --,"-7,211",          --,          --,416,          --,          --,"3,269","-3,525"
,3月,,Mar,          --,          --,"2,846",          --,          --,"43,383",          --,          --,"3,084","49,313",,,3月,,Mar,          --,          --,"-14,552",          --,          --,"7,456",          --,          --,"5,163","-1,934"
,4月,,Apr,          --,          --,"-1,174",          --,          --,"-4,143",          --,          --,"-3,265","-8,583",,,4月,,Apr,          --,          --,"26,358",          --,          --,"-13,036",          --,          --,"4,180","17,502"
,5月,,May,          --,          --,"-1,645",          --,          --,"36,725",          --,          --,128,"35,208",,,5月,,May,          --,          --,"7,547",          --,          --,"-6,522",          --,          --,"-4,442","-3,417"
,6月,,Jun,          --,          --,"-2,505",          --,          --,"46,830",          --,          --,"-3,557","40,768",,,6月,,Jun,          --,          --,"10,069",          --,          --,"2,978",          --,          --,"-2,774","10,273"
,7月,,Jul,          --,          --,-329,          --,          --,"-15,319",          --,          --,"3,742","-11,906",,,7月,,Jul,          --,          --,"22,479",          --,          --,"-6,747",          --,          --,"3,594","19,326"
,8月,,Aug,          --,          --,"-1,600",          --,          --,"2,177",          --,          --,"-1,149",-572,,,8月,,Aug,          --,          --,"12,712",          --,          --,"-7,195",          --,          --,"-1,211","4,306"
,9月,,Sep,          --,          --,836,          --,          --,"48,219",          --,          --,"-4,036","45,018",,,9月,,Sep,          --,          --,"-4,233",          --,          --,"-7,157",          --,          --,-271,"-11,661"
,10月,,Oct,          --,          --,"2,431",          --,          --,"-16,734",          --,          --,"-1,147","-15,449",,,10月,,Oct,          --,          --,"27,495",          --,          --,"-4,716",          --,          --,"2,505","25,284"
,11月,,Nov,          --,          --,962,          --,          --,"32,053",          --,          --,-772,"32,243",,,11月,,Nov,          --,          --,"6,247",          --,          --,"9,505",          --,          --,"1,574","17,326"
,12月,,Dec,          --,          --,405,          --,          --,"21,280",          --,          --,-223,"21,463",,,12月,,Dec,          --,          --,"8,367",          --,          --,"8,738",          --,          --,"1,354","18,459"
平成16年,1月,2004,Jan,          --,          --,-736,          --,          --,"-2,208",          --,          --,"1,568","-1,377",,平成16年,1月,2004,Jan,          --,          --,"17,350",          --,          --,"8,295",          --,          --,"21,616","47,261"
,2月,,Feb,          --,          --,-615,          --,          --,"4,447",          --,          --,"-2,806","1,027",,,2月,,Feb,          --,          --,"3,441",          --,          --,"11,914",          --,          --,"4,783","20,139"
,3月,,Mar,          --,          --,"1,166",          --,          --,"33,393",          --,          --,-279,"34,280",,,3月,,Mar,          --,          --,"7,941",          --,          --,"-30,217",          --,          --,"-5,062","-27,338"
,4月,,Apr,          --,          --,"8,277",          --,          --,"-10,693",          --,          --,"-2,209","-4,625",,,4月,,Apr,          --,          --,"24,865",          --,          --,"9,845",          --,          --,"17,229","51,939"
,5月,,May,          --,          --,"2,089",          --,          --,"16,230",          --,          --,"-2,577","15,742",,,5月,,May,          --,          --,"-3,314",          --,          --,"19,308",          --,          --,"-11,366","4,628"
,6月,,Jun,          --,          --,"4,415",          --,          --,"29,879",          --,          --,"1,651","35,944",,,6月,,Jun,          --,          --,"9,852",          --,          --,"-19,619",          --,          --,"9,801",35
,7月,,Jul,          --,          --,"3,796",          --,          --,"2,806",          --,          --,"1,988","8,589",,,7月,,Jul,          --,          --,"9,730",          --,          --,"1,515",          --,          --,"26,506","37,752"
,8月,,Aug,          --,          --,"3,971",          --,          --,"9,858",          --,          --,"-1,210","12,620",,,8月,,Aug,          --,          --,"1,114",          --,          --,"15,413",          --,          --,"-4,825","11,702"
,9月,,Sep,          --,          --,"2,581",          --,          --,"58,067",          --,          --,442,"61,091",,,9月,,Sep,          --,          --,"-12,620",          --,          --,"17,532",          --,          --,"-7,795","-2,883"
,10月,,Oct,          --,          --,"2,982",          --,          --,"-13,822",          --,          --,"-2,610","-13,451",,,10月,,Oct,          --,          --,"23,940",          --,          --,"8,111",          --,          --,-277,"31,774"
,11月,,Nov,          --,          --,"2,808",          --,          --,"33,675",          --,          --,"-2,004","34,478",,,11月,,Nov,          --,          --,"10,341",          --,          --,"3,109",          --,          --,-966,"12,484"
,12月,,Dec,          --,          --,"3,489",          --,          --,-68,          --,          --,"1,355","4,776",,,12月,,Dec,          --,          --,"12,822",          --,          --,"12,883",          --,          --,-700,"25,005"
平成17年,1月,2005,Jan,          --,          --,"1,733",          --,          --,"1,823",          --,          --,"-2,080","1,476",,平成17年,1月,2005,Jan,          --,          --,"11,087",          --,          --,"14,905",          --,          --,"5,645","31,638"
,2月,,Feb,          --,          --,301,          --,          --,"-2,673",          --,          --,"-2,169","-4,541",,,2月,,Feb,          --,          --,"7,068",          --,          --,91,          --,          --,"-5,151","2,009"
,3月,,Mar,          --,          --,545,          --,          --,"33,273",          --,          --,884,"34,703",,,3月,,Mar,          --,          --,"-6,271",          --,          --,-475,          --,          --,"-14,151","-20,898"
,4月,,Apr,          --,          --,"1,503",          --,          --,"2,694",          --,          --,-874,"3,323",,,4月,,Apr,          --,          --,"24,486",          --,          --,"16,793",          --,          --,"5,423","46,702"
,5月,,May,          --,          --,"3,496",          --,          --,"27,892",          --,          --,286,"31,674",,,5月,,May,          --,          --,"2,003",          --,          --,"19,645",          --,          --,-139,"21,510"
,6月,,Jun,          --,          --,"1,676",          --,          --,"16,925",          --,          --,"-1,428","17,172",,,6月,,Jun,          --,          --,"1,073",          --,          --,"9,979",          --,          --,"-4,069","6,983"
,7月,,Jul,          --,          --,"1,194",          --,          --,"24,688",          --,          --,-531,"25,351",,,7月,,Jul,          --,          --,"19,146",          --,          --,"-1,990",          --,          --,"3,381","20,537"
,8月,,Aug,          --,          --,"2,901",          --,          --,"11,783",          --,          --,-816,"13,868",,,8月,,Aug,          --,          --,"12,841",          --,          --,"-3,755",          --,          --,588,"9,674"
,9月,,Sep,          --,          --,"2,894",          --,          --,"56,707",          --,          --,-29,"59,571",,,9月,,Sep,          --,          --,"-12,223",          --,          --,"4,542",          --,          --,"-9,403","-17,084"
,10月,,Oct,          --,          --,"4,513",          --,          --,"4,488",          --,          --,"-2,718","6,283",,,10月,,Oct,          --,          --,"55,881",          --,          --,812,          --,          --,"-2,968","53,724"
,11月,,Nov,          --,          --,801,          --,          --,"8,325",          --,          --,-466,"8,660",,,11月,,Nov,          --,          --,"22,980",          --,          --,"13,644",          --,          --,"15,194","51,818"
,12月,,Dec,          --,          --,"4,096",          --,          --,"15,343",          --,          --,-481,"18,959",,,12月,,Dec,          --,          --,"10,971",          --,          --,"-8,472",          --,          --,"-3,312",-813
平成18年,1月,2006,Jan,          --,          --,"1,547",          --,          --,"-3,064",          --,          --,"-2,415","-3,932",,平成18年,1月,2006,Jan,          --,          --,"24,353",          --,          --,"13,332",          --,          --,"4,012","41,697"
,2月,,Feb,          --,          --,"1,504",          --,          --,"1,022",          --,          --,280,"2,805",,,2月,,Feb,          --,          --,910,          --,          --,"-12,707",          --,          --,"-1,552","-13,349"
,3月,,Mar,          --,          --,612,          --,          --,"28,583",          --,          --,"1,114","30,309",,,3月,,Mar,          --,          --,"-18,688",          --,          --,-792,          --,          --,"2,397","-17,083"
,4月,,Apr,          --,          --,"5,643",          --,          --,"-31,358",          --,          --,"-4,093","-29,807",,,4月,,Apr,          --,          --,"51,849",          --,          --,"-5,158",          --,          --,"2,083","48,774"
,5月,,May,          --,          --,"6,540",          --,          --,"10,394",          --,          --,"-3,025","13,909",,,5月,,May,          --,          --,"-8,458",          --,          --,"30,337",          --,          --,"22,768","44,647"
,6月,,Jun,          --,          --,"2,661",          --,          --,"7,414",          --,          --,"-2,045","8,029",,,6月,,Jun,          --,          --,"-7,476",          --,          --,"28,230",          --,          --,"12,149","32,903"
,7月,,Jul,          --,          --,444,          --,          --,"5,347",          --,          --,"2,123","7,913",,,7月,,Jul,          --,          --,"10,218",          --,          --,"-20,698",          --,          --,"1,401","-9,080"
,8月,,Aug,          --,          --,"2,960",          --,          --,"19,804",          --,          --,-101,"22,663",,,8月,,Aug,          --,          --,"-3,549",          --,          --,"7,724",          --,          --,"5,891","10,066"
,9月,,Sep,          --,          --,758,          --,          --,"38,510",          --,          --,-15,"39,252",,,9月,,Sep,          --,          --,"-36,501",          --,          --,"-2,783",          --,          --,"-13,326","-52,610"
,10月,,Oct,          --,          --,264,          --,          --,"-24,183",          --,          --,462,"-23,456",,,10月,,Oct,          --,          --,"53,653",          --,          --,"16,021",          --,          --,"-4,656","65,019"
,11月,,Nov,          --,          --,"2,370",          --,          --,"9,585",          --,          --,"-1,916","10,038",,,11月,,Nov,          --,          --,"5,025",          --,          --,"22,240",          --,          --,"21,696","48,961"
,12月,,Dec,          --,          --,"3,661",          --,          --,"2,706",          --,          --,"-1,369","4,998",,,12月,,Dec,          --,          --,"12,064",          --,          --,"15,132",          --,          --,"3,540","30,736"
平成19年,1月,2007,Jan,          --,          --,"-2,811",          --,          --,"-4,457",          --,          --,-927,"-8,196",,平成19年,1月,2007,Jan,          --,          --,"25,054",          --,          --,"22,268",          --,          --,946,"48,268"
,2月,,Feb,          --,          --,"6,875",          --,          --,"-10,845",          --,          --,-396,"-4,366",,,2月,,Feb,          --,          --,"7,952",          --,          --,"12,224",          --,          --,"-6,361","13,815"
,3月,,Mar,          --,          --,"5,507",          --,          --,"40,952",          --,          --,"2,435","48,894",,,3月,,Mar,          --,          --,"-41,700",          --,          --,"6,465",          --,          --,"-4,505","-39,739"
,4月,,Apr,          --,          --,"-1,057",          --,          --,"-27,248",          --,          --,"-2,111","-30,416",,,4月,,Apr,          --,          --,"59,981",          --,          --,"1,903",          --,          --,"-14,177","47,707"
,5月,,May,          --,          --,"5,919",          --,          --,"10,920",          --,          --,"-1,874","14,965",,,5月,,May,          --,          --,"5,152",          --,          --,"11,492",          --,          --,"6,413","23,057"
,6月,,Jun,          --,          --,"2,412",          --,          --,"35,349",          --,          --,"-1,366","36,395",,,6月,,Jun,          --,          --,"11,507",          --,          --,"-16,372",          --,          --,"-12,059","-16,925"
,7月,,Jul,          --,          --,"2,568",          --,          --,"-32,137",          --,          --,"2,145","-27,424",,,7月,,Jul,          --,          --,"22,275",          --,          --,"-2,721",          --,          --,"3,937","23,492"
,8月,,Aug,          --,          --,"5,098",          --,          --,"-1,219",          --,          --,-943,"2,937",,,8月,,Aug,          --,          --,"-28,663",          --,          --,"44,595",          --,          --,"24,423","40,355"
,9月,,Sep,          --,          --,"2,567",          --,          --,"95,608",          --,          --,"2,152","100,328",,,9月,,Sep,          --,          --,"-40,481",          --,          --,401,          --,          --,"14,224","-25,855"
,10月,,Oct,          --,          --,196,          --,          --,"-21,306",          --,          --,"-3,453","-24,564",,,10月,,Oct,          --,          --,"51,670",          --,          --,"11,175",          --,          --,"-23,596","39,248"
,11月,,Nov,          --,          --,"2,424",          --,          --,"18,128",          --,          --,-242,"20,309",,,11月,,Nov,          --,          --,"-11,564",          --,          --,"-11,820",          --,          --,"57,035","33,651"
,12月,,Dec,          --,          --,"1,182",          --,          --,"17,003",          --,          --,"-1,164","17,021",,,12月,,Dec,          --,          --,"-7,257",          --,          --,-595,          --,          --,"49,177","41,325"
平成20年,1月,2008,Jan,          --,          --,"7,178",          --,          --,"24,652",          --,          --,-441,"31,388",,平成20年,1月,2008,Jan,          --,          --,"-12,126",          --,          --,"23,254",          --,          --,"-18,480","-7,352"
,2月,,Feb,          --,          --,"5,045",          --,          --,"2,510",          --,          --,813,"8,368",,,2月,,Feb,          --,          --,"-14,910",          --,          --,-592,          --,          --,"13,155","-2,347"
,3月,,Mar,          --,          --,"2,207",          --,          --,"55,614",          --,          --,"2,334","60,155",,,3月,,Mar,          --,          --,"-39,536",          --,          --,"-30,524",          --,          --,"23,753","-46,307"
,4月,,Apr,          --,          --,"1,698",          --,          --,"-47,244",          --,          --,"-1,111","-46,656",,,4月,,Apr,          --,          --,"43,990",          --,          --,"-2,632",          --,          --,"12,480","53,838"
,5月,,May,          --,          --,"2,413",          --,          --,"26,508",          --,          --,"1,240","30,161",,,5月,,May,          --,          --,"9,717",          --,          --,"-4,858",          --,          --,"18,930","23,789"
,6月,,Jun,          --,          --,"1,719",          --,          --,"34,183",          --,          --,"2,107","38,009",,,6月,,Jun,          --,          --,-695,          --,          --,"-1,639",          --,          --,"16,903","14,569"
,7月,,Jul,          --,          --,"3,187",          --,          --,"-17,907",          --,          --,"-1,204","-15,923",,,7月,,Jul,          --,          --,-837,          --,          --,"15,307",          --,          --,269,"14,740"
,8月,,Aug,          --,          --,"-1,471",          --,          --,"-16,646",          --,          --,-690,"-18,806",,,8月,,Aug,          --,          --,"-18,180",          --,          --,"21,870",          --,          --,"6,680","10,369"
,9月,,Sep,          --,          --,"3,160",          --,          --,"33,076",          --,          --,"1,864","38,100",,,9月,,Sep,          --,          --,"-27,935",          --,          --,"-4,768",          --,          --,"-11,471","-44,174"
,10月,,Oct,          --,          --,"13,976",          --,          --,"-1,415",          --,          --,"-3,573","8,988",,,10月,,Oct,          --,          --,"7,907",          --,          --,"-23,931",          --,          --,"1,222","-14,802"
,11月,,Nov,          --,          --,"12,977",          --,          --,-87,          --,          --,"2,053","14,942",,,11月,,Nov,          --,          --,"-12,389",          --,          --,"-18,981",          --,          --,"-6,539","-37,910"
,12月,,Dec,          --,          --,"13,162",          --,          --,"23,257",          --,          --,"2,343","38,761",,,12月,,Dec,          --,          --,"-8,500",          --,          --,"-10,868",          --,          --,"-39,446","-58,815"
平成21年,1月,2009,Jan,          --,          --,"7,792",          --,          --,"1,288",          --,          --,-178,"8,901",,平成21年,1月,2009,Jan,          --,          --,"1,578",          --,          --,"-2,549",          --,          --,"-5,082","-6,053"
,2月,,Feb,          --,          --,"7,429",          --,          --,"35,319",          --,          --,504,"43,253",,,2月,,Feb,          --,          --,"-12,409",          --,          --,"-1,806",          --,          --,"18,865","4,650"
,3月,,Mar,          --,          --,"7,005",          --,          --,"24,085",          --,          --,549,"31,639",,,3月,,Mar,          --,          --,"-25,364",          --,          --,"-8,570",          --,          --,"-5,615","-39,549"
,4月,,Apr,          --,          --,971,          --,          --,"-11,986",          --,          --,"-2,666","-13,681",,,4月,,Apr,          --,          --,"6,169",          --,          --,"-9,502",          --,          --,"24,204","20,871"
,5月,,May,          --,          --,"1,910",          --,          --,"18,730",          --,          --,693,"21,333",,,5月,,May,          --,          --,"5,199",          --,          --,"-13,067",          --,          --,754,"-7,114"
,6月,,Jun,          --,          --,"1,066",          --,          --,"34,838",          --,          --,-408,"35,496",,,6月,,Jun,          --,          --,-138,          --,          --,"-5,657",          --,          --,"-2,913","-8,707"
,7月,,Jul,          --,          --,"1,552",          --,          --,"-8,160",          --,          --,"-1,083","-7,690",,,7月,,Jul,          --,          --,"12,869",          --,          --,"-10,747",          --,          --,"8,567","10,689"
,8月,,Aug,          --,          --,-386,          --,          --,"4,747",          --,          --,-446,"3,915",,,8月,,Aug,          --,          --,968,          --,          --,"9,572",          --,          --,"-22,965","-12,425"
,9月,,Sep,          --,          --,"2,059",          --,          --,"21,714",          --,          --,889,"24,662",,,9月,,Sep,          --,          --,"-15,670",          --,          --,"-14,047",          --,          --,"-2,075","-31,792"
,10月,,Oct,          --,          --,-872,          --,          --,"-34,471",          --,          --,"2,250","-33,092",,,10月,,Oct,          --,          --,"21,904",          --,          --,-80,          --,          --,"11,646","33,470"
,11月,,Nov,          --,          --,"-1,572",          --,          --,"13,003",          --,          --,"1,115","12,546",,,11月,,Nov,          --,          --,"1,432",          --,          --,"-1,327",          --,          --,"-17,115","-17,009"
,12月,,Dec,          --,          --,"1,068",          --,          --,"18,407",          --,          --,-500,"18,976",,,12月,,Dec,          --,          --,"13,851",          --,          --,"-6,975",          --,          --,"-7,133",-257
平成22年,1月,2010,Jan,          --,          --,"-1,145",          --,          --,"-13,662",          --,          --,"-1,997","-16,804",,平成22年,1月,2010,Jan,          --,          --,"22,540",          --,          --,"-6,457",          --,          --,"20,131","36,214"
,2月,,Feb,          --,          --,"3,247",          --,          --,"11,555",          --,          --,28,"14,830",,,2月,,Feb,          --,          --,"-1,951",          --,          --,"5,267",          --,          --,-722,"2,593"
,3月,,Mar,          --,          --,-209,          --,          --,"36,928",          --,          --,-748,"35,972",,,3月,,Mar,          --,          --,"-12,933",          --,          --,"-9,352",          --,          --,"-39,092","-61,377"
,4月,,Apr,          --,          --,"-2,566",          --,          --,"-17,760",          --,          --,134,"-20,192",,,4月,,Apr,          --,          --,"33,328",          --,          --,"5,548",          --,          --,"7,589","46,465"
,5月,,May,          --,          --,"8,713",          --,          --,"12,606",          --,          --,78,"21,398",,,5月,,May,          --,          --,"-10,436",          --,          --,453,          --,          --,"49,819","39,835"
,6月,,Jun,          --,          --,"5,031",          --,          --,"51,439",          --,          --,-622,"55,848",,,6月,,Jun,          --,          --,"-10,041",          --,          --,"-3,491",          --,          --,"-8,197","-21,729"
,7月,,Jul,          --,          --,"3,440",          --,          --,"19,071",          --,          --,866,"23,377",,,7月,,Jul,          --,          --,"5,814",          --,          --,"7,806",          --,          --,"13,592","27,212"
,8月,,Aug,          --,          --,"2,771",          --,          --,"34,914",          --,          --,41,"37,726",,,8月,,Aug,          --,          --,"-5,058",          --,          --,"3,710",          --,          --,"-7,041","-8,389"
,9月,,Sep,          --,          --,"-1,036",          --,          --,"59,894",          --,          --,599,"59,458",,,9月,,Sep,          --,          --,"-21,496",          --,          --,"8,504",          --,          --,"30,890","17,898"
,10月,,Oct,          --,          --,"-1,446",          --,          --,"6,760",          --,          --,-330,"4,984",,,10月,,Oct,          --,          --,"26,031",          --,          --,"3,072",          --,          --,"13,497","42,600"
,11月,,Nov,          --,          --,"1,765",          --,          --,"-13,969",          --,          --,-982,"-13,185",,,11月,,Nov,          --,          --,"7,652",          --,          --,-327,          --,          --,"-8,330","-1,005"
,12月,,Dec,          --,          --,668,          --,          --,"20,574",          --,          --,572,"21,814",,,12月,,Dec,          --,          --,"1,065",          --,          --,"-9,657",          --,          --,"-13,513","-22,106"
平成23年,1月,2011,Jan,          --,          --,"-1,690",          --,          --,"7,508",          --,          --,"-2,693","3,126",,平成23年,1月,2011,Jan,          --,          --,"15,579",          --,          --,"10,530",          --,          --,"56,235","82,344"
,2月,,Feb,          --,          --,"-1,785",          --,          --,"7,553",          --,          --,525,"6,293",,,2月,,Feb,          --,          --,"3,042",          --,          --,"7,940",          --,          --,"2,562","13,544"
,3月,,Mar,          --,          --,268,          --,          --,"54,225",          --,          --,-160,"54,332",,,3月,,Mar,          --,          --,"-6,950",          --,          --,"4,455",          --,          --,"-22,769","-25,264"
,4月,,Apr,          --,          --,"-6,584",          --,          --,"-40,878",          --,          --,"1,132","-46,329",,,4月,,Apr,          --,          --,"26,484",          --,          --,"17,996",          --,          --,"3,949","48,428"
,5月,,May,          --,          --,"2,704",          --,          --,"-8,371",          --,          --,"-1,421","-7,089",,,5月,,May,          --,          --,-654,          --,          --,"21,526",          --,          --,"8,183","29,055"
,6月,,Jun,          --,          --,"6,224",          --,          --,"33,963",          --,          --,720,"40,908",,,6月,,Jun,          --,          --,"-4,627",          --,          --,"-16,368",          --,          --,"15,027","-5,968"
,7月,,Jul,          --,          --,"2,352",          --,          --,"-23,217",          --,          --,-49,"-20,914",,,7月,,Jul,          --,          --,"9,241",          --,          --,673,          --,          --,"6,615","16,528"
,8月,,Aug,          --,          --,"6,444",          --,          --,661,          --,          --,-833,"6,272",,,8月,,Aug,          --,          --,"-22,801",          --,          --,"1,992",          --,          --,"58,988","38,179"
,9月,,Sep,          --,          --,"4,847",          --,          --,"57,785",          --,          --,"-1,118","61,514",,,9月,,Sep,          --,          --,"-20,297",          --,          --,682,          --,          --,"17,159","-2,456"
,10月,,Oct,          --,          --,"-1,582",          --,          --,"-16,057",          --,          --,536,"-17,103",,,10月,,Oct,          --,          --,"20,670",          --,          --,-505,          --,          --,"-31,575","-11,409"
,11月,,Nov,          --,          --,-956,          --,          --,"-16,269",          --,          --,-970,"-18,195",,,11月,,Nov,          --,          --,"-4,703",          --,          --,"-10,177",          --,          --,"20,829","5,949"
,12月,,Dec,          --,          --,-598,          --,          --,"18,134",          --,          --,"-2,924","14,611",,,12月,,Dec,          --,          --,"-8,985",          --,          --,"1,385",          --,          --,"31,339","23,740"
平成24年,1月,2012,Jan,          --,          --,"-3,199",          --,          --,546,          --,          --,-955,"-3,608",,平成24年,1月,2012,Jan,          --,          --,"7,650",          --,          --,801,          --,          --,"4,118","12,570"
,2月,,Feb,          --,          --,"-2,029",          --,          --,"21,780",          --,          --,-291,"19,459",,,2月,,Feb,          --,          --,"2,670",          --,          --,"-1,165",          --,          --,"6,885","8,391"
,3月,,Mar,          --,          --,"-3,136",          --,          --,"32,067",          --,          --,-834,"28,097",,,3月,,Mar,          --,          --,"-14,885",          --,          --,"-15,573",          --,          --,"-13,881","-44,339"
,4月,,Apr,          --,          --,-738,          --,          --,"-41,878",          --,          --,"-1,013","-43,629",,,4月,,Apr,          --,          --,"26,239",          --,          --,"10,019",          --,          --,"7,891","44,149"
,5月,,May,          --,          --,"1,633",          --,          --,"18,259",          --,          --,30,"19,922",,,5月,,May,          --,          --,"-5,559",          --,          --,"4,414",          --,          --,"13,813","12,667"
,6月,,Jun,          --,          --,"1,776",          --,          --,"34,755",          --,          --,"1,127","37,658",,,6月,,Jun,          --,          --,"-2,701",          --,          --,"9,580",          --,          --,"4,230","11,109"
,7月,,Jul,          --,          --,-551,          --,          --,"-1,461",          --,          --,414,"-1,598",,,7月,,Jul,          --,          --,"1,184",          --,          --,"8,708",          --,          --,"4,347","14,239"
,8月,,Aug,          --,          --,"-2,926",          --,          --,"19,382",          --,          --,616,"17,072",,,8月,,Aug,          --,          --,"-9,181",          --,          --,"7,769",          --,          --,"14,862","13,450"
,9月,,Sep,          --,          --,"-3,920",          --,          --,"32,723",          --,          --,523,"29,327",,,9月,,Sep,          --,          --,"-17,106",          --,          --,"4,138",          --,          --,"6,373","-6,594"
,10月,,Oct,          --,          --,"-1,167",          --,          --,"-13,197",          --,          --,88,"-14,276",,,10月,,Oct,          --,          --,"25,136",          --,          --,"8,995",          --,          --,"-35,239","-1,107"
,11月,,Nov,          --,          --,279,          --,          --,"10,176",          --,          --,"-1,185","9,270",,,11月,,Nov,          --,          --,"4,436",          --,          --,"2,494",          --,          --,"34,729","41,659"
,12月,,Dec,          --,          --,"-3,901",          --,          --,"19,180",          --,          --,-728,"14,551",,,12月,,Dec,          --,          --,"11,155",          --,          --,"-13,529",          --,          --,"-16,010","-18,384"
平成25年,1月,2013,Jan,          --,          --,"-10,195",          --,          --,"-17,919",          --,          --,"-1,670","-29,784",,平成25年,1月,2013,Jan,          --,          --,"18,628",          --,          --,"3,632",          --,          --,"21,692","43,952"
,2月,,Feb,          --,          --,"-14,288",          --,          --,"-25,773",          --,          --,-763,"-40,825",,,2月,,Feb,          --,          --,"4,025",          --,          --,"3,313",          --,          --,"-4,676","2,662"
,3月,,Mar,          --,          --,"-15,151",          --,          --,"6,754",          --,          --,-613,"-9,010",,,3月,,Mar,          --,          --,"3,217",          --,          --,"-12,311",          --,          --,"-24,874","-33,969"
,4月,,Apr,          --,          --,"-2,735",          --,          --,"-31,242",          --,          --,-276,"-34,252",,,4月,,Apr,          --,          --,"60,485",          --,          --,"10,250",          --,          --,"13,049","83,784"
,5月,,May,          --,          --,"-4,178",          --,          --,"-20,313",          --,          --,-487,"-24,978",,,5月,,May,          --,          --,"13,432",          --,          --,"-8,323",          --,          --,"15,200","20,309"
,6月,,Jun,          --,          --,"-2,960",          --,          --,"-16,045",          --,          --,"2,398","-16,608",,,6月,,Jun,          --,          --,-351,          --,          --,"-5,267",          --,          --,"-12,661","-18,279"
,7月,,Jul,          --,          --,"-5,007",          --,          --,"8,600",          --,          --,601,"4,194",,,7月,,Jul,          --,          --,"19,872",          --,          --,"8,697",          --,          --,"-22,887","5,681"
,8月,,Aug,          --,          --,86,          --,          --,"1,212",          --,          --,"-1,524",-225,,,8月,,Aug,          --,          --,"-13,944",          --,          --,-984,          --,          --,"11,778","-3,150"
,9月,,Sep,          --,          --,"-2,773",          --,          --,"32,247",          --,          --,"-1,761","27,713",,,9月,,Sep,          --,          --,"-8,750",          --,          --,-901,          --,          --,"-11,918","-21,569"
,10月,,Oct,          --,          --,"-1,771",          --,          --,"-1,308",          --,          --,756,"-2,323",,,10月,,Oct,          --,          --,"35,604",          --,          --,"6,095",          --,          --,"29,179","70,878"
,11月,,Nov,          --,          --,"-2,954",          --,          --,"26,706",          --,          --,"3,896","27,647",,,11月,,Nov,          --,          --,"21,981",          --,          --,"-4,797",          --,          --,"12,292","29,476"
,12月,,Dec,          --,          --,"-4,338",          --,          --,"18,519",          --,          --,"2,032","16,213",,,12月,,Dec,          --,          --,"12,721",          --,          --,"-6,230",          --,          --,"-2,854","3,637"
平成26年,1月,2014,Jan,"39,117","38,430",687,"221,400","247,879","-26,479","12,457","12,624",-166,"-25,958",,平成26年,1月,2014,Jan,"375,050","385,050","-10,000","59,462","56,907","2,554","202,268","157,920","44,348","36,902"
,2月,,Feb,"34,240","37,432","-3,191","205,752","208,660","-2,908","13,424","12,302","1,122","-4,978",,,2月,,Feb,"358,652","360,208","-1,556","56,091","56,274",-183,"145,642","157,892","-12,250","-13,989"
,3月,,Mar,"40,539","42,552","-2,013","294,132","311,485","-17,353","16,466","15,054","1,412","-17,954",,,3月,,Mar,"343,107","354,070","-10,963","79,284","76,558","2,726","174,755","202,119","-27,365","-35,602"
,4月,,Apr,"46,484","41,484","5,000","276,805","273,216","3,588","14,574","13,765",809,"9,398",,,4月,,Apr,"306,768","303,910","2,858","64,223","52,112","12,111","174,648","155,739","18,908","33,877"
,5月,,May,"42,489","38,140","4,349","348,300","323,206","25,094","11,411","11,111",300,"29,743",,,5月,,May,"298,978","299,393",-415,"60,229","48,760","11,469","188,251","167,932","20,319","31,373"
,6月,,Jun,"44,220","38,360","5,860","333,912","309,457","24,454","13,087","11,754","1,333","31,647",,,6月,,Jun,"324,717","314,163","10,555","58,429","67,757","-9,328","166,491","187,974","-21,483","-20,256"
,7月,,Jul,"45,130","37,449","7,681","374,501","356,039","18,462","13,734","13,207",527,"26,670",,,7月,,Jul,"295,328","286,810","8,519","61,184","47,473","13,712","180,704","153,916","26,789","49,019"
,8月,,Aug,"46,503","37,961","8,543","318,058","306,079","11,979","13,304","10,257","3,046","23,568",,,8月,,Aug,"291,485","296,401","-4,916","60,525","42,268","18,258","159,718","164,886","-5,168","8,174"
,9月,,Sep,"51,441","37,550","13,891","375,069","357,345","17,724","22,199","20,550","1,649","33,264",,,9月,,Sep,"322,289","314,722","7,567","97,351","64,354","32,997","164,277","210,563","-46,286","-5,722"
,10月,,Oct,"48,712","37,848","10,864","352,272","350,924","1,348","12,687","12,690",-3,"12,209",,,10月,,Oct,"427,430","420,489","6,941","82,537","63,086","19,451","182,200","159,849","22,351","48,743"
,11月,,Nov,"48,007","45,665","2,342","254,423","237,505","16,918","11,276","10,251","1,025","20,285",,,11月,,Nov,"431,057","404,365","26,693","71,995","58,598","13,396","161,807","151,564","10,243","50,332"
,12月,,Dec,"50,886","38,576","12,311","268,533","296,205","-27,672","12,603","12,650",-47,"-15,408",,,12月,,Dec,"382,308","379,928","2,380","88,114","82,478","5,636","144,197","164,249","-20,052","-12,036"
平成27年,1月,2015,Jan,"51,699","31,419","20,280","357,159","346,337","10,822","20,926","17,844","3,082","34,184",,平成27年,1月,2015,Jan,"366,058","374,299","-8,241","70,226","71,996","-1,770","164,399","138,979","25,420","15,410"
,2月,,Feb,"54,967","38,597","16,369","306,102","288,046","18,056","13,327","13,543",-216,"34,209",,,2月,,Feb,"403,400","400,140","3,260","68,530","57,227","11,303","161,465","151,925","9,539","24,102"
,3月,,Mar,"65,809","40,693","25,117","358,173","330,557","27,617","17,050","16,994",57,"52,790",,,3月,,Mar,"483,351","474,175","9,176","97,021","87,397","9,623","208,032","208,379",-347,"18,452"
,4月,,Apr,"60,306","42,686","17,620","310,248","331,909","-21,661","15,600","13,326","2,274","-1,767",,,4月,,Apr,"455,214","428,487","26,728","68,747","64,377","4,370","149,066","134,916","14,150","45,248"
,5月,,May,"49,013","38,946","10,066","289,033","255,779","33,254","13,257","11,612","1,645","44,965",,,5月,,May,"409,162","394,447","14,715","70,754","73,185","-2,431","166,378","144,007","22,372","34,656"
,6月,,Jun,"56,511","39,934","16,576","270,813","303,739","-32,926","10,719","11,557",-838,"-17,188",,,6月,,Jun,"464,324","466,653","-2,329","74,488","85,882","-11,394","203,331","247,179","-43,848","-57,571"
,7月,,Jul,"59,595","40,370","19,225","297,015","279,760","17,255","8,597","8,946",-349,"36,131",,,7月,,Jul,"471,031","471,556",-525,"81,624","56,024","25,600","171,722","146,210","25,512","50,588"
,8月,,Aug,"59,793","40,657","19,135","309,376","289,745","19,631","12,673","10,887","1,786","40,553",,,8月,,Aug,"522,646","536,510","-13,864","65,284","43,343","21,941","169,411","186,719","-17,308","-9,231"
,9月,,Sep,"54,260","30,841","23,419","315,233","284,317","30,916","19,635","19,305",330,"54,665",,,9月,,Sep,"440,914","471,371","-30,457","79,023","78,626",398,"180,312","169,570","10,742","-19,317"
,10月,,Oct,"53,452","36,080","17,372","338,368","309,082","29,287","12,399","14,284","-1,885","44,774",,,10月,,Oct,"439,525","428,659","10,865","80,985","46,885","34,100","195,967","154,408","41,559","86,524"
,11月,,Nov,"47,455","36,782","10,673","286,079","261,740","24,338","18,071","19,516","-1,445","33,566",,,11月,,Nov,"394,444","386,033","8,412","70,594","55,663","14,931","182,886","190,977","-8,091","15,251"
,12月,,Dec,"51,465","45,704","5,761","267,313","259,394","7,920","17,990","18,723",-733,"12,947",,,12月,,Dec,"401,552","406,012","-4,460","63,408","71,109","-7,701","190,603","173,019","17,584","5,423"
平成28年,1月,2016,Jan,"43,721","31,934","11,787","369,212","368,624",588,"25,084","23,498","1,586","13,961",,平成28年,1月,2016,Jan,"460,347","476,937","-16,589","86,105","79,762","6,343","161,978","149,662","12,316","2,070"
,2月,,Feb,"50,143","36,982","13,161","357,232","317,914","39,318","22,997","23,207",-210,"52,269",,,2月,,Feb,"509,354","537,736","-28,382","106,434","90,096","16,338","172,830","204,830","-32,000","-44,044"
,3月,,Mar,"52,035","39,160","12,875","346,826","287,380","59,446","23,642","26,750","-3,108","69,213",,,3月,,Mar,"436,313","455,743","-19,430","111,032","118,704","-7,672","207,418","206,165","1,253","-25,849"
,4月,,Apr,"41,988","49,864","-7,876","322,104","305,749","16,355","20,631","22,823","-2,193","6,286",,,4月,,Apr,"432,393","420,510","11,882","105,812","64,732","41,080","161,539","154,763","6,777","59,740"
,5月,,May,"49,833","44,466","5,367","299,123","277,418","21,705","24,181","22,325","1,856","28,928",,,5月,,May,"363,302","366,273","-2,971","56,378","47,599","8,779","166,047","210,270","-44,222","-38,414"
,6月,,Jun,"48,496","37,543","10,953","340,500","320,128","20,372","25,641","27,890","-2,249","29,076",,,6月,,Jun,"423,790","428,525","-4,735","89,514","96,925","-7,411","201,357","191,172","10,184","-1,961"
,7月,,Jul,"45,268","32,302","12,966","343,161","283,271","59,890","16,526","17,188",-662,"72,194",,,7月,,Jul,"399,715","400,851","-1,137","84,492","67,489","17,002","152,085","128,884","23,201","39,066"
,8月,,Aug,"44,576","33,206","11,370","329,282","302,212","27,069","13,413","16,455","-3,042","35,397",,,8月,,Aug,"374,367","379,181","-4,814","77,453","66,099","11,355","166,783","203,872","-37,089","-30,549"
,9月,,Sep,"41,501","37,504","3,997","319,961","310,272","9,689","21,354","20,168","1,186","14,871",,,9月,,Sep,"341,424","353,954","-12,530","117,579","118,158",-579,"210,153","186,835","23,318","10,209"
,10月,,Oct,"39,505","35,135","4,370","313,644","289,073","24,570","15,949","18,102","-2,153","26,788",,,10月,,Oct,"335,025","326,128","8,897","72,176","69,489","2,687","152,619","169,840","-17,221","-5,637"
,11月,,Nov,"55,293","40,215","15,078","355,518","354,642",876,"11,749","11,720",29,"15,982",,,11月,,Nov,"448,890","436,628","12,262","75,762","74,823",939,"181,485","155,015","26,470","39,671"
,12月,,Dec,"43,513","46,878","-3,365","255,366","288,344","-32,977","9,788","11,341","-1,553","-37,896",,,12月,,Dec,"445,959","439,723","6,236","86,611","87,727","-1,116","191,588","170,434","21,154","26,274"
平成29年,1月,2017,Jan,"40,272","32,326","7,946","282,795","295,307","-12,512","13,200","13,004",196,"-4,370",,平成29年,1月,2017,Jan,"374,090","374,873",-783,"88,834","68,700","20,134","165,749","142,747","23,002","42,353"
,2月,,Feb,"48,380","41,711","6,670","277,744","300,311","-22,567","17,601","17,898",-297,"-16,195",,,2月,,Feb,"386,629","388,673","-2,044","80,307","68,631","11,676","170,675","167,267","3,408","13,041"
,3月,,Mar,"56,643","65,630","-8,987","360,041","363,022","-2,981","43,953","42,239","1,714","-10,253",,,3月,,Mar,"422,693","438,977","-16,284","91,253","101,571","-10,318","177,262","195,376","-18,114","-44,716"
,4月,,Apr,"46,827","41,033","5,794","276,846","318,763","-41,917","40,914","37,544","3,370","-32,752",,,4月,,Apr,"409,475","394,494","14,981","75,661","63,610","12,051","194,103","180,611","13,492","40,525"
,5月,,May,"56,041","42,026","14,015","285,182","253,862","31,320","49,499","51,997","-2,498","42,838",,,5月,,May,"425,261","418,279","6,982","63,364","48,226","15,138","171,124","199,849","-28,725","-6,604"
,6月,,Jun,"57,186","44,738","12,448","323,343","310,365","12,978","48,579","49,849","-1,269","24,157",,,6月,,Jun,"467,224","464,292","2,932","71,650","78,965","-7,316","179,771","162,782","16,989","12,606"
,7月,,Jul,"50,672","39,815","10,857","277,566","230,977","46,589","50,343","48,588","1,755","59,201",,,7月,,Jul,"383,218","376,652","6,565","80,641","63,985","16,656","159,240","186,206","-26,966","-3,745"
,8月,,Aug,"54,913","39,469","15,444","231,248","225,204","6,044","52,762","49,920","2,842","24,330",,,8月,,Aug,"395,318","405,958","-10,640","70,308","46,236","24,072","197,965","172,966","24,999","38,431"
,9月,,Sep,"52,858","47,195","5,663","277,805","276,709","1,096","56,010","54,293","1,717","8,476",,,9月,,Sep,"420,680","433,904","-13,224","101,758","88,620","13,138","171,235","164,371","6,863","6,778"
,10月,,Oct,"53,877","41,559","12,318","240,872","255,579","-14,707","45,879","45,035",845,"-1,544",,,10月,,Oct,"499,225","464,712","34,514","57,964","53,536","4,428","176,441","195,395","-18,954","19,988"
,11月,,Nov,"58,375","41,448","16,926","247,941","254,885","-6,944","54,286","54,532",-247,"9,735",,,11月,,Nov,"556,348","560,562","-4,215","82,352","70,964","11,388","181,082","159,172","21,910","29,083"
,12月,,Dec,"49,086","35,115","13,971","180,871","183,698","-2,827","44,038","44,208",-169,"10,974",,,12月,,Dec,"453,533","453,938",-405,"69,834","72,193","-2,359","172,448","146,313","26,134","23,370"
平成30年,1月,2018,Jan,"61,041","43,874","17,167","310,467","293,870","16,598","53,023","50,234","2,790","36,554",,平成30年,1月,2018,Jan,"492,866","486,055","6,810","69,852","76,903","-7,051","162,082","175,212","-13,130","-13,370"
,2月,,Feb,"62,072","59,676","2,396","278,912","308,163","-29,251","52,867","50,187","2,680","-24,175",,,2月,,Feb,"554,558","557,623","-3,065","67,017","66,420",597,"167,761","174,480","-6,719","-9,187"
,3月,,Mar,"53,189","60,261","-7,072","305,026","290,743","14,283","65,430","61,518","3,912","11,124",,,3月,,Mar,"517,476","556,689","-39,212","86,877","94,765","-7,888","208,991","199,917","9,074","-38,027"
,4月,,Apr,"58,469","45,458","13,011","278,392","255,432","22,960","63,687","62,142","1,546","37,517",,,4月,,Apr,"454,304","437,617","16,687","81,708","58,947","22,762","199,979","184,675","15,303","54,752"
,5月,,May,"59,900","49,457","10,443","284,679","299,019","-14,340","57,754","58,532",-778,"-4,675",,,5月,,May,"467,858","472,112","-4,254","60,425","63,003","-2,577","175,303","192,722","-17,419","-24,249"
,6月,,Jun,"65,827","49,467","16,360","283,275","277,470","5,806","53,656","53,657",-1,"22,164",,,6月,,Jun,"456,238","465,301","-9,063","70,011","66,101","3,909","221,506","177,313","44,193","39,039"
,7月,,Jul,"56,608","43,619","12,989","291,605","277,704","13,901","45,715","48,623","-2,908","23,982",,,7月,,Jul,"442,779","435,530","7,249","96,243","77,528","18,715","195,514","227,121","-31,607","-5,643"
,8月,,Aug,"58,039","46,976","11,064","300,790","297,273","3,517","70,396","71,482","-1,086","13,495",,,8月,,Aug,"451,596","460,287","-8,691","67,716","77,162","-9,446","216,078","181,762","34,316","16,180"
,9月,,Sep,"55,122","43,289","11,833","318,355","267,031","51,323","61,718","64,746","-3,028","60,128",,,9月,,Sep,"438,999","458,443","-19,445","81,195","93,713","-12,518","200,898","178,830","22,068","-9,895"
,10月,,Oct,"68,500","56,535","11,965","388,498","392,789","-4,291","46,296","45,858",438,"8,112",,,10月,,Oct,"606,171","590,038","16,133","92,374","78,763","13,610","213,592","234,582","-20,990","8,753"
,11月,,Nov,"51,492","46,769","4,722","407,947","388,785","19,161","42,648","41,848",800,"24,684",,,11月,,Nov,"503,254","504,163",-909,"94,890","60,326","34,563","249,033","208,356","40,677","74,331"
,12月,,Dec,"44,447","48,196","-3,749","287,180","283,073","4,106","37,038","37,951",-913,-556,,,12月,,Dec,"459,228","466,842","-7,614","96,746","79,069","17,677","153,252","148,173","5,079","15,142"
平成31年,1月,2019,Jan,"37,766","49,184","-11,418","414,506","391,682","22,824","42,018","41,021",997,"12,403",,平成31年,1月,2019,Jan,"431,520","406,060","25,460","95,930","79,363","16,567","184,840","209,658","-24,819","17,209"
,2月,,Feb,"43,075","48,497","-5,422","334,562","301,011","33,551","21,637","26,166","-4,529","23,600",,,2月,,Feb,"384,339","388,829","-4,491","94,086","73,391","20,695","201,978","197,840","4,138","20,343"
,3月,,Mar,"62,405","54,463","7,941","548,946","518,950","29,996","22,155","23,310","-1,155","36,782",,,3月,,Mar,"407,451","442,777","-35,326","128,147","113,469","14,679","193,300","190,410","2,890","-17,757"
,4月,,Apr,"46,185","52,367","-6,181","475,133","479,733","-4,600","21,544","20,565",979,"-9,802",,,4月,,Apr,"431,487","388,904","42,583","107,040","95,218","11,821","190,313","205,671","-15,358","39,046"
令和元年,5月,,May,"55,799","46,214","9,585","489,849","474,077","15,773","20,762","21,784","-1,023","24,335",,令和元年,5月,,May,"425,062","426,788","-1,725","86,380","68,301","18,079","224,093","194,055","30,038","46,392"
,6月,,Jun,"55,848","48,220","7,627","507,532","477,599","29,933","27,337","29,000","-1,663","35,897",,,6月,,Jun,"350,992","355,219","-4,227","89,318","94,742","-5,424","185,155","208,008","-22,854","-32,505"
,7月,,Jul,"49,430","47,111","2,320","517,582","493,767","23,816","34,767","35,330",-563,"25,573",,,7月,,Jul,"363,782","363,949",-167,"117,765","77,493","40,271","200,016","230,892","-30,877","9,228"
,8月,,Aug,"52,119","46,735","5,384","486,817","471,500","15,317","32,446","32,672",-226,"20,475",,,8月,,Aug,"377,841","386,920","-9,079","86,794","80,541","6,252","240,116","199,865","40,251","37,424"
,9月,,Sep,"52,104","47,719","4,385","491,335","474,733","16,602","32,893","34,416","-1,523","19,464",,,9月,,Sep,"405,260","427,632","-22,371","97,699","104,565","-6,866","186,176","231,752","-45,577","-74,814"
,10月,,Oct,"54,560","47,486","7,074","416,262","404,126","12,136","24,262","27,179","-2,917","16,293",,,10月,,Oct,"445,853","416,320","29,533","96,546","86,394","10,152","216,724","210,974","5,749","45,434"
,11月,,Nov,"60,127","56,740","3,387","373,037","371,960","1,077","23,343","22,781",562,"5,026",,,11月,,Nov,"421,697","408,810","12,888","85,719","81,869","3,850","220,763","200,153","20,610","37,348"
,12月,,Dec,"53,180","48,824","4,357","339,295","350,401","-11,106","21,085","22,747","-1,662","-8,412",,,12月,,Dec,"379,264","378,163","1,100","89,007","96,301","-7,294","162,185","175,372","-13,187","-19,381"
令和2年,1月,2020,Jan,"56,981","50,622","6,359","423,328","413,581","9,748","22,159","20,969","1,189","17,296",,令和2年,1月,2020,Jan,"386,550","390,552","-4,002","98,604","87,570","11,034","247,692","203,911","43,781","50,813"
,2月,,Feb,"64,614","61,784","2,830","438,189","400,163","38,026","19,737","16,846","2,891","43,747",,,2月,,Feb,"446,383","453,582","-7,199","108,580","74,005","34,575","191,284","204,927","-13,644","13,732"
,3月,,Mar,"95,734","72,958","22,777","577,456","546,512","30,944","17,704","19,829","-2,125","51,596",,,3月,,Mar,"736,953","785,304","-48,351","133,738","189,398","-55,660","232,973","263,383","-30,410","-134,421"
,4月,,Apr,"62,653","49,110","13,543","380,664","411,264","-30,600","14,937","15,681",-744,"-17,801",,,4月,,Apr,"496,936","496,295",641,"75,511","77,215","-1,704","224,923","228,174","-3,252","-4,314"
,5月,,May,"69,255","55,999","13,256","326,624","334,859","-8,235","14,514","11,403","3,111","8,132",,,5月,,May,"429,456","434,607","-5,151","65,521","59,495","6,027","250,627","206,838","43,789","44,665"
,6月,,Jun,"77,268","78,798","-1,529","485,807","446,048","39,759","25,778","25,324",453,"38,684",,,6月,,Jun,"529,325","541,738","-12,412","78,252","106,742","-28,490","264,450","232,592","31,858","-9,044"
,7月,,Jul,"88,656","143,550","-54,893","401,978","387,212","14,766","22,117","21,425",692,"-39,436",,,7月,,Jul,"420,702","424,853","-4,151","126,183","97,671","28,512","300,264","238,092","62,171","86,532"
,8月,,Aug,"68,176","64,898","3,277","345,456","323,208","22,248","18,223","16,398","1,824","27,350",,,8月,,Aug,"412,893","413,812",-919,"85,004","99,207","-14,203","245,446","264,550","-19,104","-34,226"
,9月,,Sep,"66,250","79,225","-12,975","384,813","379,928","4,885","22,519","21,406","1,112","-6,977",,,9月,,Sep,"440,539","462,927","-22,388","118,794","98,000","20,794","257,945","273,030","-15,085","-16,679"
,10月,,Oct,"67,442","59,621","7,821","507,965","493,173","14,792","26,728","27,661",-933,"21,681",,,10月,,Oct,"434,465","417,489","16,976","99,061","83,476","15,585","306,648","229,196","77,452","110,013"
,11月,,Nov,"75,940","102,767","-26,827","432,356","380,720","51,637","25,033","22,911","2,122","26,931",,,11月,,Nov,"532,112","532,147",-36,"80,247","71,598","8,649","223,980","265,182","-41,202","-32,589"
,12月,,Dec,"75,582","91,777","-16,195","345,170","328,387","16,784","25,600","24,928",672,"1,260",,,12月,,Dec,"470,232","470,603",-371,"86,052","107,607","-21,556","256,078","180,086","75,992","54,064"
令和3年,1月,2021,Jan,"75,409","78,418","-3,009","447,372","423,501","23,870","25,576","22,899","2,677","23,539",,令和3年,1月,2021,Jan,"484,606","477,276","7,330","118,980","109,710","9,270","338,552","269,447","69,105","85,705"
,2月,,Feb,"73,672","85,947","-12,275","448,683","469,847","-21,164","23,743","21,086","2,657","-30,782",,,2月,,Feb,"480,754","479,256","1,498","99,156","108,303","-9,147","242,259","246,613","-4,355","-12,004"
,3月,,Mar,"93,777","96,164","-2,388","509,873","506,891","2,982","36,662","39,695","-3,034","-2,439",,,3月,,Mar,"647,333","653,290","-5,957","140,883","145,279","-4,395","276,939","335,272","-58,333","-68,685"
,4月,,Apr,"68,092","94,482","-26,391","431,671","415,838","15,833","21,232","19,852","1,380","-9,177",,,4月,,Apr,"488,279","467,714","20,565","122,846","102,954","19,892","241,804","289,117","-47,313","-6,857"
,5月,,May,"66,056","61,505","4,550","399,676","409,611","-9,934","25,689","25,661",29,"-5,355",,,5月,,May,"480,740","486,834","-6,094","93,121","76,073","17,048","250,060","259,635","-9,575","1,379"
,6月,,Jun,"69,145","73,647","-4,502","425,634","421,251","4,383","21,363","19,856","1,507","1,388",,,6月,,Jun,"509,256","509,246",10,"126,522","105,706","20,816","284,434","261,067","23,367","44,192"
,7月,,Jul,"63,284","65,653","-2,369","409,650","421,260","-11,610","20,252","22,013","-1,761","-15,740",,,7月,,Jul,"438,588","436,612","1,976","148,055","98,369","49,686","287,440","270,373","17,067","68,729"
,8月,,Aug,"69,090","62,650","6,439","355,603","366,323","-10,719","22,887","20,922","1,965","-2,315",,,8月,,Aug,"461,776","461,768",8,"98,552","77,495","21,057","247,456","290,246","-42,791","-21,725"
,9月,,Sep,"76,482","74,607","1,875","476,577","430,288","46,290","22,458","24,824","-2,366","45,799",,,9月,,Sep,"622,705","634,481","-11,776","118,816","123,887","-5,071","246,079","246,349",-271,"-17,118"
,10月,,Oct,"70,335","65,675","4,660","384,216","378,650","5,566","27,433","28,747","-1,314","8,911",,,10月,,Oct,"622,347","595,580","26,767","113,775","117,468","-3,693","271,106","219,188","51,919","74,992"
,11月,,Nov,"84,684","88,300","-3,616","390,002","393,201","-3,198","23,925","27,469","-3,544","-10,358",,,11月,,Nov,"554,597","555,374",-777,"118,448","89,330","29,118","274,581","247,494","27,087","55,428"
,12月,,Dec,"83,703","68,236","15,466","308,107","331,596","-23,489","17,546","19,080","-1,535","-9,557",,,12月,,Dec,"513,710","526,532","-12,822","132,471","97,056","35,416","179,171","192,712","-13,542","9,052"
令和4年,1月,2022,Jan,"89,956","91,006","-1,050","413,508","401,655","11,852","28,783","29,722",-938,"9,864",,令和4年,1月,2022,Jan,"567,521","561,799","5,722","130,483","131,391",-908,"263,481","275,095","-11,615","-6,800"
,2月,,Feb,"72,085","67,526","4,558","373,365","401,144","-27,779","18,667","25,410","-6,743","-29,964",,,2月,,Feb,"527,604","535,998","-8,395","123,242","121,529","1,713","213,469","208,140","5,330","-1,352"
,3月,,Mar,"84,710","89,447","-4,738","438,855","470,270","-31,415","30,206","26,400","3,806","-32,347",,,3月,,Mar,"685,935","710,625","-24,690","154,408","180,963","-26,555","214,032","251,104","-37,072","-88,317"
,4月,,Apr,"83,079","84,079","-1,000","344,178","368,166","-23,988","21,891","24,391","-2,500","-27,488",,,4月,,Apr,"547,091","512,759","34,331","158,188","151,028","7,160","262,007","257,893","4,114","45,605"
,5月,,May,"80,934","69,583","11,351","369,814","383,302","-13,488","22,134","23,377","-1,243","-3,380",,,5月,,May,"578,217","581,885","-3,668","128,287","120,111","8,176","276,249","241,441","34,808","39,316"
,6月,,Jun,"88,144","74,593","13,551","357,964","404,995","-47,031","25,974","28,595","-2,622","-36,101",,,6月,,Jun,"608,634","624,272","-15,637","201,541","240,889","-39,348","299,917","279,634","20,283","-34,703"
,7月,,Jul,"72,870","54,700","18,170","343,723","375,376","-31,654","29,738","29,753",-15,"-13,499",,,7月,,Jul,"519,621","508,677","10,944","158,338","114,941","43,397","305,400","246,698","58,702","113,044"
,8月,,Aug,"72,812","110,593","-37,781","372,877","360,831","12,045","27,891","30,402","-2,510","-28,246",,,8月,,Aug,"535,077","542,183","-7,106","149,099","129,065","20,034","251,035","276,114","-25,079","-12,151"
,9月,,Sep,"75,065","66,372","8,693","393,315","422,728","-29,414","51,035","50,274",761,"-19,960",,,9月,,Sep,"559,400","589,071","-29,671","181,195","229,080","-47,884","288,356","283,115","5,241","-72,314"
,10月,,Oct,"82,340","72,588","9,751","364,227","394,659","-30,432","54,150","54,104",46,"-20,634",,,10月,,Oct,"616,831","596,060","20,771","143,948","174,061","-30,113","310,597","325,375","-14,778","-24,120"
,11月,,Nov,"74,775","90,330","-15,555","421,112","434,783","-13,670","43,602","46,230","-2,629","-31,854",,,11月,,Nov,"599,477","590,520","8,957","149,292","137,919","11,372","281,955","282,387",-431,"19,898"
,12月,,Dec,"89,002","68,270","20,732","322,147","331,249","-9,102","36,217","41,970","-5,754","5,877",,,12月,,Dec,"545,226","543,297","1,929","135,190","192,284","-57,094","246,984","205,662","41,322","-13,844"
令和5年,1月,2023,Jan,"69,789","53,368","16,421","375,781","367,428","8,353","48,626","42,330","6,296","31,071",,令和5年,1月,2023,Jan,"492,162","489,491","2,671","200,983","237,340","-36,357","343,166","373,077","-29,912","-63,597"
,2月,,Feb,"60,149","84,664","-24,515","395,916","351,847","44,069","38,208","39,272","-1,063","18,491",,,2月,,Feb,"496,836","499,229","-2,393","165,601","155,000","10,601","330,401","304,695","25,706","33,913"
,3月,,Mar,"80,609","77,523","3,087","455,592","408,144","47,448","58,045","51,050","6,995","57,529",,,3月,,Mar,"645,392","681,240","-35,848","233,394","205,648","27,745","285,774","291,815","-6,040","-14,143"
,4月,,Apr,"63,494","58,965","4,529","352,546","363,872","-11,326","32,284","36,670","-4,386","-11,183",,,4月,,Apr,"544,493","494,713","49,780","165,017","142,064","22,953","269,355","292,037","-22,682","50,051"
,5月,,May,"67,351","77,222","-9,871","360,580","328,465","32,115","50,858","49,624","1,235","23,479",,,5月,,May,"687,943","660,131","27,812","169,584","163,200","6,383","310,431","314,760","-4,329","29,866"
,6月,,Jun,"85,489","84,713",776,"356,984","333,239","23,745","46,837","48,245","-1,408","23,113",,,6月,,Jun,"798,925","780,729","18,196","197,333","205,726","-8,393","350,998","313,490","37,508","47,311"
,7月,,Jul,"80,051","98,429","-18,378","340,203","358,160","-17,957","44,143","43,319",824,"-35,511",,,7月,,Jul,"625,260","615,986","9,274","198,216","217,844","-19,628","256,735","305,479","-48,744","-59,098"
,8月,,Aug,"78,694","79,153",-460,"367,028","347,000","20,028","42,964","43,947",-982,"18,586",,,8月,,Aug,"676,387","683,357","-6,971","200,932","203,925","-2,993","274,619","337,324","-62,704","-72,668"
,9月,,Sep,"77,234","65,194","12,040","417,769","385,999","31,771","41,823","42,033",-210,"43,600",,,9月,,Sep,"686,330","739,829","-53,499","184,039","214,579","-30,541","331,843","307,535","24,308","-59,731"
,10月,,Oct,"84,417","75,169","9,248","380,853","369,289","11,563","30,221","32,142","-1,921","18,890",,,10月,,Oct,"743,945","717,649","26,297","192,947","213,994","-21,046","319,517","346,402","-26,885","-21,634"
,11月,,Nov,"77,555","81,121","-3,566","418,259","433,032","-14,773","35,275","33,706","1,568","-16,770",,,11月,,Nov,"738,228","727,061","11,168","221,568","204,523","17,044","280,791","267,545","13,246","41,458"
,12月,,Dec,"87,484","98,431","-10,947","331,479","320,622","10,857","24,979","22,067","2,912","2,822",,,12月,,Dec,"654,589","665,900","-11,312","266,207","282,632","-16,425","260,630","245,147","15,484","-12,253"
令和6年,1月,2024,Jan,"84,727","82,448","2,279","417,461","392,204","25,257","31,619","30,285","1,335","28,871",,令和6年,1月,2024,Jan,"731,750","703,644","28,107","207,721","187,937","19,784","299,841","290,920","8,922","56,812"
,2月,,Feb,"105,347","100,044","5,303","394,118","383,701","10,416","38,723","31,264","7,458","23,177",,,2月,,Feb,"855,953","849,081","6,872","218,654","211,823","6,831","271,236","249,050","22,187","35,890"
,3月,,Mar,"101,425","114,111","-12,686","445,789","441,721","4,068","27,083","24,882","2,201","-6,417",,,3月,,Mar,"934,973","953,894","-18,920","281,262","290,104","-8,842","302,414","283,387","19,027","-8,736"
,4月,,Apr,"100,643","96,358","4,286","460,538","471,180","-10,642","26,529","27,510",-981,"-7,338",,,4月,,Apr,"899,996","866,750","33,246","248,341","259,090","-10,749","246,619","301,366","-54,748","-32,251"
,5月,,May,"107,921","111,838","-3,917","428,942","398,074","30,868","30,444","32,141","-1,697","25,254",,,5月,,May,"909,229","895,394","13,835","225,660","225,468",191,"297,925","290,768","7,157","21,184"
,6月,,Jun,"120,172","126,758","-6,586","411,583","449,323","-37,740","37,884","42,703","-4,819","-49,144",,,6月,,Jun,"725,522","726,205",-683,"274,518","293,595","-19,077","241,143","275,456","-34,312","-54,073"
,7月,,Jul,"130,253","124,232","6,021","473,635","492,619","-18,984","29,833","30,196",-364,"-13,326",,,7月,,Jul,"862,856","865,819","-2,963","267,318","244,809","22,509","201,117","290,798","-89,681","-70,135"
,8月,,Aug,"126,303","110,228","16,076","517,592","442,980","74,612","40,674","41,023",-349,"90,339",,,8月,,Aug,"956,611","965,709","-9,098","252,574","235,313","17,261","234,477","257,636","-23,158","-14,995"
,9月,,Sep,"102,639","102,371",268,"495,702","468,686","27,016","52,881","53,634",-754,"26,530",,,9月,,Sep,"780,329","825,397","-45,068","216,125","214,996","1,129","239,721","256,147","-16,425","-60,365"
,10月,,Oct,"107,872","138,094","-30,221","476,049","517,961","-41,912","41,982","39,592","2,389","-69,744",,,10月,,Oct,"856,587","828,821","27,766","228,256","225,284","2,972","228,801","204,890","23,911","54,649"
,11月,,Nov,"110,356","121,149","-10,792","429,069","425,422","3,647","35,657","40,263","-4,606","-11,752",,,11月,,Nov,"813,706","818,752","-5,047","200,496","198,885","1,612","245,569","238,920","6,649","3,214"
,12月,,Dec,"118,435","123,043","-4,608","348,344","361,515","-13,171","32,074","31,222",852,"-16,928",,,12月,,Dec,"727,894","733,433","-5,539","193,314","202,178","-8,864","152,931","189,743","-36,812","-51,214"
令和7年,1月,2025,Jan,"123,654","109,475","14,179","511,655","504,771","6,884","40,629","31,952","8,677","29,740",,令和7年,1月,2025,Jan,"743,955","736,877","7,078","246,224","226,558","19,666","248,367","211,325","37,043","63,787"
,2月,,Feb,"119,393","126,514","-7,121","480,719","449,715","31,004","36,242","34,437","1,805","25,688",,,2月,,Feb,"787,574","813,157","-25,583","263,559","248,567","14,992","196,315","211,976","-15,662","-26,253"
,3月,,Mar,"140,366","129,745","10,622","507,309","514,623","-7,314","38,793","38,239",554,"3,862",,,3月,,Mar,"874,241","906,549","-32,307","302,612","271,457","31,155","214,600","259,398","-44,798","-45,951"
,4月,,Apr,"143,400","117,720","25,680","446,460","466,230","-19,771","43,164","34,788","8,377","14,286",,,4月,,Apr,"960,676","922,892","37,784","318,396","264,473","53,923","248,442","214,253","34,189","125,896"
,5月,,May,"118,094","120,926","-2,832","382,430","339,571","42,859","31,649","29,550","2,099","42,126",,,5月,,May,"872,259","846,749","25,511","204,430","207,669","-3,239","226,242","225,076","1,166","23,438"
,6月,,Jun,"121,314","148,228","-26,914","404,009","385,534","18,476","35,467","37,679","-2,212","-10,650",,,6月,,Jun,"838,558","827,590","10,969","250,915","229,142","21,772","201,396","213,127","-11,731","21,010"
,7月,,Jul,"135,106","139,760","-4,654","398,409","356,145","42,264","34,101","36,993","-2,892","34,718",,,7月,,Jul,"888,325","864,915","23,410","276,792","239,805","36,986","201,831","197,118","4,713","65,110"
,8月,,Aug,"120,117","119,928",188,"380,816","377,318","3,498","28,436","28,988",-552,"3,134",,,8月,,Aug,"922,588","918,318","4,270","162,901","157,923","4,978","212,271","201,622","10,649","19,897"
,9月,,Sep,"136,955","129,487","7,469","437,082","416,012","21,071","46,529","46,950",-421,"28,118",,,9月,,Sep,"934,068","969,046","-34,978","222,356","221,818",538,"187,485","215,880","-28,395","-62,835"
,10月,,Oct,"135,203","156,038","-20,835","394,633","403,968","-9,334","37,710","42,250","-4,541","-34,710",,,10月,,Oct,"1,279,322","1,216,940","62,382","228,340","218,885","9,456","227,649","174,926","52,723","124,560"
,11月,,Nov,"121,660","116,609","5,051","343,533","332,870","10,663","34,374","34,329",45,"15,760",,,11月,,Nov,"1,084,306","1,074,240","10,065","202,678","184,113","18,564","163,605","172,052","-8,447","20,183"
,12月,,Dec,"126,932","125,417","1,515","312,466","315,173","-2,707","40,607","38,018","2,590","1,397",,,12月,,Dec,"963,201","967,368","-4,167","259,511","255,046","4,464","160,403","179,151","-18,748","-18,451"
令和8年,1月,2026,Jan,"133,050","124,831","8,218","382,812","376,443","6,369","39,280","38,425",855,"15,443",,令和8年,1月,2026,Jan,"1,115,710","1,087,067","28,643","314,360","261,444","52,917","219,263","192,171","27,092","108,652"
,2月,,Feb,"120,479","112,126","8,353","341,818","389,284","-47,466","48,567","45,509","3,058","-36,055",,,2月,,Feb,"1,370,774","1,336,346","34,428","259,135","229,123","30,012","197,111","178,028","19,082","83,523"
,3月,,Mar,"156,270","136,734","19,536","436,751","474,252","-37,501","42,909","45,089","-2,180","-20,145",,,3月,,Mar,"1,514,442","1,586,713","-72,271","324,320","305,818","18,503","188,371","243,933","-55,562","-109,330"
,4月(P),,Apr(P),"146,736","150,412","-3,675","370,182","363,965","6,218","35,341","44,760","-9,419","-6,877",,,4月(P),,Apr(P),"1,536,409","1,442,556","93,853","293,838","250,220","43,618","204,178","215,604","-11,426","126,045"
,5月(P),,May(P),"191,232","216,974","-25,741","352,907","323,106","29,801","40,062","41,924","-1,862","2,198",,,5月(P),,May(P),"1,728,574","1,706,830","21,744","207,438","201,459","5,979","204,629","209,805","-5,176","22,547"
