財務省　国際収支状況　（付表３　対外・対内　証券投資）,,,,,,,,,,,,,,,,,,,,,,,,,,,,,,,,,,,,,,,,,,,,,,,,
Ⅱ．投資家部門別対外証券投資,,,,,,,,,,,,,,,,,,,,,,,,,,,,,,,,,,,,,,,,,,,,,,,,
6pi-2  投資家部門別対外証券投資（合計）,,,,,,,,,,,,,,,,,,,,,,,,,,,,,,,,,,,,,,,,,,,,,,,,
（単位　億円）,,,,,,,,,,,,,,,,,,,,,,,,,,,,,,,,,,,,,,,,,,,,,,,,
Japan's Balance of Payments,,,,,,,,,,,,,,,,,,,,,,,,,,,,,,,,,,,,,,,,,,,,,,,,
Portfolio Investment Assets/Liabilities ,,,,,,,,,,,,,,,,,,,,,,,,,,,,,,,,,,,,,,,,,,,,,,,,
2.Portfolio Investment Assets by Types of Investors,,,,,,,,,,,,,,,,,,,,,,,,,,,,,,,,,,,,,,,,,,,,,,,,
6pi-2  Portfolio Investment Assets by Types of Investors - Total,,,,,,,,,,,,,,,,,,,,,,,,,,,,,,,,,,,,,,,,,,,,,,,,
(100 million Yen),,,,,,,,,,,,,,,,,,,,,,,,,,,,,,,,,,,,,,,,,,,,,,,,
,,,,,,,,,,,,,,,,,,,,,,,,,,,,,,,,,,,,,,,,,,,,,,,,
（備考） 　 ,①（Ｐ）は速報値を示す。また、合計は四捨五入により合わないことがある。,,,,,,,,,,,,,,,,,,,,,,,,,,,,,,,,,,,,,,,,,,,,,,,
,②投資信託委託会社等とは、投資信託委託会社及び資産運用会社の投資状況を表している。,,,,,,,,,,,,,,,,,,,,,,,,,,,,,,,,,,,,,,,,,,,,,,,
,③その他は、非金融法人、家計及び対家計民間非営利団体の投資状況を表している。,,,,,,,,,,,,,,,,,,,,,,,,,,,,,,,,,,,,,,,,,,,,,,,
,④令和8年4月8日付で、令和5年1月から令和7年9月までの計数について一部改訂を行っている。,,,,,,,,,,,,,,,,,,,,,,,,,,,,,,,,,,,,,,,,,,,,,,,
,,,,,,,,,,,,,,,,,,,,,,,,,,,,,,,,,,,,,,,,,,,,,,,,
(NOTES)  ,①(P) shows preliminary figures. Totals may not add due to rounding.,,,,,,,,,,,,,,,,,,,,,,,,,,,,,,,,,,,,,,,,,,,,,,,
,②Figures in Investment trust management companies include figures of asset management companies.,,,,,,,,,,,,,,,,,,,,,,,,,,,,,,,,,,,,,,,,,,,,,,,
,"③Figures in Others include figures of nonfinancial corporations,households, and NPISHs.",,,,,,,,,,,,,,,,,,,,,,,,,,,,,,,,,,,,,,,,,,,,,,,
,"④Certain figures from January 2023 up to September 2025 are revised as of April 8, 2026.",,,,,,,,,,,,,,,,,,,,,,,,,,,,,,,,,,,,,,,,,,,,,,,
,,,,,,,,,,,,,,,,,,,,,,,,,,,,,,,,,,,,,,,,,,,,,,,,
,,,,,,,,,,,,,,,,,,,,,,,,,,,,,,,,,,,,,,,,,,,,,,,,
,,,,各部門計,,,,,,,,,,,,,,,,,,,,,,,,,,,,,,,,,,,,,,,,,,,,
,,,,Total（a+b+c+ｄ),,,中央銀行,,,預金取扱機関,,,,,,,,,一般政府,,,その他部門,,,,,,,,,,,,,,,,,,,,,,,,,,
,,,,,,,Central bank (a),,,"Deposit-taking corporations,",,,銀行等（銀行勘定）,,,信託銀行（銀行勘定）,,,General government (c),,,Other sectors （d),,,その他金融機関,,,,,,,,,,,,,,,,,,,,,その他,,
,,,,,,,,,,except the central bank(b),,,Banks（banking accounts),,,Trust banks(banking accounts）,,,,,,,,,Other financial corporations,,,銀行等（信託勘定）,,,信託銀行（信託勘定）,,,金融商品取引業者,,,生命保険会社,,,損害保険会社,,,投資信託委託会社等,,,Others,,
,,,,,,,,,,,,,,,,,,,,,,,,,,,,Banks（trust accounts）,,,Trust banks（trust accounts）,,,Financial instruments firms,,,Life insurance companies,,,Non-life insurance companies,,,Investment trust management companies,,,,,
,,,,取得,処分,ネット,取得,処分,ネット,取得,処分,ネット,取得,処分,ネット,取得,処分,ネット,取得,処分,ネット,取得,処分,ネット,取得,処分,ネット,取得,処分,ネット,取得,処分,ネット,取得,処分,ネット,取得,処分,ネット,取得,処分,ネット,取得,処分,ネット,取得,処分,ネット
,,,,Acquisition,Disposition,Net,Acquisition,Disposition,Net,Acquisition,Disposition,Net,Acquisition,Disposition,Net,Acquisition,Disposition,Net,Acquisition,Disposition,Net,Acquisition,Disposition,Net,Acquisition,Disposition,Net,Acquisition,Disposition,Net,Acquisition,Disposition,Net,Acquisition,Disposition,Net,Acquisition,Disposition,Net,Acquisition,Disposition,Net,Acquisition,Disposition,Net,Acquisition,Disposition,Net
（暦年）,,,,,,,,,,,,,,,,,,,,,,,,,,,,,,,,,,,,,,,,,,,,,,,,
(Annual figures),,,,,,,,,,,,,,,,,,,,,,,,,,,,,,,,,,,,,,,,,,,,,,,,
平成26年,,2014C.Y.,,"4,328,148","4,205,662","122,486",          --,          --,          --,"847,291","878,945","-31,654","756,979","782,098","-25,119","90,312","96,847","-6,536","1,110","1,836",-726,"3,479,747","3,324,881","154,866","3,429,389","3,200,246","229,143","3,804","4,621",-816,"482,657","445,163","37,495","2,272,865","2,169,730","103,136","240,847","199,346","41,501","8,357","8,530",-173,"420,859","372,858","48,000","50,358","124,635","-74,276"
平成27年,,2015C.Y.,,"4,549,481","4,179,653","369,829",          --,          --,          --,"716,741","654,235","62,507","642,128","594,694","47,434","74,613","59,541","15,072",198,"1,767","-1,569","3,832,542","3,523,651","308,891","3,776,101","3,382,466","393,635","2,444","1,152","1,292","573,566","475,751","97,815","2,422,899","2,326,358","96,542","267,330","206,617","60,713","7,811","6,038","1,772","502,051","366,550","135,501","56,441","141,185","-84,744"
平成28年,,2016C.Y.,,"4,738,757","4,411,686","327,071",          --,          --,          --,"737,284","697,635","39,649","655,051","608,684","46,367","82,233","88,951","-6,718",200,"1,982","-1,782","4,001,272","3,712,069","289,203","3,959,344","3,627,811","331,534",642,930,-288,"457,462","414,239","43,223","2,622,090","2,546,121","75,969","417,617","278,482","139,135","8,748","7,581","1,167","452,786","380,458","72,328","41,928","84,258","-42,330"
平成29年,,2017C.Y.,,"4,404,451","4,289,854","114,598",          --,          --,          --,"584,050","647,262","-63,212","502,917","565,317","-62,400","81,133","81,945",-812,260,660,-401,"3,820,141","3,641,931","178,211","3,772,630","3,515,502","257,128",968,370,598,"480,264","432,164","48,100","2,473,525","2,359,450","114,075","325,830","292,234","33,596","10,003","7,195","2,808","482,040","424,090","57,950","47,511","126,428","-78,917"
平成30年,,2018C.Y.,,"5,080,061","4,871,707","208,354",          --,          --,          --,"661,206","671,596","-10,390","576,316","589,255","-12,940","84,891","82,341","2,550",555,201,354,"4,418,300","4,199,910","218,390","4,365,304","4,087,168","278,135",153,456,-303,"566,168","477,982","88,187","2,860,054","2,735,718","124,337","431,855","386,985","44,870","8,261","7,016","1,245","498,812","479,012","19,800","52,996","112,742","-59,746"
令和元(平成31)年,,2019C.Y.,,"6,341,703","6,140,069","201,634",          --,          --,          --,"991,165","923,735","67,430","907,338","840,073","67,265","83,827","83,662",165,383,289,94,"5,350,155","5,216,044","134,111","5,299,895","5,091,138","208,757",678,517,161,"527,152","478,705","48,447","3,938,483","3,853,820","84,663","362,834","316,086","46,748","6,052","7,767","-1,716","464,696","434,243","30,453","50,260","124,906","-74,646"
令和2年,,2020C.Y.,,"6,173,408","6,000,946","172,462",          --,          --,          --,"1,007,043","1,024,752","-17,709","926,511","943,622","-17,111","80,532","81,130",-598,285,602,-316,"5,166,080","4,975,593","190,487","5,033,228","4,772,808","260,420",217,577,-360,"800,877","693,923","106,954","3,376,858","3,286,086","90,772","322,135","320,178","1,957","6,333","6,334",-2,"526,808","465,710","61,099","132,852","202,785","-69,933"
令和3年,,2021C.Y.,,"6,169,560","6,175,646","-6,086",          --,          --,          --,"876,542","884,933","-8,392","791,554","809,258","-17,704","84,988","75,675","9,312",277,465,-188,"5,292,741","5,290,248","2,494","5,198,011","5,098,283","99,727",216,358,-143,"864,852","915,789","-50,937","3,504,886","3,422,002","82,884","254,148","249,049","5,099","6,112","6,422",-310,"567,797","504,663","63,134","94,731","191,964","-97,233"
令和4年,,2022C.Y.,,"5,871,143","6,098,875","-227,732",          --,          --,          --,"910,125","1,050,248","-140,123","839,344","969,383","-130,039","70,781","80,865","-10,084",85,244,-159,"4,960,933","5,048,383","-87,450","4,850,301","4,858,966","-8,665",204,234,-30,"954,782","939,351","15,431","3,020,934","2,942,128","78,806","339,458","464,843","-125,386","7,768","9,061","-1,293","527,156","503,349","23,807","110,632","189,417","-78,785"
令和5年,,2023C.Y.,,"5,959,570","5,785,453","174,117",          --,          --,          --,"1,173,861","1,025,805","148,056","1,056,738","920,281","136,458","117,123","105,524","11,598",81,305,-224,"4,785,628","4,759,343","26,285","4,677,144","4,595,425","81,719",170,154,16,"798,902","813,875","-14,973","2,957,398","2,878,479","78,919","379,869","418,210","-38,341","8,427","7,699",728,"532,379","477,008","55,371","108,483","163,918","-55,434"
令和6年,,2024C.Y.,,"7,040,298","7,020,776","19,523",          --,          --,          --,"1,175,362","1,185,068","-9,706","1,048,086","1,056,983","-8,897","127,277","128,085",-809,417,338,79,"5,864,518","5,835,369","29,149","5,673,080","5,581,285","91,795",280,190,90,"897,168","976,211","-79,043","3,720,854","3,643,830","77,024","369,429","389,517","-20,088","8,714","9,881","-1,167","676,634","561,656","114,978","191,438","254,084","-62,645"
令和7年,,2025C.Y.,,"6,989,416","6,835,949","153,468",          --,          --,          --,"1,247,977","1,181,990","65,988","1,090,277","1,055,151","35,126","157,700","126,839","30,861",902,491,412,"5,740,537","5,653,468","87,068","5,478,877","5,342,330","136,548",83,65,18,"1,031,035","1,031,608",-573,"3,363,464","3,289,419","74,045","354,311","359,905","-5,593","11,372","10,398",974,"718,612","650,935","67,677","261,659","311,139","-49,479"
,,,,,,,,,,,,,,,,,,,,,,,,,,,,,,,,,,,,,,,,,,,,,,,,
（月次）,,,,,,,,,,,,,,,,,,,,,,,,,,,,,,,,,,,,,,,,,,,,,,,,
(Monthly figures),,,,,,,,,,,,,,,,,,,,,,,,,,,,,,,,,,,,,,,,,,,,,,,,
平成26年,1月,2014,Jan,"272,975","298,933","-25,958",          --,          --,          --,"26,949","55,369","-28,420","23,814","50,593","-26,779","3,134","4,775","-1,641",73,66,7,"245,953","243,498","2,455","241,341","231,982","9,358",564,52,512,"31,251","34,346","-3,095","159,971","149,646","10,325","15,778","18,490","-2,712","1,196","1,063",133,"32,581","28,387","4,194","4,612","11,515","-6,903"
,2月,,Feb,"253,416","258,394","-4,978",          --,          --,          --,"39,220","48,160","-8,939","33,418","43,165","-9,747","5,802","4,994",808,44,278,-234,"214,152","209,957","4,195","210,939","201,136","9,803",90,69,20,"33,572","35,131","-1,559","133,502","125,709","7,794","13,694","12,895",799,875,545,329,"29,207","26,787","2,421","3,212","8,821","-5,608"
,3月,,Mar,"351,137","369,091","-17,954",          --,          --,          --,"88,115","103,346","-15,231","75,083","88,799","-13,716","13,032","14,547","-1,515",48,367,-318,"262,974","265,378","-2,404","258,619","253,506","5,113",38,70,-32,"37,477","41,433","-3,956","166,282","159,655","6,626","24,250","22,072","2,178",969,597,373,"29,603","29,678",-76,"4,355","11,872","-7,517"
,4月,,Apr,"337,863","328,465","9,398",          --,          --,          --,"78,207","97,790","-19,583","69,697","91,489","-21,793","8,510","6,301","2,209",52,86,-34,"259,604","230,589","29,015","256,999","224,278","32,721",88,67,21,"44,083","39,434","4,649","151,461","139,127","12,334","24,552","14,166","10,386",943,"1,607",-664,"35,873","29,877","5,996","2,605","6,311","-3,706"
,5月,,May,"402,200","372,457","29,743",          --,          --,          --,"120,602","110,282","10,320","111,757","99,443","12,314","8,845","10,839","-1,994",96,81,15,"281,502","262,094","19,408","278,165","256,242","21,923",86,86,0,"39,861","37,201","2,660","182,279","171,857","10,422","20,530","17,411","3,119",717,849,-132,"34,692","28,838","5,854","3,337","5,853","-2,515"
,6月,,Jun,"391,219","359,572","31,647",          --,          --,          --,"92,942","76,481","16,461","82,236","67,662","14,574","10,705","8,818","1,887",151,188,-37,"298,127","282,903","15,224","293,284","273,920","19,363",280,44,236,"37,120","35,211","1,909","194,645","191,574","3,071","22,679","15,569","7,110",583,525,58,"37,977","30,998","6,979","4,843","8,983","-4,140"
,7月,,Jul,"433,365","406,695","26,670",          --,          --,          --,"87,395","92,283","-4,888","81,655","86,643","-4,988","5,740","5,640",100,88,88,1,"345,882","314,324","31,558","342,097","305,333","36,764",96,97,-1,"36,334","35,432",902,"233,428","220,418","13,010","30,970","16,280","14,690",672,576,96,"40,597","32,530","8,067","3,785","8,992","-5,206"
,8月,,Aug,"377,865","354,297","23,568",          --,          --,          --,"64,968","61,304","3,664","57,469","57,436",33,"7,499","3,868","3,631",15,120,-105,"312,882","292,873","20,009","309,470","283,879","25,591","1,424",381,"1,043","48,855","39,231","9,625","207,849","200,346","7,503","17,314","13,715","3,599",430,277,153,"33,598","29,930","3,668","3,412","8,994","-5,582"
,9月,,Sep,"448,709","415,445","33,264",          --,          --,          --,"62,967","55,097","7,870","54,639","41,242","13,396","8,328","13,855","-5,527",115,225,-110,"385,628","360,123","25,505","379,833","346,671","33,162",177,698,-521,"46,939","37,122","9,817","270,949","260,050","10,898","22,091","14,078","8,013",785,863,-79,"38,892","33,860","5,033","5,795","13,452","-7,657"
,10月,,Oct,"413,671","401,462","12,209",          --,          --,          --,"82,751","90,190","-7,439","74,533","78,218","-3,685","8,218","11,972","-3,754",7,147,-139,"330,913","311,126","19,787","326,556","301,752","24,804",700,"2,773","-2,073","46,551","36,265","10,285","224,295","217,468","6,827","16,646","14,962","1,684",396,745,-349,"37,969","29,539","8,430","4,356","9,373","-5,017"
,11月,,Nov,"313,706","293,421","20,285",          --,          --,          --,"52,126","30,681","21,444","47,145","28,853","18,292","4,981","1,829","3,152",402,92,311,"261,178","262,648","-1,470","256,239","249,577","6,662",252,39,213,"43,320","39,604","3,717","166,738","156,582","10,156","13,803","14,460",-657,454,747,-292,"31,672","38,146","-6,475","4,938","13,071","-8,132"
,12月,,Dec,"332,022","347,431","-15,408",          --,          --,          --,"51,050","57,963","-6,912","45,533","48,553","-3,020","5,517","9,410","-3,892",19,100,-81,"280,954","289,368","-8,415","275,847","271,969","3,878",10,244,-234,"37,294","34,754","2,540","181,467","177,298","4,168","18,540","25,248","-6,708",337,137,200,"38,199","34,288","3,911","5,107","17,399","-12,293"
平成27年,1月,2015,Jan,"429,784","395,600","34,184",          --,          --,          --,"76,071","67,322","8,749","71,583","64,120","7,462","4,488","3,202","1,286",7,69,-62,"353,706","328,209","25,497","349,401","316,699","32,703",69,177,-107,"45,623","34,904","10,719","240,544","232,592","7,952","21,131","16,671","4,460",904,259,645,"41,130","32,097","9,033","4,304","11,510","-7,205"
,2月,,Feb,"374,396","340,187","34,209",          --,          --,          --,"53,842","44,484","9,357","50,881","40,587","10,294","2,961","3,898",-937,27,93,-65,"320,527","295,610","24,917","316,882","284,071","32,811",20,45,-26,"51,189","40,251","10,938","203,711","195,835","7,875","17,662","16,190","1,472",584,308,276,"43,717","31,442","12,275","3,645","11,539","-7,894"
,3月,,Mar,"441,033","388,243","52,790",          --,          --,          --,"68,656","41,580","27,076","63,621","37,972","25,648","5,035","3,608","1,428",3,293,-290,"372,374","346,371","26,004","367,414","329,797","37,617",433,394,39,"54,528","42,284","12,244","246,347","232,763","13,584","18,515","21,454","-2,940",887,231,656,"46,703","32,670","14,034","4,961","16,574","-11,613"
,4月,,Apr,"386,154","387,921","-1,767",          --,          --,          --,"56,512","97,633","-41,121","47,545","88,884","-41,340","8,967","8,749",218,40,36,4,"329,602","290,252","39,351","320,660","274,119","46,541",940,183,757,"50,168","41,415","8,753","195,123","185,197","9,925","30,764","16,913","13,851",903,455,448,"42,762","29,955","12,807","8,942","16,133","-7,190"
,5月,,May,"351,302","306,337","44,965",          --,          --,          --,"52,486","34,534","17,953","46,200","28,080","18,120","6,286","6,454",-167,20,52,-32,"298,796","271,752","27,044","294,909","259,090","35,819",340,104,236,"45,699","43,599","2,101","177,431","166,879","10,552","30,449","16,056","14,393",811,855,-45,"40,178","31,597","8,581","3,887","12,661","-8,774"
,6月,,Jun,"338,042","355,230","-17,188",          --,          --,          --,"49,020","79,735","-30,715","44,904","70,233","-25,329","4,116","9,502","-5,386",38,343,-305,"288,984","275,152","13,832","283,536","261,699","21,837",345,177,167,"42,557","41,502","1,055","167,610","160,279","7,331","28,389","24,611","3,778","1,252","1,097",155,"43,383","34,032","9,351","5,448","13,453","-8,005"
,7月,,Jul,"365,207","329,076","36,131",          --,          --,          --,"61,141","55,821","5,321","55,893","53,013","2,880","5,249","2,808","2,441",41,140,-98,"304,025","273,116","30,909","299,874","260,560","39,314",116,16,100,"43,938","33,840","10,098","190,444","178,511","11,933","19,969","18,525","1,444",609,429,180,"44,799","29,240","15,559","4,151","12,556","-8,405"
,8月,,Aug,"381,842","341,289","40,553",          --,          --,          --,"68,171","56,566","11,605","60,208","49,844","10,364","7,963","6,722","1,241",5,18,-13,"313,666","284,705","28,961","309,638","275,603","34,035",          --,0,0,"68,083","53,799","14,284","176,493","173,232","3,261","21,156","15,409","5,747",319,374,-55,"43,587","32,788","10,799","4,028","9,102","-5,074"
,9月,,Sep,"389,128","334,463","54,665",          --,          --,          --,"69,237","37,457","31,780","64,457","32,337","32,121","4,780","5,120",-341,3,390,-388,"319,888","296,615","23,273","315,922","287,902","28,020",3,22,-19,"45,876","35,610","10,266","211,738","209,925","1,813","19,783","18,008","1,775",360,592,-231,"38,163","23,746","14,417","3,966","8,714","-4,748"
,10月,,Oct,"404,220","359,446","44,774",          --,          --,          --,"81,210","65,648","15,562","70,878","60,565","10,313","10,332","5,083","5,249",15,76,-61,"322,995","293,722","29,273","319,882","286,682","33,200",37,7,30,"49,915","45,034","4,881","206,684","198,220","8,464","20,412","13,627","6,785",360,634,-274,"42,473","29,158","13,315","3,113","7,040","-3,927"
,11月,,Nov,"351,605","318,039","33,566",          --,          --,          --,"43,111","33,854","9,258","34,887","31,626","3,261","8,224","2,228","5,997",0,81,-81,"308,494","284,104","24,389","305,082","275,820","29,261",129,10,119,"39,839","35,228","4,611","207,358","198,810","8,548","19,302","13,974","5,328",343,421,-79,"38,112","27,376","10,735","3,412","8,284","-4,872"
,12月,,Dec,"336,768","323,821","12,947",          --,          --,          --,"37,283","39,601","-2,318","31,071","37,432","-6,361","6,212","2,169","4,043",0,177,-176,"299,485","284,043","15,441","292,900","270,423","22,476",12,15,-3,"36,150","28,285","7,865","199,417","194,114","5,303","19,798","15,177","4,621",479,383,96,"37,044","32,449","4,595","6,585","13,620","-7,035"
平成28年,1月,2016,Jan,"438,016","424,056","13,961",          --,          --,          --,"63,821","67,784","-3,963","58,988","60,568","-1,580","4,833","7,216","-2,383",9,51,-42,"374,187","356,221","17,966","371,540","350,116","21,424",          --,21,-21,"36,192","28,738","7,455","285,086","276,066","9,020","20,978","18,993","1,985",520,604,-84,"28,764","25,694","3,069","2,646","6,104","-3,458"
,2月,,Feb,"430,373","378,103","52,269",          --,          --,          --,"100,654","81,096","19,558","92,000","65,185","26,814","8,654","15,910","-7,256",71,23,48,"329,648","296,985","32,663","326,962","291,707","35,254",          --,19,-19,"45,719","33,594","12,125","211,102","207,045","4,056","34,295","20,304","13,991",208,879,-672,"35,639","29,866","5,773","2,686","5,277","-2,592"
,3月,,Mar,"422,504","353,290","69,213",          --,          --,          --,"76,165","51,167","24,998","67,115","46,165","20,950","9,050","5,002","4,048",3,"1,204","-1,201","346,336","300,919","45,417","343,410","294,819","48,591",          --,627,-627,"44,805","40,283","4,522","213,071","202,776","10,295","44,481","24,835","19,646",808,385,423,"40,245","25,913","14,332","2,926","6,100","-3,174"
,4月,,Apr,"384,723","378,436","6,286",          --,          --,          --,"65,597","74,260","-8,663","59,942","62,103","-2,161","5,655","12,157","-6,502",0,217,-217,"319,125","303,958","15,167","317,203","298,496","18,707",          --,0,0,"39,021","36,929","2,092","206,543","202,387","4,156","35,806","20,420","15,386",640,"1,035",-395,"35,194","37,726","-2,532","1,922","5,462","-3,540"
,5月,,May,"373,137","344,209","28,928",          --,          --,          --,"37,575","45,037","-7,462","32,880","42,199","-9,320","4,695","2,838","1,857",3,18,-14,"335,559","299,154","36,405","332,866","293,701","39,165",          --,25,-25,"42,365","38,203","4,162","221,611","208,054","13,556","32,388","20,397","11,991",614,250,364,"35,888","26,771","9,117","2,692","5,453","-2,760"
,6月,,Jun,"414,637","385,561","29,076",          --,          --,          --,"71,927","72,547",-619,"63,432","63,381",50,"8,496","9,165",-670,0,22,-22,"342,710","312,992","29,718","337,306","305,718","31,588",20,43,-23,"39,691","34,739","4,952","211,450","203,449","8,001","44,473","34,308","10,165",874,"1,042",-168,"40,798","32,136","8,662","5,404","7,274","-1,870"
,7月,,Jul,"404,956","332,762","72,194",          --,          --,          --,"66,478","36,628","29,850","54,871","33,103","21,768","11,607","3,525","8,082",0,35,-34,"338,478","296,099","42,378","334,202","289,362","44,840",          --,32,-32,"32,235","29,790","2,445","213,211","206,716","6,495","45,509","22,618","22,891",997,451,545,"42,251","29,755","12,495","4,275","6,737","-2,462"
,8月,,Aug,"387,271","351,874","35,397",          --,          --,          --,"37,640","37,920",-281,"31,368","34,793","-3,425","6,272","3,127","3,144",0,29,-29,"349,631","313,924","35,707","345,903","307,241","38,662",          --,19,-19,"35,344","29,670","5,674","241,200","231,533","9,667","32,209","19,454","12,754",676,505,172,"36,474","26,059","10,415","3,728","6,683","-2,955"
,9月,,Sep,"382,815","367,944","14,871",          --,          --,          --,"58,633","60,718","-2,084","50,791","54,483","-3,691","7,842","6,235","1,607",50,25,25,"324,131","307,201","16,930","320,804","299,163","21,641",180,55,125,"35,041","36,035",-994,"208,715","204,799","3,917","34,774","21,786","12,988","1,010",489,521,"41,083","35,999","5,084","3,328","8,038","-4,710"
,10月,,Oct,"369,098","342,310","26,788",          --,          --,          --,"56,526","53,361","3,165","50,938","43,110","7,828","5,589","10,251","-4,663",32,6,25,"312,540","288,943","23,597","309,783","281,737","28,047",13,8,5,"32,691","32,834",-143,"202,348","196,924","5,423","33,222","20,134","13,088",664,407,257,"40,846","31,430","9,417","2,757","7,206","-4,449"
,11月,,Nov,"422,560","406,578","15,982",          --,          --,          --,"65,170","64,236",935,"60,267","55,333","4,934","4,904","8,903","-3,999",2,278,-276,"357,389","342,065","15,324","353,565","333,192","20,373",9,36,-27,"38,957","38,078",879,"233,034","224,090","8,943","36,422","30,226","6,196","1,241",854,387,"43,902","39,907","3,994","3,823","8,873","-5,049"
,12月,,Dec,"308,667","346,563","-37,896",          --,          --,          --,"37,097","52,881","-15,784","32,460","48,261","-15,800","4,637","4,621",16,31,75,-44,"271,539","293,607","-22,068","265,799","282,557","-16,758",420,45,375,"35,401","35,346",55,"174,719","182,281","-7,562","23,058","25,004","-1,946",497,680,-183,"31,703","39,201","-7,498","5,741","11,050","-5,309"
平成29年,1月,2017,Jan,"336,267","340,637","-4,370",          --,          --,          --,"50,673","67,579","-16,907","46,592","63,379","-16,786","4,081","4,201",-120,7,14,-7,"285,587","273,044","12,543","281,195","262,310","18,885",475,43,433,"34,402","31,085","3,317","188,992","182,735","6,257","21,983","17,536","4,447","1,024",330,694,"34,319","30,581","3,738","4,392","10,733","-6,342"
,2月,,Feb,"343,726","359,920","-16,195",          --,          --,          --,"30,633","46,856","-16,223","26,906","42,081","-15,176","3,727","4,775","-1,048",151,49,102,"312,941","313,015",-73,"310,141","300,413","9,728",          --,65,-65,"37,004","36,214",790,"213,535","208,711","4,824","18,620","21,430","-2,810",832,676,156,"40,150","33,318","6,832","2,800","12,602","-9,802"
,3月,,Mar,"460,637","470,890","-10,253",          --,          --,          --,"57,926","60,593","-2,667","52,165","47,397","4,768","5,761","13,196","-7,435",14,159,-145,"402,697","410,139","-7,442","399,143","399,916",-773,18,44,-26,"43,124","47,331","-4,208","274,983","261,442","13,540","34,792","30,457","4,335","1,352","1,756",-405,"44,874","58,884","-14,010","3,554","10,223","-6,668"
,4月,,Apr,"364,588","397,340","-32,752",          --,          --,          --,"49,889","103,818","-53,929","43,897","96,660","-52,762","5,991","7,158","-1,167",2,74,-72,"314,697","293,448","21,249","312,316","287,446","24,871",0,5,-5,"43,643","35,676","7,967","201,891","191,318","10,573","27,471","21,621","5,850",412,943,-530,"38,899","37,883","1,015","2,381","6,003","-3,622"
,5月,,May,"390,722","347,885","42,838",          --,          --,          --,"68,289","49,772","18,518","59,193","45,867","13,326","9,096","3,904","5,192",18,102,-84,"322,415","298,011","24,404","319,086","290,602","28,484",4,30,-26,"46,740","40,750","5,990","208,664","196,261","12,403","21,495","19,071","2,424",582,323,260,"41,601","34,169","7,432","3,329","7,409","-4,080"
,6月,,Jun,"429,109","404,952","24,157",          --,          --,          --,"67,178","58,727","8,451","58,058","51,276","6,782","9,120","7,451","1,669",6,31,-25,"361,925","346,194","15,731","357,718","336,721","20,997",6,93,-87,"43,333","41,763","1,569","240,094","232,474","7,620","30,633","27,805","2,828",700,392,308,"42,952","34,194","8,758","4,207","9,472","-5,266"
,7月,,Jul,"378,581","319,380","59,201",          --,          --,          --,"63,492","25,612","37,880","56,358","23,040","33,318","7,135","2,572","4,562",0,119,-119,"315,089","293,649","21,439","311,674","285,175","26,499",135,1,134,"39,230","34,647","4,583","203,415","193,531","9,885","31,946","23,150","8,796","1,037",376,661,"35,911","33,470","2,440","3,415","8,474","-5,059"
,8月,,Aug,"338,923","314,593","24,330",          --,          --,          --,"46,324","53,744","-7,419","38,795","46,046","-7,251","7,529","7,698",-169,28,18,10,"292,571","260,831","31,740","285,596","252,640","32,956",          --,4,-4,"41,431","32,502","8,929","177,137","164,276","12,861","26,567","25,280","1,287",914,401,513,"39,548","30,178","9,370","6,975","8,191","-1,216"
,9月,,Sep,"386,673","378,197","8,476",          --,          --,          --,"52,820","62,254","-9,434","40,119","48,202","-8,084","12,701","14,051","-1,350",4,13,-9,"333,849","315,930","17,919","330,140","301,506","28,634",112,14,98,"39,487","33,327","6,160","219,689","212,538","7,150","30,534","23,779","6,755",828,541,287,"39,491","31,306","8,184","3,709","14,425","-10,715"
,10月,,Oct,"340,628","342,172","-1,544",          --,          --,          --,"38,891","58,710","-19,819","30,619","50,508","-19,889","8,272","8,202",70,18,42,-24,"301,719","283,420","18,300","298,225","272,773","25,451",171,11,160,"37,277","32,588","4,688","185,940","176,541","9,400","33,978","30,366","3,612",586,254,332,"40,272","33,013","7,259","3,494","10,646","-7,152"
,11月,,Nov,"360,601","350,866","9,735",          --,          --,          --,"30,169","34,498","-4,328","25,879","30,241","-4,362","4,290","4,256",34,2,18,-15,"330,429","316,351","14,079","326,078","302,035","24,043",          --,41,-41,"43,570","37,771","5,800","216,539","205,226","11,314","22,290","24,659","-2,369","1,248",950,298,"42,431","33,389","9,041","4,352","14,316","-9,964"
,12月,,Dec,"273,996","263,022","10,974",          --,          --,          --,"27,766","25,099","2,666","24,335","20,619","3,716","3,430","4,480","-1,050",8,22,-14,"246,222","237,900","8,322","241,319","223,966","17,354",46,20,26,"31,025","28,511","2,514","142,645","134,397","8,248","25,522","27,081","-1,559",489,254,234,"41,593","33,702","7,891","4,903","13,935","-9,032"
平成30年,1月,2018,Jan,"424,532","387,978","36,554",          --,          --,          --,"41,042","43,766","-2,724","36,704","36,683",21,"4,338","7,083","-2,745",1,1,0,"383,489","344,210","39,279","379,484","332,743","46,741",2,8,-6,"49,364","40,533","8,831","228,569","216,698","11,870","51,260","38,906","12,354",863,245,618,"49,427","36,353","13,074","4,006","11,468","-7,462"
,2月,,Feb,"393,851","418,026","-24,175",          --,          --,          --,"45,361","82,642","-37,281","35,902","75,411","-39,509","9,459","7,231","2,228",28,7,21,"348,462","335,377","13,085","343,229","324,270","18,959",          --,56,-56,"52,879","39,440","13,439","202,048","192,365","9,683","41,218","38,621","2,597",805,539,266,"46,278","53,247","-6,969","5,233","11,108","-5,874"
,3月,,Mar,"423,646","412,522","11,124",          --,          --,          --,"58,990","63,223","-4,233","53,183","55,862","-2,679","5,807","7,361","-1,554",28,109,-81,"364,629","349,190","15,439","359,690","337,658","22,032",2,13,-11,"51,792","43,873","7,920","217,034","200,923","16,112","45,299","37,653","7,646","1,227","1,512",-286,"44,336","53,685","-9,349","4,939","11,531","-6,593"
,4月,,Apr,"400,549","363,031","37,517",          --,          --,          --,"51,039","48,555","2,485","44,253","42,535","1,718","6,787","6,019",767,20,4,16,"349,489","314,473","35,016","343,483","307,371","36,112",          --,9,-9,"54,731","40,855","13,876","202,643","191,595","11,048","48,196","35,618","12,578",983,617,366,"36,929","38,676","-1,747","6,006","7,102","-1,096"
,5月,,May,"402,333","407,008","-4,675",          --,          --,          --,"44,627","66,252","-21,625","39,122","57,982","-18,860","5,505","8,270","-2,765",18,17,2,"357,687","340,740","16,948","353,570","331,425","22,145",31,72,-41,"51,825","43,082","8,743","216,538","207,585","8,953","43,103","40,936","2,167",312,336,-24,"41,760","39,414","2,347","4,118","9,315","-5,197"
,6月,,Jun,"402,758","380,594","22,164",          --,          --,          --,"75,753","63,054","12,700","65,519","54,799","10,720","10,234","8,255","1,979",183,3,180,"326,822","317,537","9,284","323,209","307,152","16,057",2,72,-70,"46,384","40,853","5,531","205,374","196,899","8,475","27,605","30,762","-3,157",243,604,-361,"43,600","37,962","5,639","3,613","10,385","-6,772"
,7月,,Jul,"393,928","369,945","23,982",          --,          --,          --,"60,555","49,810","10,745","48,811","43,420","5,391","11,744","6,390","5,354",15,8,6,"333,359","320,127","13,231","329,132","311,311","17,821",15,30,-15,"36,395","35,257","1,138","219,917","208,056","11,862","34,941","34,835",107,766,318,448,"37,097","32,816","4,282","4,227","8,816","-4,590"
,8月,,Aug,"429,226","415,731","13,495",          --,          --,          --,"53,332","56,727","-3,395","46,700","48,165","-1,465","6,632","8,562","-1,930",17,9,8,"375,876","358,994","16,882","372,041","351,025","21,016",18,21,-3,"41,758","37,525","4,234","254,524","247,034","7,491","31,323","27,611","3,712",428,186,242,"43,989","38,649","5,341","3,836","7,969","-4,134"
,9月,,Sep,"435,195","375,066","60,128",          --,          --,          --,"67,433","28,013","39,420","62,728","22,947","39,781","4,705","5,066",-361,192,21,171,"367,570","347,033","20,537","363,741","336,482","27,260",          --,33,-33,"37,927","36,541","1,386","255,680","245,750","9,931","30,025","22,228","7,797",487,388,99,"39,622","31,541","8,081","3,829","10,551","-6,722"
,10月,,Oct,"503,294","495,183","8,112",          --,          --,          --,"47,988","57,505","-9,517","42,933","50,806","-7,873","5,054","6,699","-1,644",16,14,2,"455,291","437,664","17,626","449,388","427,447","21,941",5,23,-18,"51,603","49,076","2,528","317,657","306,545","11,112","32,827","33,443",-617,859,552,307,"46,437","37,808","8,629","5,903","10,217","-4,315"
,11月,,Nov,"502,086","477,402","24,684",          --,          --,          --,"55,686","52,081","3,605","49,246","47,594","1,652","6,440","4,487","1,953",6,1,5,"446,394","425,320","21,073","442,679","418,491","24,188",78,68,9,"49,047","35,920","13,127","327,982","318,980","9,002","24,786","26,091","-1,305",524,754,-230,"40,262","36,678","3,584","3,715","6,829","-3,115"
,12月,,Dec,"368,664","369,220",-556,          --,          --,          --,"59,401","59,969",-568,"51,216","53,051","-1,835","8,185","6,917","1,268",31,8,23,"309,232","309,244",-12,"305,659","301,794","3,865",          --,51,-51,"42,463","35,027","7,436","212,086","203,288","8,798","21,272","20,280",992,764,964,-200,"29,074","42,184","-13,110","3,573","7,450","-3,877"
平成31年,1月,2019,Jan,"494,290","481,887","12,403",          --,          --,          --,"66,410","53,705","12,705","58,894","46,713","12,181","7,516","6,992",524,38,2,36,"427,842","428,180",-338,"424,975","419,122","5,853",          --,349,-349,"41,893","36,949","4,943","317,856","314,538","3,318","32,233","30,231","2,002",314,261,54,"32,680","36,794","-4,114","2,867","9,058","-6,192"
,2月,,Feb,"399,274","375,674","23,600",          --,          --,          --,"65,772","47,820","17,952","56,271","40,793","15,478","9,501","7,027","2,474",8,8,0,"333,494","327,846","5,648","330,493","318,953","11,541",3,12,-10,"38,946","36,175","2,771","224,709","216,041","8,667","31,092","27,859","3,233",557,397,160,"35,188","38,469","-3,281","3,000","8,893","-5,893"
,3月,,Mar,"633,505","596,723","36,782",          --,          --,          --,"114,955","95,456","19,499","109,572","83,828","25,743","5,383","11,627","-6,245",32,7,25,"518,518","501,260","17,258","514,260","491,351","22,909",218,24,194,"46,579","45,246","1,333","381,717","373,525","8,192","33,828","30,103","3,724","1,081","2,287","-1,206","50,838","40,166","10,672","4,259","9,909","-5,651"
,4月,,Apr,"542,862","552,664","-9,802",          --,          --,          --,"91,752","104,614","-12,862","86,047","99,645","-13,598","5,704","4,968",736,11,5,6,"451,099","448,046","3,053","447,855","438,196","9,658",          --,14,-14,"44,669","38,630","6,039","336,130","338,307","-2,177","28,000","21,731","6,269",720,680,40,"38,336","38,835",-499,"3,244","9,849","-6,605"
令和元年,5月,,May,"566,410","542,075","24,335",          --,          --,          --,"93,175","94,058",-883,"84,852","86,281","-1,429","8,323","7,777",546,          --,2,-2,"473,235","448,015","25,221","468,582","435,265","33,317",89,12,77,"50,674","42,249","8,425","348,107","337,210","10,897","30,178","22,727","7,451",766,330,435,"38,768","32,737","6,031","4,653","12,750","-8,096"
,6月,,Jun,"590,716","554,820","35,897",          --,          --,          --,"120,222","115,448","4,775","111,812","107,608","4,203","8,411","7,839",571,35,7,28,"470,459","439,365","31,094","465,578","428,176","37,402",2,18,-16,"44,974","41,920","3,053","337,788","319,949","17,839","41,102","26,558","14,543",226,480,-253,"41,486","39,251","2,236","4,881","11,189","-6,308"
,7月,,Jul,"601,780","576,207","25,573",          --,          --,          --,"91,992","73,906","18,087","85,535","68,930","16,604","6,458","4,975","1,483",174,174,1,"509,613","502,128","7,485","503,831","491,790","12,041",17,22,-5,"38,368","35,493","2,875","400,330","390,506","9,824","29,902","29,176",726,618,669,-51,"34,595","35,923","-1,328","5,783","10,338","-4,556"
,8月,,Aug,"571,382","550,907","20,475",          --,          --,          --,"98,599","96,961","1,639","88,634","86,161","2,473","9,965","10,800",-834,3,20,-17,"472,779","453,926","18,853","468,078","446,100","21,978",342,16,326,"50,418","40,369","10,049","350,588","344,517","6,071","28,735","26,540","2,195",130,245,-115,"37,865","34,413","3,452","4,701","7,827","-3,125"
,9月,,Sep,"576,333","556,868","19,464",          --,          --,          --,"75,850","69,292","6,558","69,537","62,523","7,014","6,313","6,769",-456,14,3,11,"500,469","487,573","12,896","495,574","478,766","16,808",4,16,-12,"45,209","42,919","2,290","381,910","376,625","5,285","27,623","25,155","2,468",460,620,-161,"40,368","33,431","6,937","4,895","8,807","-3,912"
,10月,,Oct,"495,084","478,791","16,293",          --,          --,          --,"68,208","69,708","-1,500","60,257","64,523","-4,266","7,951","5,185","2,766",43,2,42,"426,833","409,082","17,752","422,781","400,672","22,109",          --,3,-3,"41,729","35,565","6,164","306,802","301,311","5,491","32,446","23,769","8,677",282,273,8,"41,523","39,750","1,772","4,052","8,410","-4,358"
,11月,,Nov,"456,507","451,481","5,026",          --,          --,          --,"58,618","60,518","-1,900","52,467","55,482","-3,016","6,151","5,035","1,116",21,9,12,"397,868","390,954","6,914","394,371","379,602","14,769",          --,17,-17,"47,996","46,257","1,739","280,085","271,675","8,410","27,792","28,307",-515,246,530,-285,"38,251","32,815","5,436","3,497","11,351","-7,855"
,12月,,Dec,"413,560","421,972","-8,412",          --,          --,          --,"45,613","42,252","3,361","43,461","37,584","5,877","2,152","4,668","-2,516",3,50,-47,"367,945","379,670","-11,725","363,517","363,146",371,3,15,-12,"35,697","36,932","-1,236","272,461","269,614","2,847","19,905","23,930","-4,025",653,996,-343,"34,798","31,660","3,138","4,427","16,523","-12,096"
令和2年,1月,2020,Jan,"502,468","485,172","17,296",          --,          --,          --,"58,090","66,896","-8,806","51,393","64,092","-12,699","6,697","2,803","3,894",16,25,-9,"444,362","418,252","26,110","439,425","404,952","34,473",          --,1,-1,"52,635","33,056","19,579","321,266","310,754","10,512","23,442","26,621","-3,179",350,839,-489,"41,732","33,680","8,052","4,937","13,301","-8,363"
,2月,,Feb,"522,540","478,793","43,747",          --,          --,          --,"103,285","92,624","10,662","94,097","84,657","9,440","9,188","7,967","1,222",11,86,-75,"419,243","386,083","33,161","407,981","373,411","34,570",5,3,2,"67,215","45,134","22,081","276,362","266,328","10,034","20,765","21,504",-738,289,305,-16,"43,345","40,137","3,208","11,262","12,672","-1,410"
,3月,,Mar,"690,895","639,299","51,596",          --,          --,          --,"181,597","133,548","48,048","170,571","115,863","54,708","11,026","17,686","-6,660",159,30,129,"509,139","505,721","3,418","497,373","491,939","5,434",          --,218,-218,"65,965","56,643","9,322","333,944","324,696","9,248","40,810","46,764","-5,954","1,308","1,383",-75,"55,346","62,234","-6,888","11,766","13,782","-2,016"
,4月,,Apr,"458,254","476,055","-17,801",          --,          --,          --,"69,032","100,133","-31,101","63,553","95,676","-32,123","5,478","4,457","1,022",12,74,-62,"389,210","375,847","13,362","384,260","366,599","17,661",          --,0,0,"65,597","65,580",17,"241,554","237,324","4,230","35,805","27,994","7,811",489,197,292,"40,815","35,505","5,310","4,950","9,249","-4,299"
,5月,,May,"410,393","402,261","8,132",          --,          --,          --,"73,292","91,313","-18,021","68,762","87,818","-19,056","4,530","3,495","1,035",1,16,-15,"337,100","310,932","26,168","321,787","301,449","20,338",          --,3,-3,"59,044","52,940","6,104","198,049","195,689","2,360","23,265","18,057","5,208",185,"1,073",-888,"41,243","33,687","7,556","15,313","9,483","5,830"
,6月,,Jun,"588,854","550,170","38,684",          --,          --,          --,"91,956","70,729","21,227","85,003","62,516","22,486","6,953","8,213","-1,260",5,16,-11,"496,892","479,424","17,468","485,501","453,437","32,065",84,4,80,"61,168","51,585","9,583","345,655","336,722","8,933","33,453","26,235","7,218",560,524,36,"44,582","38,367","6,215","11,391","25,988","-14,597"
,7月,,Jul,"512,752","552,187","-39,436",          --,          --,          --,"75,679","122,762","-47,083","63,556","114,852","-51,296","12,123","7,910","4,213",36,145,-109,"437,036","429,280","7,756","403,708","390,836","12,872",          --,3,-3,"60,785","62,680","-1,895","273,870","272,219","1,651","24,337","21,784","2,553","1,048",192,856,"43,668","33,958","9,709","33,328","38,444","-5,116"
,8月,,Aug,"431,854","404,505","27,350",          --,          --,          --,"71,900","73,658","-1,757","65,811","66,813","-1,001","6,089","6,845",-756,7,27,-20,"359,947","330,820","29,127","352,402","318,805","33,597",128,326,-199,"69,278","54,933","14,345","211,554","199,701","11,853","29,775","28,645","1,130",384,439,-55,"41,283","34,761","6,522","7,545","12,016","-4,471"
,9月,,Sep,"473,582","480,559","-6,977",          --,          --,          --,"48,407","57,353","-8,946","44,677","50,412","-5,735","3,731","6,941","-3,211",1,41,-39,"425,174","423,166","2,007","416,487","404,395","12,093",          --,2,-2,"64,886","61,013","3,873","288,860","280,274","8,586","21,385","29,709","-8,324",315,685,-370,"41,042","32,712","8,329","8,686","18,772","-10,085"
,10月,,Oct,"602,136","580,455","21,681",          --,          --,          --,"81,120","76,792","4,328","77,905","72,524","5,381","3,215","4,268","-1,053",4,11,-7,"521,011","503,653","17,359","513,816","490,536","23,280",          --,2,-2,"55,702","43,940","11,762","389,004","382,242","6,763","23,762","25,045","-1,283",259,357,-98,"45,089","38,950","6,138","7,195","13,116","-5,921"
,11月,,Nov,"533,329","506,398","26,931",          --,          --,          --,"78,769","59,164","19,604","71,809","53,055","18,754","6,960","6,109",850,11,26,-15,"454,550","447,208","7,342","447,319","431,061","16,258",          --,4,-4,"85,001","81,196","3,805","292,526","284,365","8,161","23,879","23,639",241,588,151,437,"45,325","41,707","3,618","7,231","16,147","-8,916"
,12月,,Dec,"446,352","445,092","1,260",          --,          --,          --,"73,915","79,780","-5,865","69,373","75,344","-5,971","4,542","4,436",106,22,105,-83,"372,415","365,206","7,208","363,169","345,390","17,779",          --,11,-11,"93,602","85,224","8,378","204,213","195,772","8,441","21,456","24,182","-2,726",559,190,369,"43,339","40,010","3,329","9,246","19,817","-10,571"
令和3年,1月,2021,Jan,"548,357","524,819","23,539",          --,          --,          --,"86,056","70,447","15,609","82,288","64,679","17,609","3,768","5,769","-2,001",6,14,-8,"462,295","454,357","7,937","452,820","435,567","17,253",          --,28,-28,"80,999","79,401","1,598","302,735","293,123","9,612","21,038","23,177","-2,140",585,411,175,"47,462","39,426","8,036","9,475","18,790","-9,316"
,2月,,Feb,"546,099","576,880","-30,782",          --,          --,          --,"81,636","98,397","-16,760","72,619","89,278","-16,659","9,017","9,118",-101,15,84,-69,"464,448","478,400","-13,952","455,795","458,499","-2,703",          --,13,-13,"86,730","96,768","-10,037","301,224","294,394","6,830","20,799","25,483","-4,684",413,200,214,"46,628","41,641","4,987","8,652","19,901","-11,249"
,3月,,Mar,"640,312","642,750","-2,439",          --,          --,          --,"86,131","89,893","-3,763","75,513","81,564","-6,051","10,617","8,329","2,288",9,144,-135,"554,172","552,713","1,459","544,287","535,198","9,090",          --,41,-41,"98,650","96,652","1,998","362,116","353,715","8,402","28,799","32,530","-3,731",590,"1,243",-653,"54,132","51,017","3,115","9,885","17,516","-7,631"
,4月,,Apr,"520,995","530,173","-9,177",          --,          --,          --,"63,653","63,788",-135,"57,316","59,036","-1,720","6,337","4,752","1,585",110,13,97,"457,232","466,371","-9,140","451,368","454,028","-2,661",105,1,104,"68,748","84,370","-15,622","311,415","304,252","7,163","22,651","18,735","3,916",409,503,-94,"48,039","46,168","1,871","5,864","12,343","-6,479"
,5月,,May,"491,422","496,777","-5,355",          --,          --,          --,"57,669","65,195","-7,525","52,076","61,746","-9,670","5,593","3,449","2,144",1,15,-14,"433,751","431,567","2,184","427,891","416,863","11,028",          --,14,-14,"62,905","65,538","-2,633","299,525","290,604","8,921","18,209","18,611",-402,268,322,-55,"46,984","41,774","5,210","5,861","14,704","-8,844"
,6月,,Jun,"516,142","514,755","1,388",          --,          --,          --,"87,536","72,457","15,079","77,048","64,673","12,375","10,487","7,784","2,703",24,10,14,"428,583","442,288","-13,705","421,623","422,738","-1,115",          --,38,-38,"61,947","73,641","-11,695","291,960","287,515","4,445","23,702","21,370","2,332",936,566,370,"43,078","39,607","3,471","6,960","19,550","-12,590"
,7月,,Jul,"493,186","508,926","-15,740",          --,          --,          --,"59,943","80,492","-20,548","50,284","73,541","-23,258","9,660","6,950","2,710",8,18,-10,"433,235","428,416","4,819","426,778","416,182","10,597",1,25,-24,"57,793","67,156","-9,363","306,795","296,673","10,122","17,370","14,150","3,220",444,763,-319,"44,376","37,415","6,961","6,457","12,235","-5,778"
,8月,,Aug,"447,580","449,895","-2,315",          --,          --,          --,"62,229","71,392","-9,163","54,007","64,745","-10,737","8,222","6,648","1,575",31,46,-15,"385,320","378,457","6,863","379,015","362,968","16,046",110,136,-26,"67,050","63,204","3,846","253,519","246,345","7,175","17,396","15,065","2,331",736,377,359,"40,203","37,842","2,361","6,305","15,488","-9,183"
,9月,,Sep,"575,518","529,719","45,799",          --,          --,          --,"87,594","59,000","28,594","78,515","49,532","28,982","9,079","9,467",-388,22,23,-1,"487,903","470,697","17,206","480,798","457,193","23,605",          --,28,-28,"80,534","72,965","7,569","331,241","321,997","9,244","20,241","17,371","2,870",322,769,-447,"48,460","44,063","4,397","7,105","13,504","-6,399"
,10月,,Oct,"481,984","473,072","8,911",          --,          --,          --,"65,492","54,360","11,132","60,689","50,409","10,280","4,802","3,951",852,6,14,-8,"416,486","418,698","-2,213","409,533","404,385","5,147",          --,18,-18,"60,944","64,970","-4,026","277,356","275,938","1,418","24,425","20,750","3,675",533,221,311,"46,275","42,489","3,787","6,953","14,313","-7,360"
,11月,,Nov,"498,611","508,969","-10,358",          --,          --,          --,"74,037","81,988","-7,951","70,493","78,471","-7,977","3,544","3,517",26,33,35,-3,"424,541","426,945","-2,404","413,320","410,122","3,198",0,4,-3,"71,673","86,374","-14,700","271,352","262,348","9,004","21,187","21,620",-432,499,567,-67,"48,607","39,209","9,398","11,221","16,824","-5,602"
,12月,,Dec,"409,356","418,912","-9,557",          --,          --,          --,"64,566","77,525","-12,959","60,705","71,583","-10,878","3,861","5,942","-2,081",13,50,-37,"344,777","341,337","3,439","334,784","324,541","10,242",          --,14,-14,"66,877","64,751","2,127","195,647","195,098",549,"18,331","20,188","-1,856",376,480,-104,"53,552","44,011","9,541","9,993","16,796","-6,803"
令和4年,1月,2022,Jan,"532,247","522,383","9,864",          --,          --,          --,"81,257","78,188","3,069","76,277","73,431","2,846","4,980","4,758",223,3,28,-26,"450,988","444,167","6,821","440,223","429,415","10,808",          --,29,-29,"84,341","90,703","-6,362","285,195","277,480","7,714","22,713","20,002","2,711",387,168,219,"47,588","41,033","6,555","10,765","14,752","-3,987"
,2月,,Feb,"464,116","494,080","-29,964",          --,          --,          --,"54,102","86,242","-32,140","51,145","84,754","-33,609","2,956","1,487","1,469",1,15,-13,"410,013","407,824","2,190","401,713","396,630","5,084",          --,2,-2,"83,906","88,547","-4,641","250,122","242,843","7,279","24,670","23,417","1,253",505,455,50,"42,510","41,365","1,145","8,300","11,194","-2,894"
,3月,,Mar,"553,770","586,117","-32,347",          --,          --,          --,"69,094","93,135","-24,041","63,661","87,970","-24,309","5,433","5,165",269,7,90,-82,"484,668","492,892","-8,224","474,716","476,072","-1,357",          --,          --,          --,"92,930","88,767","4,163","296,599","286,336","10,262","33,426","41,561","-8,135","1,315","1,238",76,"50,446","58,169","-7,723","9,953","16,820","-6,867"
,4月,,Apr,"449,148","476,636","-27,488",          --,          --,          --,"69,806","94,153","-24,346","62,460","85,189","-22,729","7,346","8,964","-1,617",1,15,-13,"379,340","382,469","-3,128","370,649","369,870",779,          --,          --,          --,"82,085","80,562","1,523","216,399","212,096","4,303","29,135","32,863","-3,727",772,587,185,"42,258","43,762","-1,504","8,691","12,598","-3,907"
,5月,,May,"472,883","476,263","-3,380",          --,          --,          --,"88,227","100,102","-11,875","78,221","87,504","-9,283","10,006","12,599","-2,592",1,3,-2,"384,655","376,158","8,497","377,129","365,115","12,014",          --,2,-2,"74,745","70,790","3,955","234,106","224,984","9,122","21,861","25,894","-4,033",859,307,552,"45,559","43,139","2,420","7,526","11,043","-3,517"
,6月,,Jun,"472,082","508,183","-36,101",          --,          --,          --,"102,468","133,967","-31,498","90,108","118,743","-28,635","12,360","15,224","-2,863",6,13,-7,"369,607","374,203","-4,596","361,884","362,294",-410,          --,          --,          --,"71,950","66,071","5,879","216,592","212,206","4,386","28,354","37,536","-9,181",779,555,224,"44,208","45,926","-1,717","7,724","11,909","-4,186"
,7月,,Jul,"446,330","459,828","-13,499",          --,          --,          --,"79,941","76,867","3,075","74,615","74,195",420,"5,326","2,671","2,654",1,35,-34,"366,388","382,927","-16,540","358,125","368,533","-10,408",          --,          --,          --,"71,608","71,365",243,"222,463","219,245","3,217","22,555","38,578","-16,023",631,954,-323,"40,869","38,391","2,478","8,262","14,394","-6,132"
,8月,,Aug,"473,581","501,826","-28,246",          --,          --,          --,"68,811","68,545",266,"64,373","65,481","-1,109","4,438","3,063","1,375",0,19,-19,"404,770","433,263","-28,493","396,311","390,613","5,698",33,136,-104,"75,352","74,898",454,"241,269","226,895","14,374","34,292","49,976","-15,684",641,"1,051",-410,"44,723","37,655","7,067","8,459","42,650","-34,191"
,9月,,Sep,"519,414","539,374","-19,960",          --,          --,          --,"76,058","84,631","-8,573","70,426","73,517","-3,091","5,632","11,114","-5,482",1,8,-7,"443,355","454,735","-11,379","434,443","439,529","-5,086",          --,32,-32,"71,549","68,980","2,569","292,290","289,938","2,352","27,647","39,630","-11,983",574,627,-53,"42,384","40,322","2,062","8,912","15,205","-6,293"
,10月,,Oct,"500,717","521,351","-20,634",          --,          --,          --,"75,485","76,715","-1,229","69,261","73,392","-4,131","6,224","3,322","2,902",3,3,0,"425,228","444,634","-19,406","414,348","430,260","-15,912",135,          --,135,"74,804","83,952","-9,148","278,513","265,122","13,392","25,273","42,927","-17,653",332,406,-74,"35,291","37,853","-2,563","10,880","14,374","-3,494"
,11月,,Nov,"539,489","571,343","-31,854",          --,          --,          --,"79,601","89,964","-10,363","78,644","82,127","-3,483",957,"7,837","-6,880",6,9,-4,"459,882","481,369","-21,487","450,095","468,553","-18,458",36,2,34,"83,924","93,080","-9,155","290,000","283,132","6,868","33,096","53,320","-20,224",667,"2,222","-1,555","42,371","36,797","5,575","9,787","12,817","-3,029"
,12月,,Dec,"447,366","441,489","5,877",          --,          --,          --,"65,274","67,740","-2,466","60,153","63,079","-2,925","5,121","4,661",460,54,7,47,"382,037","373,742","8,295","370,665","362,083","8,582",          --,29,-29,"87,588","61,636","25,953","197,386","201,850","-4,464","36,435","59,141","-22,706",306,490,-183,"48,949","38,937","10,013","11,372","11,660",-287
令和5年,1月,2023,Jan,"494,196","463,126","31,071",          --,          --,          --,"75,594","73,422","2,172","71,820","71,996",-176,"3,773","1,426","2,348",5,14,-9,"418,598","389,690","28,908","410,418","379,174","31,244",          --,35,-35,"80,069","55,861","24,208","257,927","244,319","13,608","27,289","40,863","-13,574",365,408,-43,"44,768","37,688","7,080","8,180","10,516","-2,336"
,2月,,Feb,"494,274","475,783","18,491",          --,          --,          --,"104,966","64,178","40,787","96,062","58,217","37,845","8,904","5,962","2,942",0,0,0,"389,308","411,604","-22,296","382,611","398,591","-15,980",          --,2,-2,"64,365","72,884","-8,520","253,017","252,628",388,"25,737","31,001","-5,264",708,364,345,"38,784","41,712","-2,927","6,697","13,013","-6,316"
,3月,,Mar,"594,246","536,717","57,529",          --,          --,          --,"161,432","118,007","43,425","145,787","107,835","37,952","15,645","10,172","5,473",2,69,-67,"432,811","418,640","14,171","423,028","404,727","18,301",          --,10,-10,"73,843","66,617","7,226","268,216","258,721","9,495","34,627","33,154","1,473",831,"1,404",-573,"45,511","44,821",690,"9,783","13,913","-4,130"
,4月,,Apr,"448,323","459,506","-11,183",          --,          --,          --,"103,710","123,627","-19,917","97,360","117,596","-20,237","6,351","6,031",320,16,27,-11,"344,598","335,853","8,745","337,665","324,839","12,826",83,          --,83,"64,693","60,365","4,328","204,918","197,671","7,247","31,569","33,434","-1,866",477,350,127,"35,926","33,018","2,907","6,933","11,014","-4,082"
,5月,,May,"478,790","455,310","23,479",          --,          --,          --,"87,542","56,641","30,901","80,901","47,434","33,466","6,641","9,207","-2,566",6,1,5,"391,242","398,668","-7,426","381,919","384,867","-2,948",          --,2,-2,"73,873","80,182","-6,309","232,597","226,809","5,788","37,150","40,286","-3,135",435,935,-500,"37,864","36,653","1,210","9,323","13,802","-4,478"
,6月,,Jun,"489,310","466,197","23,113",          --,          --,          --,"94,057","60,502","33,555","83,486","59,777","23,709","10,571",725,"9,846",8,79,-71,"395,245","405,616","-10,371","385,780","387,875","-2,095",          --,13,-13,"65,098","70,436","-5,338","242,233","241,079","1,154","34,468","33,769",699,599,519,80,"43,382","42,059","1,323","9,465","17,741","-8,275"
,7月,,Jul,"464,397","499,908","-35,511",          --,          --,          --,"73,269","101,992","-28,723","57,499","82,797","-25,299","15,770","19,194","-3,424",8,48,-40,"391,120","397,868","-6,748","380,759","382,322","-1,563",          --,          --,          --,"54,795","65,325","-10,530","241,446","239,323","2,124","34,050","32,675","1,376",408,799,-391,"50,059","44,201","5,858","10,361","15,546","-5,185"
,8月,,Aug,"488,686","470,100","18,586",          --,          --,          --,"76,973","75,464","1,508","67,291","62,448","4,843","9,682","13,016","-3,334",3,6,-3,"411,710","394,630","17,080","402,734","381,903","20,831",          --,2,-2,"70,363","67,544","2,819","251,268","240,829","10,440","36,224","34,851","1,372",566,696,-130,"44,312","37,980","6,332","8,976","12,727","-3,751"
,9月,,Sep,"536,826","493,226","43,600",          --,          --,          --,"128,055","76,417","51,638","117,897","68,413","49,484","10,158","8,004","2,154",9,6,3,"408,762","416,802","-8,040","400,277","403,228","-2,951",          --,          --,          --,"61,673","64,297","-2,625","262,534","262,688",-154,"30,097","34,834","-4,737",959,450,509,"45,015","40,959","4,056","8,484","13,574","-5,089"
,10月,,Oct,"495,490","476,600","18,890",          --,          --,          --,"83,485","81,965","1,520","76,203","73,499","2,704","7,282","8,466","-1,184",2,26,-24,"412,003","394,609","17,395","402,884","381,699","21,185",          --,0,0,"69,330","71,871","-2,541","254,613","236,475","18,138","31,866","35,616","-3,749",835,606,228,"46,241","37,132","9,109","9,119","12,909","-3,790"
,11月,,Nov,"531,089","547,859","-16,770",          --,          --,          --,"84,098","90,852","-6,754","73,206","86,648","-13,442","10,892","4,204","6,688",14,11,3,"446,977","456,996","-10,019","436,906","443,486","-6,580",          --,2,-2,"60,136","72,620","-12,483","294,224","288,254","5,970","30,399","41,553","-11,154","1,322",544,778,"50,824","40,513","10,311","10,071","13,511","-3,440"
,12月,,Dec,"443,942","441,121","2,822",          --,          --,          --,"100,682","102,739","-2,057","89,228","83,621","5,607","11,454","19,117","-7,664",8,16,-9,"343,253","338,366","4,887","332,163","322,713","9,450",87,88,-1,"60,663","65,872","-5,208","194,406","189,684","4,723","26,392","26,174",218,922,624,297,"49,693","40,272","9,421","11,090","15,653","-4,563"
令和6年,1月,2024,Jan,"533,807","504,937","28,871",          --,          --,          --,"74,545","50,534","24,011","66,026","48,737","17,289","8,519","1,797","6,722",78,4,73,"459,185","454,398","4,787","447,467","430,965","16,502",87,          --,87,"52,773","57,118","-4,345","314,948","307,376","7,572","27,925","27,863",62,"1,001",818,183,"50,732","37,789","12,943","11,718","23,434","-11,715"
,2月,,Feb,"538,187","515,009","23,177",          --,          --,          --,"82,178","73,540","8,638","76,604","69,481","7,123","5,574","4,059","1,515",0,51,-51,"456,008","441,418","14,590","442,611","423,901","18,710",47,26,21,"71,819","72,812",-992,"281,425","273,242","8,182","31,993","32,954",-961,922,960,-38,"56,405","43,907","12,498","13,397","17,517","-4,119"
,3月,,Mar,"574,297","580,714","-6,417",          --,          --,          --,"73,550","76,463","-2,913","55,708","65,613","-9,906","17,842","10,850","6,993",35,23,11,"500,712","504,227","-3,515","485,973","485,647",326,          --,0,0,"75,577","84,631","-9,054","325,722","322,633","3,089","27,250","34,090","-6,840",755,"1,067",-312,"56,670","43,226","13,444","14,739","18,580","-3,841"
,4月,,Apr,"587,710","595,048","-7,338",          --,          --,          --,"82,030","91,097","-9,066","64,309","77,760","-13,452","17,721","13,336","4,385",17,10,7,"505,664","503,942","1,722","494,471","489,558","4,912",          --,          --,          --,"69,603","82,255","-12,652","347,446","338,369","9,076","24,321","24,909",-588,482,325,157,"52,619","43,700","8,919","11,193","14,384","-3,191"
,5月,,May,"567,308","542,053","25,254",          --,          --,          --,"127,205","92,318","34,888","118,981","80,556","38,425","8,224","11,761","-3,537",4,1,2,"440,098","449,734","-9,636","424,768","432,643","-7,875",          --,2,-2,"70,768","89,871","-19,103","267,232","261,924","5,307","28,916","36,416","-7,500",547,935,-388,"57,306","43,494","13,812","15,330","17,091","-1,761"
,6月,,Jun,"569,639","618,784","-49,144",          --,          --,          --,"76,669","123,421","-46,752","71,233","99,410","-28,177","5,436","24,011","-18,575",0,11,-11,"492,970","495,352","-2,381","477,854","477,776",79,          --,          --,          --,"74,852","103,509","-28,657","311,990","294,111","17,880","35,305","36,062",-756,433,463,-30,"55,273","43,631","11,643","15,116","17,576","-2,460"
,7月,,Jul,"633,721","647,048","-13,326",          --,          --,          --,"94,621","121,408","-26,787","87,490","109,875","-22,385","7,131","11,533","-4,402",22,46,-24,"539,078","525,594","13,484","522,660","501,387","21,272",          --,8,-8,"85,153","82,829","2,324","351,295","340,181","11,114","25,506","28,354","-2,848",460,627,-167,"60,246","49,388","10,858","16,418","24,206","-7,788"
,8月,,Aug,"684,570","594,231","90,339",          --,          --,          --,"142,198","103,342","38,855","123,448","98,752","24,696","18,749","4,590","14,159",53,6,47,"542,319","490,883","51,436","526,205","471,587","54,618",          --,4,-4,"97,446","60,957","36,488","332,054","322,183","9,871","33,555","38,558","-5,003",539,623,-84,"62,612","49,262","13,349","16,114","19,295","-3,182"
,9月,,Sep,"651,221","624,691","26,530",          --,          --,          --,"126,834","110,297","16,537","112,849","88,079","24,769","13,985","22,217","-8,232",95,72,22,"524,293","514,322","9,971","508,500","492,504","15,996",          --,0,0,"69,808","67,465","2,343","336,432","328,934","7,497","42,181","40,801","1,380","1,117","2,044",-927,"58,962","53,259","5,702","15,793","21,818","-6,025"
,10月,,Oct,"625,903","695,647","-69,744",          --,          --,          --,"91,687","133,318","-41,631","81,103","124,924","-43,821","10,584","8,394","2,190",15,          --,15,"534,201","562,329","-28,128","516,787","538,006","-21,219",146,146,0,"88,673","109,235","-20,562","337,706","340,086","-2,381","33,903","30,053","3,850",739,491,248,"55,621","57,994","-2,373","17,414","24,323","-6,909"
,11月,,Nov,"575,082","586,834","-11,752",          --,          --,          --,"113,495","116,158","-2,663","105,348","107,333","-1,985","8,147","8,825",-678,27,18,9,"461,559","470,657","-9,098","439,847","445,934","-6,087",          --,4,-4,"77,408","88,208","-10,800","282,130","280,711","1,419","26,911","29,932","-3,021",577,530,48,"52,821","46,551","6,271","21,713","24,723","-3,010"
,12月,,Dec,"498,853","515,781","-16,928",          --,          --,          --,"90,351","93,173","-2,821","84,988","86,461","-1,473","5,364","6,712","-1,348",72,94,-23,"408,430","422,514","-14,083","385,938","391,378","-5,440",          --,0,0,"63,288","77,321","-14,033","232,476","234,079","-1,603","31,665","29,528","2,137","1,141",996,145,"57,368","49,454","7,914","22,492","31,136","-8,643"
令和7年,1月,2025,Jan,"675,938","646,198","29,740",          --,          --,          --,"129,411","118,802","10,610","127,457","112,067","15,390","1,954","6,734","-4,781",3,47,-43,"546,523","527,350","19,173","511,884","494,101","17,783",          --,          --,          --,"66,324","62,932","3,392","362,377","356,744","5,634","22,197","21,969",227,955,581,374,"60,031","51,875","8,156","34,640","33,249","1,391"
,2月,,Feb,"636,354","610,666","25,688",          --,          --,          --,"96,015","88,919","7,096","86,939","81,241","5,699","9,075","7,678","1,397",3,19,-16,"540,336","521,728","18,608","521,076","498,595","22,481",          --,4,-4,"97,580","89,856","7,725","338,158","324,174","13,984","29,031","32,523","-3,492","1,457","1,579",-122,"54,849","50,460","4,389","19,260","23,133","-3,873"
,3月,,Mar,"686,468","682,606","3,862",          --,          --,          --,"98,994","107,419","-8,426","89,942","99,348","-9,406","9,052","8,071",980,9,19,-10,"587,465","575,168","12,298","569,565","554,597","14,968",          --,0,0,"96,615","97,627","-1,013","372,280","353,749","18,531","28,177","34,465","-6,288",997,810,187,"71,496","67,946","3,549","17,901","20,570","-2,670"
,4月,,Apr,"633,024","618,738","14,286",          --,          --,          --,"129,189","139,903","-10,714","109,358","128,969","-19,611","19,831","10,935","8,897",0,44,-43,"503,835","478,791","25,043","485,761","460,360","25,401",          --,          --,          --,"99,097","78,908","20,189","284,574","278,351","6,224","33,614","38,060","-4,447",809,901,-92,"67,666","64,139","3,527","18,074","18,431",-358
,5月,,May,"532,173","490,047","42,126",          --,          --,          --,"116,714","84,569","32,145","106,644","75,816","30,828","10,070","8,753","1,318",23,101,-78,"415,436","405,378","10,059","399,179","385,990","13,189",          --,4,-4,"87,019","86,331",689,"223,105","224,264","-1,158","29,669","23,757","5,912",476,320,156,"58,909","51,315","7,595","16,258","19,388","-3,130"
,6月,,Jun,"560,790","571,440","-10,650",          --,          --,          --,"98,970","98,979",-9,"80,292","89,342","-9,051","18,678","9,637","9,042",31,30,2,"461,789","472,432","-10,643","443,553","446,771","-3,218",          --,          --,          --,"95,769","105,038","-9,269","260,608","253,859","6,749","31,966","33,055","-1,089","1,004",357,647,"54,206","54,462",-256,"18,236","25,661","-7,425"
,7月,,Jul,"567,616","532,898","34,718",          --,          --,          --,"126,643","80,983","45,660","110,067","69,329","40,738","16,576","11,653","4,922",228,3,224,"440,745","451,912","-11,167","418,144","424,650","-6,506",          --,          --,          --,"90,602","101,705","-11,103","236,285","234,840","1,445","36,777","37,526",-749,"1,248",248,999,"53,232","50,331","2,901","22,601","27,262","-4,661"
,8月,,Aug,"529,369","526,235","3,134",          --,          --,          --,"108,265","121,623","-13,358","90,881","107,946","-17,066","17,384","13,677","3,707",410,13,397,"420,694","404,599","16,095","400,100","380,744","19,356",          --,4,-4,"90,582","77,510","13,072","227,737","232,135","-4,398","27,740","25,660","2,080",488,"2,574","-2,086","53,553","42,862","10,691","20,594","23,855","-3,261"
,9月,,Sep,"620,566","592,448","28,118",          --,          --,          --,"109,189","102,693","6,496","89,940","88,341","1,599","19,248","14,352","4,897",68,131,-63,"511,309","489,624","21,685","488,110","461,827","26,283",          --,0,0,"85,315","79,275","6,039","308,127","295,395","12,732","29,916","29,887",29,772,996,-224,"63,981","56,274","7,707","23,199","27,797","-4,598"
,10月,,Oct,"567,546","602,256","-34,710",          --,          --,          --,"97,636","113,035","-15,399","84,695","97,702","-13,008","12,942","15,333","-2,391",90,47,42,"469,820","489,173","-19,353","441,254","444,820","-3,566",83,49,34,"73,486","87,214","-13,728","276,587","272,835","3,752","26,033","25,035",998,482,227,255,"64,583","59,460","5,123","28,566","44,353","-15,787"
,11月,,Nov,"499,567","483,808","15,760",          --,          --,          --,"67,763","61,175","6,588","52,796","50,405","2,391","14,967","10,771","4,196",8,29,-21,"431,796","422,603","9,193","410,859","398,761","12,098",          --,4,-4,"82,173","87,356","-5,184","247,334","239,423","7,911","25,437","25,298",139,300,836,-536,"55,615","45,844","9,771","20,937","23,842","-2,905"
,12月,,Dec,"480,005","478,608","1,397",          --,          --,          --,"69,189","63,889","5,300","61,267","54,644","6,623","7,922","9,245","-1,323",29,8,20,"410,787","414,710","-3,923","389,393","391,113","-1,720",          --,1,-1,"66,474","77,856","-11,382","226,290","223,651","2,639","33,755","32,669","1,086","2,384",969,"1,415","60,491","55,968","4,523","21,394","23,597","-2,203"
令和8年,1月,2026,Jan,"555,141","539,699","15,443",          --,          --,          --,"59,971","62,652","-2,680","50,449","53,250","-2,801","9,522","9,402",120,1,10,-9,"495,169","477,037","18,132","470,194","450,131","20,063",          --,          --,          --,"74,631","79,797","-5,166","294,090","282,855","11,235","26,661","26,238",423,322,286,36,"74,490","60,956","13,534","24,975","26,905","-1,930"
,2月,,Feb,"510,864","546,919","-36,055",          --,          --,          --,"61,337","98,172","-36,836","53,727","86,975","-33,248","7,610","11,198","-3,588",101,113,-13,"449,426","448,633",793,"427,803","413,449","14,354",          --,5,-5,"90,888","82,017","8,871","242,708","242,141",567,"25,387","30,691","-5,305",200,634,-434,"68,621","57,962","10,660","21,623","35,184","-13,561"
,3月,,Mar,"635,930","656,074","-20,145",          --,          --,          --,"88,358","112,481","-24,123","70,754","85,546","-14,791","17,603","26,935","-9,332",177,0,177,"547,395","543,593","3,802","526,738","516,707","10,031",          --,1,-1,"112,286","105,352","6,934","302,427","291,315","11,113","33,798","43,301","-9,503","1,745","1,427",317,"76,482","75,310","1,172","20,658","26,887","-6,229"
,4月(P),,Apr(P),"552,259","559,136","-6,877",          --,          --,          --,"77,525","85,180","-7,656","67,837","81,142","-13,305","9,688","4,039","5,649",28,168,-141,"474,707","473,788",919,"449,229","439,985","9,244",          --,          --,          --,"91,575","100,994","-9,419","257,894","256,328","1,566","26,928","23,261","3,667",463,207,256,"72,369","59,196","13,173","25,477","33,802","-8,325"
,5月(P),,May(P),"584,201","582,003","2,198",          --,          --,          --,"60,819","66,941","-6,121","49,549","53,093","-3,544","11,270","13,848","-2,578",140,3,137,"523,242","515,060","8,182","492,682","479,053","13,629",          --,3,-3,"156,729","159,143","-2,414","230,561","225,068","5,493","29,616","28,351","1,265",457,775,-318,"75,320","65,714","9,606","30,560","36,007","-5,447"
