Date,Japan_1Y_JGB
2018-01-04,-0.143
2018-01-05,-0.144
2018-01-09,-0.136
2018-01-10,-0.127
2018-01-11,-0.127
2018-01-12,-0.137
2018-01-15,-0.14
2018-01-16,-0.131
2018-01-17,-0.131
2018-01-18,-0.132
2018-01-19,-0.132
2018-01-22,-0.134
2018-01-23,-0.135
2018-01-24,-0.136
2018-01-25,-0.126
2018-01-26,-0.127
2018-01-29,-0.129
2018-01-30,-0.13
2018-01-31,-0.13
2018-02-01,-0.121
2018-02-02,-0.132
2018-02-05,-0.134
2018-02-06,-0.144
2018-02-07,-0.145
2018-02-08,-0.146
2018-02-09,-0.146
2018-02-13,-0.149
2018-02-14,-0.149
2018-02-15,-0.15
2018-02-16,-0.15
2018-02-19,-0.153
2018-02-20,-0.153
2018-02-21,-0.154
2018-02-22,-0.155
2018-02-23,-0.153
2018-02-26,-0.154
2018-02-27,-0.158
2018-02-28,-0.159
2018-03-01,-0.159
2018-03-02,-0.15
2018-03-05,-0.168
2018-03-06,-0.163
2018-03-07,-0.164
2018-03-08,-0.154
2018-03-09,-0.155
2018-03-12,-0.157
2018-03-13,-0.148
2018-03-14,-0.149
2018-03-15,-0.14
2018-03-16,-0.141
2018-03-19,-0.152
2018-03-20,-0.153
2018-03-22,-0.154
2018-03-23,-0.155
2018-03-26,-0.157
2018-03-27,-0.147
2018-03-28,-0.148
2018-03-29,-0.139
2018-03-30,-0.134
2018-04-02,-0.127
2018-04-03,-0.133
2018-04-04,-0.129
2018-04-05,-0.13
2018-04-06,-0.141
2018-04-09,-0.141
2018-04-10,-0.153
2018-04-11,-0.154
2018-04-12,-0.157
2018-04-13,-0.157
2018-04-16,-0.15
2018-04-17,-0.151
2018-04-18,-0.152
2018-04-19,-0.142
2018-04-20,-0.133
2018-04-23,-0.135
2018-04-24,-0.143
2018-04-25,-0.136
2018-04-26,-0.137
2018-04-27,-0.138
2018-05-01,-0.14
2018-05-02,-0.135
2018-05-07,-0.137
2018-05-08,-0.127
2018-05-09,-0.128
2018-05-10,-0.136
2018-05-11,-0.137
2018-05-14,-0.139
2018-05-15,-0.13
2018-05-16,-0.131
2018-05-17,-0.131
2018-05-18,-0.132
2018-05-21,-0.134
2018-05-22,-0.136
2018-05-23,-0.137
2018-05-24,-0.138
2018-05-25,-0.136
2018-05-28,-0.138
2018-05-29,-0.139
2018-05-30,-0.144
2018-05-31,-0.145
2018-06-01,-0.141
2018-06-04,-0.139
2018-06-05,-0.133
2018-06-06,-0.134
2018-06-07,-0.135
2018-06-08,-0.125
2018-06-11,-0.127
2018-06-12,-0.128
2018-06-13,-0.128
2018-06-14,-0.139
2018-06-15,-0.14
2018-06-18,-0.132
2018-06-19,-0.132
2018-06-20,-0.133
2018-06-21,-0.134
2018-06-22,-0.134
2018-06-25,-0.136
2018-06-26,-0.137
2018-06-27,-0.127
2018-06-28,-0.128
2018-06-29,-0.129
2018-07-02,-0.131
2018-07-03,-0.132
2018-07-04,-0.132
2018-07-05,-0.133
2018-07-06,-0.127
2018-07-09,-0.125
2018-07-10,-0.126
2018-07-11,-0.127
2018-07-12,-0.127
2018-07-13,-0.128
2018-07-17,-0.131
2018-07-18,-0.132
2018-07-19,-0.132
2018-07-20,-0.132
2018-07-23,-0.113
2018-07-24,-0.123
2018-07-25,-0.126
2018-07-26,-0.117
2018-07-27,-0.117
2018-07-30,-0.119
2018-07-31,-0.12
2018-08-01,-0.091
2018-08-02,-0.101
2018-08-03,-0.112
2018-08-06,-0.114
2018-08-07,-0.107
2018-08-08,-0.107
2018-08-09,-0.108
2018-08-10,-0.116
2018-08-13,-0.118
2018-08-14,-0.119
2018-08-15,-0.12
2018-08-16,-0.12
2018-08-17,-0.131
2018-08-20,-0.132
2018-08-21,-0.132
2018-08-22,-0.125
2018-08-23,-0.123
2018-08-24,-0.116
2018-08-27,-0.117
2018-08-28,-0.118
2018-08-29,-0.119
2018-08-30,-0.116
2018-08-31,-0.115
2018-09-03,-0.112
2018-09-04,-0.117
2018-09-05,-0.117
2018-09-06,-0.117
2018-09-07,-0.118
2018-09-10,-0.117
2018-09-11,-0.118
2018-09-12,-0.118
2018-09-13,-0.119
2018-09-14,-0.119
2018-09-18,-0.112
2018-09-19,-0.112
2018-09-20,-0.113
2018-09-21,-0.114
2018-09-25,-0.116
2018-09-26,-0.117
2018-09-27,-0.124
2018-09-28,-0.128
2018-10-01,-0.125
2018-10-02,-0.121
2018-10-03,-0.122
2018-10-04,-0.122
2018-10-05,-0.133
2018-10-09,-0.136
2018-10-10,-0.137
2018-10-11,-0.137
2018-10-12,-0.138
2018-10-15,-0.14
2018-10-16,-0.14
2018-10-17,-0.141
2018-10-18,-0.141
2018-10-19,-0.142
2018-10-22,-0.144
2018-10-23,-0.145
2018-10-24,-0.146
2018-10-25,-0.146
2018-10-26,-0.154
2018-10-29,-0.155
2018-10-30,-0.15
2018-10-31,-0.15
2018-11-01,-0.146
2018-11-02,-0.146
2018-11-05,-0.147
2018-11-06,-0.155
2018-11-07,-0.155
2018-11-08,-0.156
2018-11-09,-0.156
2018-11-12,-0.158
2018-11-13,-0.158
2018-11-14,-0.159
2018-11-15,-0.16
2018-11-16,-0.16
2018-11-19,-0.162
2018-11-20,-0.162
2018-11-21,-0.162
2018-11-22,-0.162
2018-11-26,-0.157
2018-11-27,-0.158
2018-11-28,-0.148
2018-11-29,-0.159
2018-11-30,-0.145
2018-12-03,-0.142
2018-12-04,-0.142
2018-12-05,-0.153
2018-12-06,-0.17
2018-12-07,-0.162
2018-12-10,-0.165
2018-12-11,-0.166
2018-12-12,-0.167
2018-12-13,-0.168
2018-12-14,-0.179
2018-12-17,-0.181
2018-12-18,-0.181
2018-12-19,-0.172
2018-12-20,-0.163
2018-12-21,-0.162
2018-12-25,-0.167
2018-12-26,-0.147
2018-12-27,-0.144
2018-12-28,-0.148
2019-01-04,-0.173
2019-01-07,-0.162
2019-01-08,-0.146
2019-01-09,-0.144
2019-01-10,-0.147
2019-01-11,-0.148
2019-01-15,-0.16
2019-01-16,-0.161
2019-01-17,-0.172
2019-01-18,-0.173
2019-01-21,-0.174
2019-01-22,-0.174
2019-01-23,-0.175
2019-01-24,-0.176
2019-01-25,-0.187
2019-01-28,-0.178
2019-01-29,-0.179
2019-01-30,-0.179
2019-01-31,-0.18
2019-02-01,-0.191
2019-02-04,-0.183
2019-02-05,-0.18
2019-02-06,-0.174
2019-02-07,-0.172
2019-02-08,-0.183
2019-02-12,-0.178
2019-02-13,-0.188
2019-02-14,-0.189
2019-02-15,-0.19
2019-02-18,-0.192
2019-02-19,-0.191
2019-02-20,-0.193
2019-02-21,-0.194
2019-02-22,-0.195
2019-02-25,-0.187
2019-02-26,-0.178
2019-02-27,-0.178
2019-02-28,-0.159
2019-03-01,-0.16
2019-03-04,-0.152
2019-03-05,-0.142
2019-03-06,-0.143
2019-03-07,-0.144
2019-03-08,-0.144
2019-03-11,-0.145
2019-03-12,-0.147
2019-03-13,-0.157
2019-03-14,-0.158
2019-03-15,-0.16
2019-03-18,-0.161
2019-03-19,-0.162
2019-03-20,-0.163
2019-03-22,-0.184
2019-03-25,-0.188
2019-03-26,-0.177
2019-03-27,-0.177
2019-03-28,-0.178
2019-03-29,-0.178
2019-04-01,-0.171
2019-04-02,-0.156
2019-04-03,-0.152
2019-04-04,-0.153
2019-04-05,-0.153
2019-04-08,-0.155
2019-04-09,-0.156
2019-04-10,-0.166
2019-04-11,-0.167
2019-04-12,-0.168
2019-04-15,-0.17
2019-04-16,-0.17
2019-04-17,-0.161
2019-04-18,-0.171
2019-04-19,-0.162
2019-04-22,-0.164
2019-04-23,-0.164
2019-04-24,-0.158
2019-04-25,-0.159
2019-04-26,-0.157
2019-05-07,-0.161
2019-05-08,-0.162
2019-05-09,-0.155
2019-05-10,-0.156
2019-05-13,-0.158
2019-05-14,-0.159
2019-05-15,-0.16
2019-05-16,-0.16
2019-05-17,-0.161
2019-05-20,-0.155
2019-05-21,-0.156
2019-05-22,-0.154
2019-05-23,-0.154
2019-05-24,-0.16
2019-05-27,-0.153
2019-05-28,-0.154
2019-05-29,-0.166
2019-05-30,-0.157
2019-05-31,-0.158
2019-06-03,-0.161
2019-06-04,-0.162
2019-06-05,-0.183
2019-06-06,-0.183
2019-06-07,-0.173
2019-06-10,-0.176
2019-06-11,-0.176
2019-06-12,-0.177
2019-06-13,-0.178
2019-06-14,-0.178
2019-06-17,-0.175
2019-06-18,-0.181
2019-06-19,-0.191
2019-06-20,-0.212
2019-06-21,-0.219
2019-06-24,-0.219
2019-06-25,-0.221
2019-06-26,-0.212
2019-06-27,-0.205
2019-06-28,-0.196
2019-07-01,-0.2
2019-07-02,-0.2
2019-07-03,-0.201
2019-07-04,-0.201
2019-07-05,-0.193
2019-07-08,-0.185
2019-07-09,-0.186
2019-07-10,-0.177
2019-07-11,-0.186
2019-07-12,-0.176
2019-07-16,-0.179
2019-07-17,-0.179
2019-07-18,-0.19
2019-07-19,-0.191
2019-07-22,-0.183
2019-07-23,-0.183
2019-07-24,-0.184
2019-07-25,-0.192
2019-07-26,-0.195
2019-07-29,-0.187
2019-07-30,-0.188
2019-07-31,-0.189
2019-08-01,-0.18
2019-08-02,-0.19
2019-08-05,-0.193
2019-08-06,-0.194
2019-08-07,-0.205
2019-08-08,-0.206
2019-08-09,-0.219
2019-08-13,-0.241
2019-08-14,-0.232
2019-08-15,-0.243
2019-08-16,-0.239
2019-08-19,-0.247
2019-08-20,-0.253
2019-08-21,-0.265
2019-08-22,-0.27
2019-08-23,-0.267
2019-08-26,-0.291
2019-08-27,-0.273
2019-08-28,-0.274
2019-08-29,-0.277
2019-08-30,-0.268
2019-09-02,-0.26
2019-09-03,-0.251
2019-09-04,-0.262
2019-09-05,-0.263
2019-09-06,-0.274
2019-09-09,-0.287
2019-09-10,-0.268
2019-09-11,-0.259
2019-09-12,-0.27
2019-09-13,-0.237
2019-09-17,-0.24
2019-09-18,-0.251
2019-09-19,-0.277
2019-09-20,-0.288
2019-09-24,-0.292
2019-09-25,-0.313
2019-09-26,-0.304
2019-09-27,-0.305
2019-09-30,-0.299
2019-10-01,-0.279
2019-10-02,-0.299
2019-10-03,-0.31
2019-10-04,-0.311
2019-10-07,-0.313
2019-10-08,-0.295
2019-10-09,-0.296
2019-10-10,-0.295
2019-10-11,-0.286
2019-10-15,-0.272
2019-10-16,-0.264
2019-10-17,-0.25
2019-10-18,-0.241
2019-10-21,-0.243
2019-10-23,-0.244
2019-10-24,-0.242
2019-10-25,-0.225
2019-10-28,-0.207
2019-10-29,-0.198
2019-10-30,-0.199
2019-10-31,-0.219
2019-11-01,-0.239
2019-11-05,-0.223
2019-11-06,-0.173
2019-11-07,-0.173
2019-11-08,-0.174
2019-11-11,-0.186
2019-11-12,-0.177
2019-11-13,-0.188
2019-11-14,-0.198
2019-11-15,-0.199
2019-11-18,-0.206
2019-11-19,-0.212
2019-11-20,-0.213
2019-11-21,-0.193
2019-11-22,-0.187
2019-11-25,-0.185
2019-11-26,-0.178
2019-11-27,-0.179
2019-11-28,-0.159
2019-11-29,-0.158
2019-12-02,-0.16
2019-12-03,-0.15
2019-12-04,-0.151
2019-12-05,-0.152
2019-12-06,-0.143
2019-12-09,-0.135
2019-12-10,-0.133
2019-12-11,-0.126
2019-12-12,-0.137
2019-12-13,-0.137
2019-12-16,-0.145
2019-12-17,-0.14
2019-12-18,-0.136
2019-12-19,-0.131
2019-12-20,-0.121
2019-12-23,-0.121
2019-12-24,-0.111
2019-12-25,-0.118
2019-12-26,-0.128
2019-12-27,-0.128
2019-12-30,-0.129
2020-01-06,-0.124
2020-01-07,-0.113
2020-01-08,-0.114
2020-01-09,-0.115
2020-01-10,-0.118
2020-01-14,-0.118
2020-01-15,-0.119
2020-01-16,-0.124
2020-01-17,-0.13
2020-01-20,-0.122
2020-01-21,-0.123
2020-01-22,-0.123
2020-01-23,-0.134
2020-01-24,-0.135
2020-01-27,-0.137
2020-01-28,-0.129
2020-01-29,-0.138
2020-01-30,-0.149
2020-01-31,-0.14
2020-02-03,-0.141
2020-02-04,-0.142
2020-02-05,-0.142
2020-02-06,-0.143
2020-02-07,-0.154
2020-02-10,-0.156
2020-02-12,-0.157
2020-02-13,-0.158
2020-02-14,-0.149
2020-02-17,-0.146
2020-02-18,-0.151
2020-02-19,-0.152
2020-02-20,-0.147
2020-02-21,-0.157
2020-02-25,-0.186
2020-02-26,-0.187
2020-02-27,-0.197
2020-02-28,-0.218
2020-03-02,-0.22
2020-03-03,-0.211
2020-03-04,-0.242
2020-03-05,-0.233
2020-03-06,-0.264
2020-03-09,-0.297
2020-03-10,-0.248
2020-03-11,-0.236
2020-03-12,-0.234
2020-03-13,-0.225
2020-03-16,-0.229
2020-03-17,-0.24
2020-03-18,-0.221
2020-03-19,-0.226
2020-03-23,-0.247
2020-03-24,-0.255
2020-03-25,-0.245
2020-03-26,-0.246
2020-03-27,-0.189
2020-03-30,-0.179
2020-03-31,-0.15
2020-04-01,-0.15
2020-04-02,-0.14
2020-04-03,-0.141
2020-04-06,-0.143
2020-04-07,-0.152
2020-04-08,-0.154
2020-04-09,-0.157
2020-04-10,-0.178
2020-04-13,-0.178
2020-04-14,-0.178
2020-04-15,-0.169
2020-04-16,-0.169
2020-04-17,-0.155
2020-04-20,-0.152
2020-04-21,-0.146
2020-04-22,-0.153
2020-04-23,-0.161
2020-04-24,-0.182
2020-04-27,-0.187
2020-04-28,-0.196
2020-04-30,-0.188
2020-05-01,-0.18
2020-05-07,-0.174
2020-05-08,-0.176
2020-05-11,-0.176
2020-05-12,-0.177
2020-05-13,-0.178
2020-05-14,-0.178
2020-05-15,-0.173
2020-05-18,-0.181
2020-05-19,-0.171
2020-05-20,-0.172
2020-05-21,-0.179
2020-05-22,-0.19
2020-05-25,-0.183
2020-05-26,-0.174
2020-05-27,-0.157
2020-05-28,-0.167
2020-05-29,-0.158
2020-06-01,-0.17
2020-06-02,-0.17
2020-06-03,-0.171
2020-06-04,-0.172
2020-06-05,-0.162
2020-06-08,-0.164
2020-06-09,-0.165
2020-06-10,-0.165
2020-06-11,-0.169
2020-06-12,-0.167
2020-06-15,-0.169
2020-06-16,-0.169
2020-06-17,-0.17
2020-06-18,-0.171
2020-06-19,-0.161
2020-06-22,-0.163
2020-06-23,-0.164
2020-06-24,-0.165
2020-06-25,-0.173
2020-06-26,-0.176
2020-06-29,-0.18
2020-06-30,-0.18
2020-07-01,-0.18
2020-07-02,-0.18
2020-07-03,-0.181
2020-07-06,-0.171
2020-07-07,-0.172
2020-07-08,-0.173
2020-07-09,-0.173
2020-07-10,-0.173
2020-07-13,-0.174
2020-07-14,-0.175
2020-07-15,-0.169
2020-07-16,-0.17
2020-07-17,-0.17
2020-07-20,-0.166
2020-07-21,-0.167
2020-07-22,-0.163
2020-07-27,-0.158
2020-07-28,-0.159
2020-07-29,-0.158
2020-07-30,-0.158
2020-07-31,-0.159
2020-08-03,-0.151
2020-08-04,-0.152
2020-08-05,-0.152
2020-08-06,-0.143
2020-08-07,-0.144
2020-08-11,-0.126
2020-08-12,-0.12
2020-08-13,-0.127
2020-08-14,-0.122
2020-08-17,-0.12
2020-08-18,-0.126
2020-08-19,-0.127
2020-08-20,-0.122
2020-08-21,-0.123
2020-08-24,-0.125
2020-08-25,-0.118
2020-08-26,-0.116
2020-08-27,-0.127
2020-08-28,-0.127
2020-08-31,-0.129
2020-09-01,-0.13
2020-09-02,-0.121
2020-09-03,-0.132
2020-09-04,-0.133
2020-09-07,-0.135
2020-09-08,-0.136
2020-09-09,-0.137
2020-09-10,-0.138
2020-09-11,-0.139
2020-09-14,-0.142
2020-09-15,-0.143
2020-09-16,-0.144
2020-09-17,-0.145
2020-09-18,-0.146
2020-09-23,-0.158
2020-09-24,-0.16
2020-09-25,-0.154
2020-09-28,-0.157
2020-09-29,-0.158
2020-09-30,-0.149
2020-10-01,-0.14
2020-10-02,-0.141
2020-10-05,-0.142
2020-10-06,-0.133
2020-10-07,-0.134
2020-10-08,-0.134
2020-10-09,-0.135
2020-10-12,-0.137
2020-10-13,-0.138
2020-10-14,-0.138
2020-10-15,-0.139
2020-10-16,-0.14
2020-10-19,-0.142
2020-10-20,-0.142
2020-10-21,-0.133
2020-10-22,-0.134
2020-10-23,-0.134
2020-10-26,-0.126
2020-10-27,-0.135
2020-10-28,-0.136
2020-10-29,-0.137
2020-10-30,-0.138
2020-11-02,-0.13
2020-11-04,-0.132
2020-11-05,-0.142
2020-11-06,-0.143
2020-11-09,-0.145
2020-11-10,-0.136
2020-11-11,-0.136
2020-11-12,-0.147
2020-11-13,-0.147
2020-11-16,-0.149
2020-11-17,-0.151
2020-11-18,-0.151
2020-11-19,-0.152
2020-11-20,-0.152
2020-11-24,-0.152
2020-11-25,-0.146
2020-11-26,-0.146
2020-11-27,-0.137
2020-11-30,-0.129
2020-12-01,-0.13
2020-12-02,-0.121
2020-12-03,-0.122
2020-12-04,-0.132
2020-12-07,-0.134
2020-12-08,-0.134
2020-12-09,-0.135
2020-12-10,-0.128
2020-12-11,-0.129
2020-12-14,-0.132
2020-12-15,-0.133
2020-12-16,-0.124
2020-12-17,-0.125
2020-12-18,-0.126
2020-12-21,-0.124
2020-12-22,-0.124
2020-12-23,-0.124
2020-12-24,-0.125
2020-12-25,-0.126
2020-12-28,-0.126
2020-12-29,-0.118
2020-12-30,-0.119
2021-01-04,-0.112
2021-01-05,-0.112
2021-01-06,-0.113
2021-01-07,-0.114
2021-01-08,-0.114
2021-01-12,-0.117
2021-01-13,-0.124
2021-01-14,-0.128
2021-01-15,-0.129
2021-01-18,-0.121
2021-01-19,-0.122
2021-01-20,-0.132
2021-01-21,-0.133
2021-01-22,-0.134
2021-01-25,-0.126
2021-01-26,-0.126
2021-01-27,-0.127
2021-01-28,-0.128
2021-01-29,-0.118
2021-02-01,-0.12
2021-02-02,-0.111
2021-02-03,-0.112
2021-02-04,-0.122
2021-02-05,-0.123
2021-02-08,-0.125
2021-02-09,-0.125
2021-02-10,-0.116
2021-02-12,-0.127
2021-02-15,-0.125
2021-02-16,-0.126
2021-02-17,-0.121
2021-02-18,-0.126
2021-02-19,-0.122
2021-02-22,-0.117
2021-02-24,-0.118
2021-02-25,-0.117
2021-02-26,-0.117
2021-03-01,-0.12
2021-03-02,-0.12
2021-03-03,-0.121
2021-03-04,-0.122
2021-03-05,-0.132
2021-03-08,-0.125
2021-03-09,-0.123
2021-03-10,-0.116
2021-03-11,-0.124
2021-03-12,-0.127
2021-03-15,-0.129
2021-03-16,-0.14
2021-03-17,-0.13
2021-03-18,-0.131
2021-03-19,-0.121
2021-03-22,-0.133
2021-03-23,-0.124
2021-03-24,-0.132
2021-03-25,-0.115
2021-03-26,-0.116
2021-03-29,-0.118
2021-03-30,-0.128
2021-03-31,-0.129
2021-04-01,-0.13
2021-04-02,-0.12
2021-04-05,-0.123
2021-04-06,-0.123
2021-04-07,-0.124
2021-04-08,-0.124
2021-04-09,-0.125
2021-04-12,-0.12
2021-04-13,-0.128
2021-04-14,-0.128
2021-04-15,-0.13
2021-04-16,-0.13
2021-04-19,-0.127
2021-04-20,-0.122
2021-04-21,-0.133
2021-04-22,-0.134
2021-04-23,-0.134
2021-04-26,-0.126
2021-04-27,-0.127
2021-04-28,-0.127
2021-04-30,-0.119
2021-05-06,-0.123
2021-05-07,-0.124
2021-05-10,-0.126
2021-05-11,-0.126
2021-05-12,-0.127
2021-05-13,-0.128
2021-05-14,-0.128
2021-05-17,-0.126
2021-05-18,-0.121
2021-05-19,-0.122
2021-05-20,-0.122
2021-05-21,-0.123
2021-05-24,-0.125
2021-05-25,-0.125
2021-05-26,-0.126
2021-05-27,-0.127
2021-05-28,-0.127
2021-05-31,-0.119
2021-06-01,-0.12
2021-06-02,-0.121
2021-06-03,-0.122
2021-06-04,-0.123
2021-06-07,-0.126
2021-06-08,-0.127
2021-06-09,-0.125
2021-06-10,-0.119
2021-06-11,-0.119
2021-06-14,-0.122
2021-06-15,-0.123
2021-06-16,-0.12
2021-06-17,-0.12
2021-06-18,-0.121
2021-06-21,-0.117
2021-06-22,-0.117
2021-06-23,-0.117
2021-06-24,-0.118
2021-06-25,-0.118
2021-06-28,-0.117
2021-06-29,-0.118
2021-06-30,-0.109
2021-07-01,-0.11
2021-07-02,-0.11
2021-07-05,-0.112
2021-07-06,-0.103
2021-07-07,-0.103
2021-07-08,-0.112
2021-07-09,-0.113
2021-07-12,-0.107
2021-07-13,-0.117
2021-07-14,-0.118
2021-07-15,-0.119
2021-07-16,-0.119
2021-07-19,-0.131
2021-07-20,-0.132
2021-07-21,-0.132
2021-07-26,-0.136
2021-07-27,-0.126
2021-07-28,-0.127
2021-07-29,-0.127
2021-07-30,-0.128
2021-08-02,-0.13
2021-08-03,-0.131
2021-08-04,-0.132
2021-08-05,-0.132
2021-08-06,-0.133
2021-08-10,-0.128
2021-08-11,-0.129
2021-08-12,-0.13
2021-08-13,-0.131
2021-08-16,-0.134
2021-08-17,-0.135
2021-08-18,-0.136
2021-08-19,-0.137
2021-08-20,-0.138
2021-08-23,-0.135
2021-08-24,-0.135
2021-08-25,-0.133
2021-08-26,-0.134
2021-08-27,-0.135
2021-08-30,-0.138
2021-08-31,-0.129
2021-09-01,-0.13
2021-09-02,-0.121
2021-09-03,-0.122
2021-09-06,-0.114
2021-09-07,-0.115
2021-09-08,-0.116
2021-09-09,-0.117
2021-09-10,-0.118
2021-09-13,-0.121
2021-09-14,-0.122
2021-09-15,-0.123
2021-09-16,-0.119
2021-09-17,-0.12
2021-09-21,-0.123
2021-09-22,-0.124
2021-09-24,-0.125
2021-09-27,-0.117
2021-09-28,-0.118
2021-09-29,-0.119
2021-09-30,-0.109
2021-10-01,-0.12
2021-10-04,-0.113
2021-10-05,-0.114
2021-10-06,-0.113
2021-10-07,-0.114
2021-10-08,-0.114
2021-10-11,-0.116
2021-10-12,-0.117
2021-10-13,-0.118
2021-10-14,-0.119
2021-10-15,-0.119
2021-10-18,-0.116
2021-10-19,-0.117
2021-10-20,-0.117
2021-10-21,-0.117
2021-10-22,-0.117
2021-10-25,-0.116
2021-10-26,-0.108
2021-10-27,-0.109
2021-10-28,-0.109
2021-10-29,-0.109
2021-11-01,-0.11
2021-11-02,-0.1
2021-11-04,-0.102
2021-11-05,-0.112
2021-11-08,-0.112
2021-11-09,-0.105
2021-11-10,-0.106
2021-11-11,-0.107
2021-11-12,-0.117
2021-11-15,-0.125
2021-11-16,-0.131
2021-11-17,-0.136
2021-11-18,-0.131
2021-11-19,-0.136
2021-11-22,-0.137
2021-11-24,-0.138
2021-11-25,-0.138
2021-11-26,-0.14
2021-11-29,-0.139
2021-11-30,-0.13
2021-12-01,-0.13
2021-12-02,-0.12
2021-12-03,-0.121
2021-12-06,-0.123
2021-12-07,-0.124
2021-12-08,-0.124
2021-12-09,-0.115
2021-12-10,-0.113
2021-12-13,-0.114
2021-12-14,-0.119
2021-12-15,-0.119
2021-12-16,-0.116
2021-12-17,-0.11
2021-12-20,-0.112
2021-12-21,-0.113
2021-12-22,-0.104
2021-12-23,-0.104
2021-12-24,-0.098
2021-12-27,-0.099
2021-12-28,-0.099
2021-12-29,-0.098
2021-12-30,-0.089
2022-01-04,-0.091
2022-01-05,-0.091
2022-01-06,-0.1
2022-01-07,-0.1
2022-01-11,-0.108
2022-01-12,-0.108
2022-01-13,-0.107
2022-01-14,-0.107
2022-01-17,-0.107
2022-01-18,-0.106
2022-01-19,-0.106
2022-01-20,-0.105
2022-01-21,-0.105
2022-01-24,-0.093
2022-01-25,-0.093
2022-01-26,-0.093
2022-01-27,-0.082
2022-01-28,-0.082
2022-01-31,-0.08
2022-02-01,-0.08
2022-02-02,-0.08
2022-02-03,-0.081
2022-02-04,-0.081
2022-02-07,-0.082
2022-02-08,-0.082
2022-02-09,-0.083
2022-02-10,-0.08
2022-02-14,-0.074
2022-02-15,-0.075
2022-02-16,-0.075
2022-02-17,-0.065
2022-02-18,-0.066
2022-02-21,-0.07
2022-02-22,-0.07
2022-02-24,-0.07
2022-02-25,-0.07
2022-02-28,-0.07
2022-03-01,-0.07
2022-03-02,-0.07
2022-03-03,-0.071
2022-03-04,-0.081
2022-03-07,-0.082
2022-03-08,-0.083
2022-03-09,-0.073
2022-03-10,-0.073
2022-03-11,-0.074
2022-03-14,-0.064
2022-03-15,-0.065
2022-03-16,-0.065
2022-03-17,-0.065
2022-03-18,-0.06
2022-03-22,-0.062
2022-03-23,-0.062
2022-03-24,-0.063
2022-03-25,-0.063
2022-03-28,-0.054
2022-03-29,-0.055
2022-03-30,-0.065
2022-03-31,-0.075
2022-04-01,-0.075
2022-04-04,-0.076
2022-04-05,-0.076
2022-04-06,-0.075
2022-04-07,-0.077
2022-04-08,-0.097
2022-04-11,-0.105
2022-04-12,-0.108
2022-04-13,-0.099
2022-04-14,-0.095
2022-04-15,-0.095
2022-04-18,-0.085
2022-04-19,-0.085
2022-04-20,-0.075
2022-04-21,-0.081
2022-04-22,-0.085
2022-04-25,-0.085
2022-04-26,-0.085
2022-04-27,-0.085
2022-04-28,-0.085
2022-05-02,-0.075
2022-05-06,-0.075
2022-05-09,-0.075
2022-05-10,-0.075
2022-05-11,-0.075
2022-05-12,-0.086
2022-05-13,-0.092
2022-05-16,-0.086
2022-05-17,-0.086
2022-05-18,-0.086
2022-05-19,-0.085
2022-05-20,-0.096
2022-05-23,-0.095
2022-05-24,-0.095
2022-05-25,-0.098
2022-05-26,-0.095
2022-05-27,-0.095
2022-05-30,-0.095
2022-05-31,-0.085
2022-06-01,-0.085
2022-06-02,-0.085
2022-06-03,-0.086
2022-06-06,-0.086
2022-06-07,-0.087
2022-06-08,-0.087
2022-06-09,-0.087
2022-06-10,-0.088
2022-06-13,-0.085
2022-06-14,-0.085
2022-06-15,-0.095
2022-06-16,-0.114
2022-06-17,-0.105
2022-06-20,-0.101
2022-06-21,-0.105
2022-06-22,-0.122
2022-06-23,-0.132
2022-06-24,-0.133
2022-06-27,-0.115
2022-06-28,-0.114
2022-06-29,-0.114
2022-06-30,-0.105
2022-07-01,-0.105
2022-07-04,-0.106
2022-07-05,-0.106
2022-07-06,-0.106
2022-07-07,-0.115
2022-07-08,-0.117
2022-07-11,-0.118
2022-07-12,-0.118
2022-07-13,-0.125
2022-07-14,-0.109
2022-07-15,-0.126
2022-07-19,-0.135
2022-07-20,-0.145
2022-07-21,-0.152
2022-07-22,-0.145
2022-07-25,-0.142
2022-07-26,-0.135
2022-07-27,-0.135
2022-07-28,-0.134
2022-07-29,-0.144
2022-08-01,-0.145
2022-08-02,-0.135
2022-08-03,-0.136
2022-08-04,-0.146
2022-08-05,-0.146
2022-08-08,-0.147
2022-08-09,-0.148
2022-08-10,-0.138
2022-08-12,-0.139
2022-08-15,-0.134
2022-08-16,-0.134
2022-08-17,-0.135
2022-08-18,-0.131
2022-08-19,-0.131
2022-08-22,-0.122
2022-08-23,-0.132
2022-08-24,-0.133
2022-08-25,-0.133
2022-08-26,-0.133
2022-08-29,-0.133
2022-08-30,-0.134
2022-08-31,-0.135
2022-09-01,-0.135
2022-09-02,-0.135
2022-09-05,-0.136
2022-09-06,-0.135
2022-09-07,-0.135
2022-09-08,-0.135
2022-09-09,-0.136
2022-09-12,-0.146
2022-09-13,-0.146
2022-09-14,-0.155
2022-09-15,-0.156
2022-09-16,-0.156
2022-09-20,-0.141
2022-09-21,-0.136
2022-09-22,-0.136
2022-09-26,-0.125
2022-09-27,-0.125
2022-09-28,-0.125
2022-09-29,-0.125
2022-09-30,-0.115
2022-10-03,-0.115
2022-10-04,-0.126
2022-10-05,-0.135
2022-10-06,-0.137
2022-10-07,-0.135
2022-10-11,-0.128
2022-10-12,-0.128
2022-10-13,-0.126
2022-10-14,-0.126
2022-10-17,-0.126
2022-10-18,-0.126
2022-10-19,-0.115
2022-10-20,-0.1
2022-10-21,-0.095
2022-10-24,-0.088
2022-10-25,-0.095
2022-10-26,-0.105
2022-10-27,-0.114
2022-10-28,-0.114
2022-10-31,-0.105
2022-11-01,-0.105
2022-11-02,-0.095
2022-11-04,-0.095
2022-11-07,-0.095
2022-11-08,-0.095
2022-11-09,-0.105
2022-11-10,-0.105
2022-11-11,-0.105
2022-11-14,-0.105
2022-11-15,-0.101
2022-11-16,-0.1
2022-11-17,-0.1
2022-11-18,-0.095
2022-11-21,-0.095
2022-11-22,-0.095
2022-11-24,-0.095
2022-11-25,-0.095
2022-11-28,-0.095
2022-11-29,-0.095
2022-11-30,-0.075
2022-12-01,-0.085
2022-12-02,-0.075
2022-12-05,-0.075
2022-12-06,-0.075
2022-12-07,-0.075
2022-12-08,-0.075
2022-12-09,-0.083
2022-12-12,-0.075
2022-12-13,-0.081
2022-12-14,-0.081
2022-12-15,-0.081
2022-12-16,-0.085
2022-12-19,-0.075
2022-12-20,-0.059
2022-12-21,-0.065
2022-12-22,-0.065
2022-12-23,-0.055
2022-12-26,-0.037
2022-12-27,-0.029
2022-12-28,-0.026
2022-12-29,0.011
2022-12-30,0.013
2023-01-04,0.005
2023-01-05,-0.005
2023-01-06,-0.006
2023-01-10,-0.004
2023-01-11,-0.004
2023-01-12,-0.002
2023-01-13,-0.005
2023-01-16,-0.005
2023-01-17,0.0
2023-01-18,-0.025
2023-01-19,-0.039
2023-01-20,-0.045
2023-01-23,-0.045
2023-01-24,-0.045
2023-01-25,-0.045
2023-01-26,-0.055
2023-01-27,-0.055
2023-01-30,-0.055
2023-01-31,-0.055
2023-02-01,-0.065
2023-02-02,-0.065
2023-02-03,-0.076
2023-02-06,-0.075
2023-02-07,-0.077
2023-02-08,-0.077
2023-02-09,-0.085
2023-02-10,-0.095
2023-02-13,-0.105
2023-02-14,-0.111
2023-02-15,-0.111
2023-02-16,-0.115
2023-02-17,-0.115
2023-02-20,-0.112
2023-02-21,-0.105
2023-02-22,-0.104
2023-02-24,-0.101
2023-02-27,-0.087
2023-02-28,-0.066
2023-03-01,-0.065
2023-03-02,-0.075
2023-03-03,-0.076
2023-03-06,-0.077
2023-03-07,-0.078
2023-03-08,-0.087
2023-03-09,-0.077
2023-03-10,-0.085
2023-03-13,-0.085
2023-03-14,-0.095
2023-03-15,-0.106
2023-03-16,-0.119
2023-03-17,-0.13
2023-03-20,-0.136
2023-03-22,-0.125
2023-03-23,-0.129
2023-03-24,-0.136
2023-03-27,-0.135
2023-03-28,-0.134
2023-03-29,-0.134
2023-03-30,-0.134
2023-03-31,-0.115
2023-04-03,-0.095
2023-04-04,-0.096
2023-04-05,-0.096
2023-04-06,-0.116
2023-04-07,-0.117
2023-04-10,-0.108
2023-04-11,-0.106
2023-04-12,-0.109
2023-04-13,-0.116
2023-04-14,-0.115
2023-04-17,-0.115
2023-04-18,-0.115
2023-04-19,-0.115
2023-04-20,-0.115
2023-04-21,-0.115
2023-04-24,-0.123
2023-04-25,-0.115
2023-04-26,-0.117
2023-04-27,-0.107
2023-04-28,-0.106
2023-05-01,-0.105
2023-05-02,-0.115
2023-05-08,-0.115
2023-05-09,-0.115
2023-05-10,-0.126
2023-05-11,-0.125
2023-05-12,-0.135
2023-05-15,-0.129
2023-05-16,-0.129
2023-05-17,-0.135
2023-05-18,-0.125
2023-05-19,-0.125
2023-05-22,-0.125
2023-05-23,-0.125
2023-05-24,-0.125
2023-05-25,-0.125
2023-05-26,-0.125
2023-05-29,-0.125
2023-05-30,-0.124
2023-05-31,-0.125
2023-06-01,-0.125
2023-06-02,-0.135
2023-06-05,-0.136
2023-06-06,-0.136
2023-06-07,-0.136
2023-06-08,-0.137
2023-06-09,-0.145
2023-06-12,-0.138
2023-06-13,-0.149
2023-06-14,-0.145
2023-06-15,-0.139
2023-06-16,-0.139
2023-06-19,-0.135
2023-06-20,-0.135
2023-06-21,-0.141
2023-06-22,-0.145
2023-06-23,-0.152
2023-06-26,-0.151
2023-06-27,-0.144
2023-06-28,-0.144
2023-06-29,-0.134
2023-06-30,-0.125
2023-07-03,-0.125
2023-07-04,-0.125
2023-07-05,-0.126
2023-07-06,-0.116
2023-07-07,-0.106
2023-07-10,-0.107
2023-07-11,-0.118
2023-07-12,-0.118
2023-07-13,-0.119
2023-07-14,-0.129
2023-07-18,-0.12
2023-07-19,-0.126
2023-07-20,-0.127
2023-07-21,-0.127
2023-07-24,-0.139
2023-07-25,-0.132
2023-07-26,-0.123
2023-07-27,-0.121
2023-07-28,-0.104
2023-07-31,-0.085
2023-08-01,-0.095
2023-08-02,-0.085
2023-08-03,-0.085
2023-08-04,-0.085
2023-08-07,-0.087
2023-08-08,-0.087
2023-08-09,-0.095
2023-08-10,-0.088
2023-08-14,-0.085
2023-08-15,-0.091
2023-08-16,-0.091
2023-08-17,-0.075
2023-08-18,-0.081
2023-08-21,-0.075
2023-08-22,-0.075
2023-08-23,-0.079
2023-08-24,-0.085
2023-08-25,-0.085
2023-08-28,-0.085
2023-08-29,-0.085
2023-08-30,-0.076
2023-08-31,-0.075
2023-09-01,-0.075
2023-09-04,-0.075
2023-09-05,-0.076
2023-09-06,-0.076
2023-09-07,-0.086
2023-09-08,-0.097
2023-09-11,-0.065
2023-09-12,-0.065
2023-09-13,-0.065
2023-09-14,-0.065
2023-09-15,-0.059
2023-09-19,-0.055
2023-09-20,-0.061
2023-09-21,-0.055
2023-09-22,-0.055
2023-09-25,-0.063
2023-09-26,-0.063
2023-09-27,-0.064
2023-09-28,-0.055
2023-09-29,-0.064
2023-10-02,-0.055
2023-10-03,-0.065
2023-10-04,-0.064
2023-10-05,-0.064
2023-10-06,-0.064
2023-10-10,-0.065
2023-10-11,-0.065
2023-10-12,-0.072
2023-10-13,-0.075
2023-10-16,-0.071
2023-10-17,-0.071
2023-10-18,-0.06
2023-10-19,-0.06
2023-10-20,-0.06
2023-10-23,-0.048
2023-10-24,-0.058
2023-10-25,-0.058
2023-10-26,-0.047
2023-10-27,-0.047
2023-10-30,-0.036
2023-10-31,-0.006
2023-11-01,-0.005
2023-11-02,-0.025
2023-11-06,-0.024
2023-11-07,-0.023
2023-11-08,-0.033
2023-11-09,-0.043
2023-11-10,-0.042
2023-11-13,-0.051
2023-11-14,-0.061
2023-11-15,-0.075
2023-11-16,-0.081
2023-11-17,-0.09
2023-11-20,-0.089
2023-11-21,-0.089
2023-11-22,-0.078
2023-11-24,-0.058
2023-11-27,-0.056
2023-11-28,-0.055
2023-11-29,-0.055
2023-11-30,-0.036
2023-12-01,-0.055
2023-12-04,-0.055
2023-12-05,-0.046
2023-12-06,-0.055
2023-12-07,-0.024
2023-12-08,-0.023
2023-12-11,-0.022
2023-12-12,-0.032
2023-12-13,-0.045
2023-12-14,-0.031
2023-12-15,-0.017
2023-12-18,-0.02
2023-12-19,-0.019
2023-12-20,-0.045
2023-12-21,-0.049
2023-12-22,-0.042
2023-12-25,-0.048
2023-12-26,-0.037
2023-12-27,-0.039
2023-12-28,-0.046
2023-12-29,-0.026
2024-01-04,-0.025
2024-01-05,-0.045
2024-01-09,-0.055
2024-01-10,-0.055
2024-01-11,-0.075
2024-01-12,-0.085
2024-01-15,-0.085
2024-01-16,-0.065
2024-01-17,-0.065
2024-01-18,-0.065
2024-01-19,-0.065
2024-01-22,-0.065
2024-01-23,-0.065
2024-01-24,-0.028
2024-01-25,-0.035
2024-01-26,-0.045
2024-01-29,-0.045
2024-01-30,-0.045
2024-01-31,-0.035
2024-02-01,-0.045
2024-02-02,-0.025
2024-02-05,-0.005
2024-02-06,-0.005
2024-02-07,-0.013
2024-02-08,-0.015
2024-02-09,-0.002
2024-02-13,0.005
2024-02-14,-0.001
2024-02-15,0.0
2024-02-16,0.0
2024-02-19,0.005
2024-02-20,0.005
2024-02-21,0.012
2024-02-22,0.03
2024-02-26,0.033
2024-02-27,0.034
2024-02-28,0.034
2024-02-29,0.054
2024-03-01,0.035
2024-03-04,0.036
2024-03-05,0.027
2024-03-06,0.026
2024-03-07,0.028
2024-03-08,0.037
2024-03-11,0.048
2024-03-12,0.051
2024-03-13,0.052
2024-03-14,0.059
2024-03-15,0.059
2024-03-18,0.081
2024-03-19,0.06
2024-03-21,0.061
2024-03-22,0.071
2024-03-25,0.063
2024-03-26,0.063
2024-03-27,0.055
2024-03-28,0.054
2024-03-29,0.054
2024-04-01,0.035
2024-04-02,0.025
2024-04-03,0.016
2024-04-04,0.026
2024-04-05,0.036
2024-04-08,0.047
2024-04-09,0.037
2024-04-10,0.048
2024-04-11,0.068
2024-04-12,0.079
2024-04-15,0.084
2024-04-16,0.095
2024-04-17,0.1
2024-04-18,0.101
2024-04-19,0.091
2024-04-22,0.102
2024-04-23,0.099
2024-04-24,0.1
2024-04-25,0.101
2024-04-26,0.101
2024-04-30,0.095
2024-05-01,0.105
2024-05-02,0.095
2024-05-07,0.097
2024-05-08,0.107
2024-05-09,0.12
2024-05-10,0.128
2024-05-13,0.143
2024-05-14,0.153
2024-05-15,0.164
2024-05-16,0.155
2024-05-17,0.166
2024-05-20,0.167
2024-05-21,0.168
2024-05-22,0.172
2024-05-23,0.169
2024-05-24,0.17
2024-05-27,0.172
2024-05-28,0.173
2024-05-29,0.202
2024-05-30,0.214
2024-05-31,0.234
2024-06-03,0.227
2024-06-04,0.218
2024-06-05,0.198
2024-06-06,0.179
2024-06-07,0.181
2024-06-10,0.202
2024-06-11,0.195
2024-06-12,0.182
2024-06-13,0.173
2024-06-14,0.154
2024-06-17,0.145
2024-06-18,0.141
2024-06-19,0.137
2024-06-20,0.138
2024-06-21,0.148
2024-06-24,0.15
2024-06-25,0.149
2024-06-26,0.15
2024-06-27,0.18
2024-06-28,0.172
2024-07-01,0.175
2024-07-02,0.176
2024-07-03,0.166
2024-07-04,0.148
2024-07-05,0.148
2024-07-08,0.15
2024-07-09,0.14
2024-07-10,0.131
2024-07-11,0.131
2024-07-12,0.122
2024-07-16,0.111
2024-07-17,0.115
2024-07-18,0.121
2024-07-19,0.141
2024-07-22,0.132
2024-07-23,0.149
2024-07-24,0.16
2024-07-25,0.189
2024-07-26,0.19
2024-07-29,0.182
2024-07-30,0.184
2024-07-31,0.275
2024-08-01,0.286
2024-08-02,0.256
2024-08-05,0.167
2024-08-06,0.187
2024-08-07,0.167
2024-08-08,0.17
2024-08-09,0.198
2024-08-13,0.203
2024-08-14,0.2
2024-08-15,0.224
2024-08-16,0.245
2024-08-19,0.257
2024-08-20,0.247
2024-08-21,0.248
2024-08-22,0.259
2024-08-23,0.256
2024-08-26,0.251
2024-08-27,0.261
2024-08-28,0.263
2024-08-29,0.253
2024-08-30,0.254
2024-09-02,0.247
2024-09-03,0.257
2024-09-04,0.249
2024-09-05,0.25
2024-09-06,0.262
2024-09-09,0.265
2024-09-10,0.267
2024-09-11,0.258
2024-09-12,0.259
2024-09-13,0.247
2024-09-17,0.241
2024-09-18,0.221
2024-09-19,0.227
2024-09-20,0.228
2024-09-24,0.2
2024-09-25,0.201
2024-09-26,0.192
2024-09-27,0.172
2024-09-30,0.234
2024-10-01,0.225
2024-10-02,0.206
2024-10-03,0.207
2024-10-04,0.208
2024-10-07,0.231
2024-10-08,0.232
2024-10-09,0.233
2024-10-10,0.237
2024-10-11,0.248
2024-10-15,0.263
2024-10-16,0.264
2024-10-17,0.275
2024-10-18,0.282
2024-10-21,0.286
2024-10-22,0.307
2024-10-23,0.309
2024-10-24,0.31
2024-10-25,0.311
2024-10-28,0.315
2024-10-29,0.306
2024-10-30,0.298
2024-10-31,0.289
2024-11-01,0.321
2024-11-05,0.315
2024-11-06,0.337
2024-11-07,0.359
2024-11-08,0.36
2024-11-11,0.364
2024-11-12,0.375
2024-11-13,0.397
2024-11-14,0.408
2024-11-15,0.424
2024-11-18,0.425
2024-11-19,0.436
2024-11-20,0.438
2024-11-21,0.46
2024-11-22,0.468
2024-11-25,0.474
2024-11-26,0.468
2024-11-27,0.478
2024-11-28,0.471
2024-11-29,0.482
2024-12-02,0.498
2024-12-03,0.49
2024-12-04,0.461
2024-12-05,0.454
2024-12-06,0.446
2024-12-09,0.431
2024-12-10,0.435
2024-12-11,0.445
2024-12-12,0.429
2024-12-13,0.412
2024-12-16,0.418
2024-12-17,0.42
2024-12-18,0.422
2024-12-19,0.424
2024-12-20,0.39
2024-12-23,0.395
2024-12-24,0.397
2024-12-25,0.399
2024-12-26,0.409
2024-12-27,0.413
2024-12-30,0.427
2025-01-06,0.449
2025-01-07,0.459
2025-01-08,0.46
2025-01-09,0.452
2025-01-10,0.443
2025-01-14,0.479
2025-01-15,0.504
2025-01-16,0.511
2025-01-17,0.512
2025-01-20,0.506
2025-01-21,0.513
2025-01-22,0.535
2025-01-23,0.537
2025-01-24,0.556
2025-01-27,0.543
2025-01-28,0.535
2025-01-29,0.546
2025-01-30,0.548
2025-01-31,0.56
2025-02-03,0.556
2025-02-04,0.568
2025-02-05,0.57
2025-02-06,0.572
2025-02-07,0.594
2025-02-10,0.593
2025-02-12,0.597
2025-02-13,0.59
2025-02-14,0.586
2025-02-17,0.589
2025-02-18,0.596
2025-02-19,0.594
2025-02-20,0.608
2025-02-21,0.603
2025-02-25,0.593
2025-02-26,0.604
2025-02-27,0.608
2025-02-28,0.601
2025-03-03,0.617
2025-03-04,0.619
2025-03-05,0.62
2025-03-06,0.623
2025-03-07,0.623
2025-03-10,0.639
2025-03-11,0.611
2025-03-12,0.623
2025-03-13,0.625
2025-03-14,0.607
2025-03-17,0.597
2025-03-18,0.604
2025-03-19,0.616
2025-03-21,0.62
2025-03-24,0.636
2025-03-25,0.648
2025-03-26,0.65
2025-03-27,0.652
2025-03-28,0.644
2025-03-31,0.64
2025-04-01,0.652
2025-04-02,0.644
2025-04-03,0.585
2025-04-04,0.514
2025-04-07,0.488
2025-04-08,0.51
2025-04-09,0.473
2025-04-10,0.517
2025-04-11,0.483
2025-04-14,0.466
2025-04-15,0.507
2025-04-16,0.498
2025-04-17,0.525
2025-04-18,0.52
2025-04-21,0.53
2025-04-22,0.541
2025-04-23,0.55
2025-04-24,0.542
2025-04-25,0.545
2025-04-28,0.548
2025-04-30,0.551
2025-05-01,0.521
2025-05-02,0.512
2025-05-07,0.518
2025-05-08,0.529
2025-05-09,0.532
2025-05-12,0.547
2025-05-13,0.568
2025-05-14,0.563
2025-05-15,0.565
2025-05-16,0.556
2025-05-19,0.571
2025-05-20,0.583
2025-05-21,0.558
2025-05-22,0.56
2025-05-23,0.557
2025-05-26,0.554
2025-05-27,0.566
2025-05-28,0.575
2025-05-29,0.587
2025-05-30,0.599
2025-06-02,0.592
2025-06-03,0.583
2025-06-04,0.575
2025-06-05,0.567
2025-06-06,0.569
2025-06-09,0.574
2025-06-10,0.573
2025-06-11,0.564
2025-06-12,0.565
2025-06-13,0.553
2025-06-16,0.576
2025-06-17,0.578
2025-06-18,0.563
2025-06-19,0.544
2025-06-20,0.544
2025-06-23,0.554
2025-06-24,0.554
2025-06-25,0.548
2025-06-26,0.557
2025-06-27,0.568
2025-06-30,0.581
2025-07-01,0.581
2025-07-02,0.582
2025-07-03,0.592
2025-07-04,0.583
2025-07-07,0.575
2025-07-08,0.576
2025-07-09,0.587
2025-07-10,0.587
2025-07-11,0.591
2025-07-14,0.614
2025-07-15,0.615
2025-07-16,0.616
2025-07-17,0.618
2025-07-18,0.608
2025-07-22,0.596
2025-07-23,0.654
2025-07-24,0.665
2025-07-25,0.684
2025-07-28,0.678
2025-07-29,0.669
2025-07-30,0.66
2025-07-31,0.662
2025-08-01,0.661
2025-08-04,0.623
2025-08-05,0.615
2025-08-06,0.626
2025-08-07,0.625
2025-08-08,0.627
2025-08-12,0.632
2025-08-13,0.636
2025-08-14,0.647
2025-08-15,0.653
2025-08-18,0.662
2025-08-19,0.674
2025-08-20,0.68
2025-08-21,0.678
2025-08-22,0.68
2025-08-25,0.691
2025-08-26,0.704
2025-08-27,0.706
2025-08-28,0.701
2025-08-29,0.712
2025-09-01,0.722
2025-09-02,0.713
2025-09-03,0.704
2025-09-04,0.695
2025-09-05,0.686
2025-09-08,0.678
2025-09-09,0.679
2025-09-10,0.691
2025-09-11,0.695
2025-09-12,0.696
2025-09-16,0.711
2025-09-17,0.707
2025-09-18,0.719
2025-09-19,0.747
2025-09-22,0.763
2025-09-24,0.76
2025-09-25,0.769
2025-09-26,0.771
2025-09-29,0.778
2025-09-30,0.8
2025-10-01,0.792
2025-10-02,0.784
2025-10-03,0.775
2025-10-06,0.73
2025-10-07,0.742
2025-10-08,0.764
2025-10-09,0.755
2025-10-10,0.747
2025-10-14,0.723
2025-10-15,0.724
2025-10-16,0.73
2025-10-17,0.722
2025-10-20,0.754
2025-10-21,0.746
2025-10-22,0.748
2025-10-23,0.747
2025-10-24,0.75
2025-10-27,0.757
2025-10-28,0.751
2025-10-29,0.762
2025-10-30,0.755
2025-10-31,0.748
2025-11-04,0.745
2025-11-05,0.726
2025-11-06,0.737
2025-11-07,0.736
2025-11-10,0.739
2025-11-11,0.733
2025-11-12,0.734
2025-11-13,0.734
2025-11-14,0.735
2025-11-17,0.738
2025-11-18,0.739
2025-11-19,0.75
2025-11-20,0.768
2025-11-21,0.769
2025-11-25,0.792
2025-11-26,0.793
2025-11-27,0.786
2025-11-28,0.796
2025-12-01,0.811
2025-12-02,0.792
2025-12-03,0.794
2025-12-04,0.795
2025-12-05,0.817
2025-12-08,0.813
2025-12-09,0.815
2025-12-10,0.816
2025-12-11,0.815
2025-12-12,0.827
2025-12-15,0.831
2025-12-16,0.828
2025-12-17,0.845
2025-12-18,0.841
2025-12-19,0.863
2025-12-22,0.873
2025-12-23,0.858
2025-12-24,0.859
2025-12-25,0.878
2025-12-26,0.88
2025-12-29,0.886
2025-12-30,0.906
2026-01-05,0.928
2026-01-06,0.919
2026-01-07,0.91
2026-01-08,0.871
2026-01-09,0.893
2026-01-13,0.898
2026-01-14,0.909
2026-01-15,0.915
2026-01-16,0.931
2026-01-19,0.951
2026-01-20,0.943
2026-01-21,0.961
2026-01-22,0.952
2026-01-23,0.994
2026-01-26,1.018
2026-01-27,1.03
2026-01-28,1.012
2026-01-29,1.014
2026-01-30,0.996
2026-02-02,1.014
2026-02-03,1.026
2026-02-04,1.018
2026-02-05,1.02
2026-02-06,1.022
2026-02-09,1.039
2026-02-10,1.031
2026-02-12,1.041
2026-02-13,1.036
2026-02-16,1.027
2026-02-17,1.008
2026-02-18,1.015
2026-02-19,1.032
2026-02-20,1.033
2026-02-24,1.028
2026-02-25,1.01
2026-02-26,1.031
2026-02-27,1.023
2026-03-02,1.002
2026-03-03,1.024
2026-03-04,1.005
2026-03-05,1.006
2026-03-06,0.997
2026-03-09,0.99
2026-03-10,1.002
2026-03-11,0.992
2026-03-12,0.993
2026-03-13,1.008
2026-03-16,1.008
2026-03-17,1.014
2026-03-18,1.0
2026-03-19,1.021
2026-03-23,1.041
2026-03-24,1.053
2026-03-25,1.064
2026-03-26,1.084
2026-03-27,1.105
2026-03-30,1.109
2026-03-31,1.102
2026-04-01,1.092
2026-04-02,1.113
2026-04-03,1.115
2026-04-06,1.12
2026-04-07,1.111
2026-04-08,1.113
2026-04-09,1.123
2026-04-10,1.124
2026-04-13,1.119
2026-04-14,1.096
2026-04-15,1.098
2026-04-16,1.084
2026-04-17,1.085
2026-04-20,1.085
2026-04-21,1.077
2026-04-22,1.075
2026-04-23,1.07
2026-04-24,1.069
2026-04-27,1.076
2026-04-28,1.08
2026-04-30,1.094
