Date,Japan_2Y_JGB,Japan_10Y_JGB
2018-01-04,-0.138,0.052
2018-01-05,-0.138,0.057
2018-01-09,-0.139,0.067
2018-01-10,-0.129,0.083
2018-01-11,-0.134,0.068
2018-01-12,-0.134,0.073
2018-01-15,-0.14,0.074
2018-01-16,-0.14,0.079
2018-01-17,-0.13,0.084
2018-01-18,-0.13,0.079
2018-01-19,-0.136,0.079
2018-01-22,-0.136,0.079
2018-01-23,-0.142,0.074
2018-01-24,-0.137,0.079
2018-01-25,-0.132,0.084
2018-01-26,-0.132,0.074
2018-01-29,-0.128,0.085
2018-01-30,-0.13,0.095
2018-01-31,-0.137,0.085
2018-02-01,-0.128,0.095
2018-02-02,-0.131,0.085
2018-02-05,-0.137,0.086
2018-02-06,-0.142,0.075
2018-02-07,-0.144,0.075
2018-02-08,-0.148,0.081
2018-02-09,-0.149,0.071
2018-02-13,-0.154,0.071
2018-02-14,-0.154,0.066
2018-02-15,-0.159,0.066
2018-02-16,-0.16,0.062
2018-02-19,-0.151,0.061
2018-02-20,-0.151,0.066
2018-02-21,-0.151,0.058
2018-02-22,-0.151,0.058
2018-02-23,-0.153,0.053
2018-02-26,-0.154,0.054
2018-02-27,-0.162,0.049
2018-02-28,-0.16,0.054
2018-03-01,-0.16,0.048
2018-03-02,-0.155,0.063
2018-03-05,-0.173,0.038
2018-03-06,-0.166,0.049
2018-03-07,-0.162,0.044
2018-03-08,-0.157,0.049
2018-03-09,-0.157,0.044
2018-03-12,-0.153,0.044
2018-03-13,-0.154,0.045
2018-03-14,-0.149,0.045
2018-03-15,-0.145,0.04
2018-03-16,-0.15,0.031
2018-03-19,-0.151,0.036
2018-03-20,-0.156,0.036
2018-03-22,-0.157,0.031
2018-03-23,-0.157,0.016
2018-03-26,-0.158,0.022
2018-03-27,-0.153,0.032
2018-03-28,-0.154,0.032
2018-03-29,-0.14,0.037
2018-03-30,-0.137,0.043
2018-04-02,-0.135,0.042
2018-04-03,-0.141,0.022
2018-04-04,-0.136,0.027
2018-04-05,-0.133,0.037
2018-04-06,-0.143,0.038
2018-04-09,-0.147,0.033
2018-04-10,-0.154,0.033
2018-04-11,-0.158,0.028
2018-04-12,-0.158,0.033
2018-04-13,-0.159,0.033
2018-04-16,-0.155,0.039
2018-04-17,-0.155,0.039
2018-04-18,-0.15,0.034
2018-04-19,-0.141,0.039
2018-04-20,-0.131,0.059
2018-04-23,-0.132,0.06
2018-04-24,-0.136,0.055
2018-04-25,-0.135,0.06
2018-04-26,-0.131,0.06
2018-04-27,-0.137,0.055
2018-05-01,-0.142,0.04
2018-05-02,-0.138,0.045
2018-05-07,-0.137,0.046
2018-05-08,-0.132,0.05
2018-05-09,-0.133,0.051
2018-05-10,-0.138,0.052
2018-05-11,-0.138,0.047
2018-05-14,-0.139,0.052
2018-05-15,-0.135,0.058
2018-05-16,-0.14,0.058
2018-05-17,-0.14,0.062
2018-05-18,-0.135,0.062
2018-05-21,-0.136,0.059
2018-05-22,-0.141,0.053
2018-05-23,-0.141,0.048
2018-05-24,-0.142,0.048
2018-05-25,-0.143,0.043
2018-05-28,-0.144,0.043
2018-05-29,-0.144,0.038
2018-05-30,-0.148,0.033
2018-05-31,-0.144,0.039
2018-06-01,-0.145,0.05
2018-06-04,-0.135,0.056
2018-06-05,-0.131,0.056
2018-06-06,-0.131,0.056
2018-06-07,-0.131,0.055
2018-06-08,-0.127,0.051
2018-06-11,-0.133,0.051
2018-06-12,-0.133,0.057
2018-06-13,-0.133,0.057
2018-06-14,-0.138,0.046
2018-06-15,-0.138,0.041
2018-06-18,-0.14,0.041
2018-06-19,-0.135,0.037
2018-06-20,-0.135,0.042
2018-06-21,-0.136,0.043
2018-06-22,-0.136,0.039
2018-06-25,-0.137,0.04
2018-06-26,-0.137,0.045
2018-06-27,-0.133,0.046
2018-06-28,-0.128,0.04
2018-06-29,-0.129,0.04
2018-07-02,-0.135,0.035
2018-07-03,-0.13,0.037
2018-07-04,-0.131,0.032
2018-07-05,-0.131,0.032
2018-07-06,-0.132,0.027
2018-07-09,-0.132,0.028
2018-07-10,-0.127,0.038
2018-07-11,-0.133,0.038
2018-07-12,-0.133,0.038
2018-07-13,-0.133,0.038
2018-07-17,-0.135,0.039
2018-07-18,-0.13,0.044
2018-07-19,-0.13,0.039
2018-07-20,-0.127,0.034
2018-07-23,-0.107,0.086
2018-07-24,-0.123,0.085
2018-07-25,-0.126,0.07
2018-07-26,-0.119,0.091
2018-07-27,-0.118,0.101
2018-07-30,-0.119,0.106
2018-07-31,-0.119,0.05
2018-08-01,-0.09,0.129
2018-08-02,-0.105,0.121
2018-08-03,-0.11,0.11
2018-08-06,-0.111,0.105
2018-08-07,-0.112,0.11
2018-08-08,-0.107,0.11
2018-08-09,-0.112,0.115
2018-08-10,-0.117,0.105
2018-08-13,-0.118,0.103
2018-08-14,-0.118,0.106
2018-08-15,-0.118,0.097
2018-08-16,-0.124,0.104
2018-08-17,-0.129,0.099
2018-08-20,-0.127,0.1
2018-08-21,-0.127,0.094
2018-08-22,-0.12,0.1
2018-08-23,-0.123,0.1
2018-08-24,-0.116,0.106
2018-08-27,-0.116,0.101
2018-08-28,-0.116,0.101
2018-08-29,-0.117,0.107
2018-08-30,-0.114,0.115
2018-08-31,-0.119,0.11
2018-09-03,-0.11,0.127
2018-09-04,-0.116,0.125
2018-09-05,-0.116,0.121
2018-09-06,-0.116,0.116
2018-09-07,-0.112,0.116
2018-09-10,-0.112,0.121
2018-09-11,-0.112,0.116
2018-09-12,-0.112,0.116
2018-09-13,-0.113,0.116
2018-09-14,-0.113,0.117
2018-09-18,-0.114,0.123
2018-09-19,-0.109,0.128
2018-09-20,-0.104,0.128
2018-09-21,-0.104,0.14
2018-09-25,-0.105,0.141
2018-09-26,-0.11,0.135
2018-09-27,-0.118,0.13
2018-09-28,-0.114,0.134
2018-10-01,-0.115,0.139
2018-10-02,-0.115,0.137
2018-10-03,-0.115,0.137
2018-10-04,-0.11,0.157
2018-10-05,-0.121,0.148
2018-10-09,-0.116,0.158
2018-10-10,-0.117,0.152
2018-10-11,-0.117,0.144
2018-10-12,-0.117,0.149
2018-10-15,-0.118,0.144
2018-10-16,-0.118,0.149
2018-10-17,-0.12,0.147
2018-10-18,-0.12,0.153
2018-10-19,-0.119,0.15
2018-10-22,-0.114,0.154
2018-10-23,-0.114,0.149
2018-10-24,-0.115,0.135
2018-10-25,-0.119,0.115
2018-10-26,-0.124,0.115
2018-10-29,-0.124,0.11
2018-10-30,-0.125,0.121
2018-10-31,-0.125,0.127
2018-11-01,-0.125,0.127
2018-11-02,-0.13,0.132
2018-11-05,-0.131,0.132
2018-11-06,-0.131,0.132
2018-11-07,-0.126,0.128
2018-11-08,-0.132,0.129
2018-11-09,-0.137,0.129
2018-11-12,-0.138,0.124
2018-11-13,-0.137,0.119
2018-11-14,-0.143,0.114
2018-11-15,-0.138,0.114
2018-11-16,-0.144,0.11
2018-11-19,-0.145,0.1
2018-11-20,-0.142,0.11
2018-11-21,-0.142,0.102
2018-11-22,-0.142,0.102
2018-11-26,-0.142,0.097
2018-11-27,-0.142,0.098
2018-11-28,-0.132,0.108
2018-11-29,-0.139,0.091
2018-11-30,-0.135,0.097
2018-12-03,-0.13,0.093
2018-12-04,-0.13,0.077
2018-12-05,-0.136,0.078
2018-12-06,-0.151,0.063
2018-12-07,-0.141,0.068
2018-12-10,-0.147,0.048
2018-12-11,-0.142,0.053
2018-12-12,-0.142,0.064
2018-12-13,-0.147,0.064
2018-12-14,-0.153,0.043
2018-12-17,-0.157,0.043
2018-12-18,-0.157,0.04
2018-12-19,-0.151,0.046
2018-12-20,-0.146,0.041
2018-12-21,-0.143,0.053
2018-12-25,-0.147,0.029
2018-12-26,-0.124,0.036
2018-12-27,-0.124,0.037
2018-12-28,-0.139,0.013
2019-01-04,-0.176,-0.023
2019-01-07,-0.166,0.0
2019-01-08,-0.147,0.014
2019-01-09,-0.147,0.029
2019-01-10,-0.148,0.024
2019-01-11,-0.153,0.014
2019-01-15,-0.153,0.014
2019-01-16,-0.164,0.006
2019-01-17,-0.169,0.007
2019-01-18,-0.17,0.01
2019-01-21,-0.167,0.004
2019-01-22,-0.167,-0.001
2019-01-23,-0.168,0.004
2019-01-24,-0.162,0.009
2019-01-25,-0.168,-0.001
2019-01-28,-0.164,0.001
2019-01-29,-0.159,0.006
2019-01-30,-0.159,0.007
2019-01-31,-0.169,0.006
2019-02-01,-0.179,-0.019
2019-02-04,-0.171,-0.009
2019-02-05,-0.166,-0.009
2019-02-06,-0.161,-0.014
2019-02-07,-0.156,-0.008
2019-02-08,-0.166,-0.024
2019-02-12,-0.163,-0.006
2019-02-13,-0.168,-0.001
2019-02-14,-0.168,-0.006
2019-02-15,-0.169,-0.016
2019-02-18,-0.176,-0.016
2019-02-19,-0.183,-0.026
2019-02-20,-0.182,-0.031
2019-02-21,-0.182,-0.037
2019-02-22,-0.178,-0.037
2019-02-25,-0.174,-0.03
2019-02-26,-0.169,-0.02
2019-02-27,-0.164,-0.018
2019-02-28,-0.154,-0.019
2019-03-01,-0.15,-0.004
2019-03-04,-0.146,0.007
2019-03-05,-0.141,0.011
2019-03-06,-0.146,0.001
2019-03-07,-0.147,-0.004
2019-03-08,-0.147,-0.028
2019-03-11,-0.147,-0.03
2019-03-12,-0.153,-0.025
2019-03-13,-0.158,-0.04
2019-03-14,-0.163,-0.033
2019-03-15,-0.165,-0.028
2019-03-18,-0.161,-0.028
2019-03-19,-0.161,-0.037
2019-03-20,-0.162,-0.027
2019-03-22,-0.178,-0.061
2019-03-25,-0.182,-0.076
2019-03-26,-0.169,-0.056
2019-03-27,-0.17,-0.056
2019-03-28,-0.178,-0.086
2019-03-29,-0.183,-0.082
2019-04-01,-0.174,-0.07
2019-04-02,-0.16,-0.053
2019-04-03,-0.16,-0.053
2019-04-04,-0.156,-0.041
2019-04-05,-0.156,-0.032
2019-04-08,-0.157,-0.047
2019-04-09,-0.163,-0.046
2019-04-10,-0.168,-0.057
2019-04-11,-0.168,-0.062
2019-04-12,-0.169,-0.051
2019-04-15,-0.165,-0.031
2019-04-16,-0.155,-0.021
2019-04-17,-0.15,-0.009
2019-04-18,-0.156,-0.026
2019-04-19,-0.151,-0.026
2019-04-22,-0.152,-0.027
2019-04-23,-0.148,-0.03
2019-04-24,-0.152,-0.037
2019-04-25,-0.147,-0.031
2019-04-26,-0.153,-0.045
2019-05-07,-0.156,-0.049
2019-05-08,-0.156,-0.049
2019-05-09,-0.158,-0.044
2019-05-10,-0.158,-0.044
2019-05-13,-0.159,-0.043
2019-05-14,-0.159,-0.048
2019-05-15,-0.16,-0.048
2019-05-16,-0.166,-0.058
2019-05-17,-0.164,-0.053
2019-05-20,-0.154,-0.042
2019-05-21,-0.154,-0.042
2019-05-22,-0.152,-0.048
2019-05-23,-0.153,-0.058
2019-05-24,-0.155,-0.068
2019-05-27,-0.156,-0.062
2019-05-28,-0.162,-0.066
2019-05-29,-0.173,-0.089
2019-05-30,-0.169,-0.077
2019-05-31,-0.179,-0.092
2019-06-03,-0.18,-0.088
2019-06-04,-0.186,-0.097
2019-06-05,-0.221,-0.123
2019-06-06,-0.207,-0.116
2019-06-07,-0.197,-0.112
2019-06-10,-0.199,-0.117
2019-06-11,-0.194,-0.107
2019-06-12,-0.195,-0.107
2019-06-13,-0.2,-0.108
2019-06-14,-0.206,-0.122
2019-06-17,-0.196,-0.122
2019-06-18,-0.203,-0.122
2019-06-19,-0.214,-0.133
2019-06-20,-0.235,-0.163
2019-06-21,-0.239,-0.162
2019-06-24,-0.232,-0.146
2019-06-25,-0.228,-0.147
2019-06-26,-0.217,-0.14
2019-06-27,-0.213,-0.134
2019-06-28,-0.222,-0.156
2019-07-01,-0.224,-0.14
2019-07-02,-0.22,-0.135
2019-07-03,-0.225,-0.16
2019-07-04,-0.221,-0.16
2019-07-05,-0.211,-0.17
2019-07-08,-0.202,-0.154
2019-07-09,-0.197,-0.144
2019-07-10,-0.188,-0.128
2019-07-11,-0.194,-0.143
2019-07-12,-0.184,-0.118
2019-07-16,-0.191,-0.123
2019-07-17,-0.186,-0.128
2019-07-18,-0.197,-0.138
2019-07-19,-0.203,-0.138
2019-07-22,-0.204,-0.138
2019-07-23,-0.205,-0.148
2019-07-24,-0.206,-0.148
2019-07-25,-0.207,-0.153
2019-07-26,-0.212,-0.153
2019-07-29,-0.213,-0.148
2019-07-30,-0.213,-0.153
2019-07-31,-0.209,-0.157
2019-08-01,-0.189,-0.131
2019-08-02,-0.205,-0.167
2019-08-05,-0.216,-0.197
2019-08-06,-0.221,-0.181
2019-08-07,-0.237,-0.198
2019-08-08,-0.243,-0.191
2019-08-09,-0.273,-0.22
2019-08-13,-0.291,-0.237
2019-08-14,-0.277,-0.221
2019-08-15,-0.282,-0.238
2019-08-16,-0.279,-0.236
2019-08-19,-0.285,-0.231
2019-08-20,-0.295,-0.236
2019-08-21,-0.305,-0.241
2019-08-22,-0.313,-0.241
2019-08-23,-0.301,-0.235
2019-08-26,-0.323,-0.276
2019-08-27,-0.303,-0.265
2019-08-28,-0.304,-0.271
2019-08-29,-0.317,-0.286
2019-08-30,-0.307,-0.275
2019-09-02,-0.299,-0.266
2019-09-03,-0.295,-0.274
2019-09-04,-0.305,-0.286
2019-09-05,-0.296,-0.269
2019-09-06,-0.302,-0.243
2019-09-09,-0.319,-0.253
2019-09-10,-0.294,-0.221
2019-09-11,-0.279,-0.201
2019-09-12,-0.285,-0.207
2019-09-13,-0.251,-0.15
2019-09-17,-0.248,-0.145
2019-09-18,-0.269,-0.178
2019-09-19,-0.305,-0.22
2019-09-20,-0.31,-0.209
2019-09-24,-0.324,-0.231
2019-09-25,-0.346,-0.246
2019-09-26,-0.331,-0.236
2019-09-27,-0.321,-0.224
2019-09-30,-0.323,-0.206
2019-10-01,-0.294,-0.139
2019-10-02,-0.309,-0.169
2019-10-03,-0.325,-0.194
2019-10-04,-0.335,-0.215
2019-10-07,-0.338,-0.23
2019-10-08,-0.323,-0.203
2019-10-09,-0.324,-0.208
2019-10-10,-0.315,-0.214
2019-10-11,-0.295,-0.183
2019-10-15,-0.281,-0.171
2019-10-16,-0.267,-0.162
2019-10-17,-0.254,-0.157
2019-10-18,-0.244,-0.151
2019-10-21,-0.245,-0.136
2019-10-23,-0.252,-0.138
2019-10-24,-0.256,-0.145
2019-10-25,-0.243,-0.145
2019-10-28,-0.219,-0.129
2019-10-29,-0.208,-0.108
2019-10-30,-0.218,-0.12
2019-10-31,-0.239,-0.139
2019-11-01,-0.274,-0.179
2019-11-05,-0.241,-0.133
2019-11-06,-0.192,-0.083
2019-11-07,-0.192,-0.083
2019-11-08,-0.177,-0.058
2019-11-11,-0.194,-0.062
2019-11-12,-0.174,-0.032
2019-11-13,-0.195,-0.043
2019-11-14,-0.205,-0.067
2019-11-15,-0.2,-0.066
2019-11-18,-0.206,-0.082
2019-11-19,-0.208,-0.087
2019-11-20,-0.214,-0.106
2019-11-21,-0.199,-0.107
2019-11-22,-0.191,-0.077
2019-11-25,-0.191,-0.081
2019-11-26,-0.194,-0.092
2019-11-27,-0.2,-0.106
2019-11-28,-0.179,-0.086
2019-11-29,-0.179,-0.075
2019-12-02,-0.17,-0.039
2019-12-03,-0.156,-0.014
2019-12-04,-0.156,-0.029
2019-12-05,-0.152,-0.035
2019-12-06,-0.132,-0.009
2019-12-09,-0.117,0.001
2019-12-10,-0.118,-0.016
2019-12-11,-0.108,0.004
2019-12-12,-0.129,-0.015
2019-12-13,-0.13,-0.014
2019-12-16,-0.137,-0.019
2019-12-17,-0.125,-0.004
2019-12-18,-0.127,-0.009
2019-12-19,-0.113,0.0
2019-12-20,-0.103,0.014
2019-12-23,-0.098,0.008
2019-12-24,-0.097,0.008
2019-12-25,-0.113,-0.011
2019-12-26,-0.119,-0.012
2019-12-27,-0.124,-0.007
2019-12-30,-0.134,-0.015
2020-01-06,-0.136,-0.025
2020-01-07,-0.121,-0.008
2020-01-08,-0.127,-0.013
2020-01-09,-0.132,-0.003
2020-01-10,-0.137,-0.003
2020-01-14,-0.129,0.012
2020-01-15,-0.124,0.008
2020-01-16,-0.128,0.008
2020-01-17,-0.135,-0.002
2020-01-20,-0.126,0.008
2020-01-21,-0.126,-0.007
2020-01-22,-0.121,-0.002
2020-01-23,-0.132,-0.023
2020-01-24,-0.133,-0.022
2020-01-27,-0.144,-0.047
2020-01-28,-0.136,-0.037
2020-01-29,-0.134,-0.037
2020-01-30,-0.149,-0.056
2020-01-31,-0.159,-0.061
2020-02-03,-0.165,-0.06
2020-02-04,-0.15,-0.049
2020-02-05,-0.141,-0.033
2020-02-06,-0.131,-0.014
2020-02-07,-0.147,-0.035
2020-02-10,-0.158,-0.055
2020-02-12,-0.153,-0.04
2020-02-13,-0.154,-0.029
2020-02-14,-0.144,-0.03
2020-02-17,-0.147,-0.034
2020-02-18,-0.151,-0.049
2020-02-19,-0.156,-0.043
2020-02-20,-0.153,-0.039
2020-02-21,-0.165,-0.06
2020-02-25,-0.201,-0.098
2020-02-26,-0.201,-0.088
2020-02-27,-0.21,-0.102
2020-02-28,-0.258,-0.153
2020-03-02,-0.264,-0.133
2020-03-03,-0.25,-0.106
2020-03-04,-0.28,-0.136
2020-03-05,-0.251,-0.104
2020-03-06,-0.287,-0.128
2020-03-09,-0.314,-0.141
2020-03-10,-0.248,-0.033
2020-03-11,-0.234,-0.057
2020-03-12,-0.225,-0.046
2020-03-13,-0.205,0.007
2020-03-16,-0.195,0.024
2020-03-17,-0.191,0.02
2020-03-18,-0.165,0.064
2020-03-19,-0.165,0.104
2020-03-23,-0.21,0.078
2020-03-24,-0.23,0.049
2020-03-25,-0.241,0.048
2020-03-26,-0.241,0.019
2020-03-27,-0.177,0.024
2020-03-30,-0.174,0.021
2020-03-31,-0.13,0.031
2020-04-01,-0.14,0.018
2020-04-02,-0.135,-0.002
2020-04-03,-0.14,-0.011
2020-04-06,-0.131,0.003
2020-04-07,-0.132,0.004
2020-04-08,-0.132,0.013
2020-04-09,-0.147,0.012
2020-04-10,-0.177,-0.001
2020-04-13,-0.18,0.004
2020-04-14,-0.17,0.013
2020-04-15,-0.16,0.019
2020-04-16,-0.16,0.003
2020-04-17,-0.146,0.013
2020-04-20,-0.135,0.014
2020-04-21,-0.133,0.018
2020-04-22,-0.142,-0.006
2020-04-23,-0.148,-0.006
2020-04-24,-0.168,-0.02
2020-04-27,-0.174,-0.034
2020-04-28,-0.179,-0.045
2020-04-30,-0.184,-0.036
2020-05-01,-0.164,-0.024
2020-05-07,-0.152,0.002
2020-05-08,-0.172,0.002
2020-05-11,-0.173,0.013
2020-05-12,-0.169,-0.003
2020-05-13,-0.169,0.003
2020-05-14,-0.17,-0.003
2020-05-15,-0.169,0.001
2020-05-18,-0.176,-0.007
2020-05-19,-0.161,0.008
2020-05-20,-0.166,0.009
2020-05-21,-0.176,0.004
2020-05-22,-0.181,-0.001
2020-05-25,-0.172,0.01
2020-05-26,-0.162,0.01
2020-05-27,-0.155,0.007
2020-05-28,-0.169,0.005
2020-05-29,-0.164,0.009
2020-06-01,-0.169,0.014
2020-06-02,-0.17,0.013
2020-06-03,-0.17,0.018
2020-06-04,-0.166,0.034
2020-06-05,-0.151,0.049
2020-06-08,-0.152,0.05
2020-06-09,-0.162,0.025
2020-06-10,-0.157,0.031
2020-06-11,-0.162,0.017
2020-06-12,-0.158,0.021
2020-06-15,-0.17,0.011
2020-06-16,-0.165,0.028
2020-06-17,-0.165,0.027
2020-06-18,-0.165,0.022
2020-06-19,-0.161,0.022
2020-06-22,-0.162,0.02
2020-06-23,-0.157,0.02
2020-06-24,-0.152,0.025
2020-06-25,-0.145,0.025
2020-06-26,-0.142,0.02
2020-06-29,-0.148,0.025
2020-06-30,-0.14,0.042
2020-07-01,-0.145,0.062
2020-07-02,-0.14,0.042
2020-07-03,-0.145,0.022
2020-07-06,-0.137,0.043
2020-07-07,-0.132,0.036
2020-07-08,-0.133,0.018
2020-07-09,-0.138,0.018
2020-07-10,-0.143,0.018
2020-07-13,-0.139,0.029
2020-07-14,-0.145,0.024
2020-07-15,-0.144,0.024
2020-07-16,-0.15,0.014
2020-07-17,-0.15,0.014
2020-07-20,-0.142,0.025
2020-07-21,-0.143,0.016
2020-07-22,-0.136,0.016
2020-07-27,-0.135,0.021
2020-07-28,-0.135,0.027
2020-07-29,-0.133,0.023
2020-07-30,-0.134,0.023
2020-07-31,-0.144,0.018
2020-08-03,-0.14,0.029
2020-08-04,-0.136,0.019
2020-08-05,-0.131,0.014
2020-08-06,-0.126,0.024
2020-08-07,-0.126,0.014
2020-08-11,-0.118,0.034
2020-08-12,-0.112,0.048
2020-08-13,-0.123,0.04
2020-08-14,-0.117,0.054
2020-08-17,-0.119,0.05
2020-08-18,-0.124,0.044
2020-08-19,-0.119,0.034
2020-08-20,-0.115,0.034
2020-08-21,-0.115,0.039
2020-08-24,-0.117,0.03
2020-08-25,-0.114,0.038
2020-08-26,-0.112,0.05
2020-08-27,-0.115,0.05
2020-08-28,-0.115,0.065
2020-08-31,-0.115,0.056
2020-09-01,-0.12,0.051
2020-09-02,-0.12,0.05
2020-09-03,-0.12,0.04
2020-09-04,-0.125,0.045
2020-09-07,-0.126,0.051
2020-09-08,-0.131,0.045
2020-09-09,-0.131,0.034
2020-09-10,-0.132,0.033
2020-09-11,-0.142,0.029
2020-09-14,-0.143,0.027
2020-09-15,-0.143,0.027
2020-09-16,-0.143,0.028
2020-09-17,-0.144,0.022
2020-09-18,-0.144,0.023
2020-09-23,-0.148,0.02
2020-09-24,-0.148,0.019
2020-09-25,-0.156,0.02
2020-09-28,-0.145,0.036
2020-09-29,-0.144,0.031
2020-09-30,-0.14,0.027
2020-10-01,-0.13,0.022
2020-10-02,-0.14,0.017
2020-10-05,-0.136,0.023
2020-10-06,-0.126,0.033
2020-10-07,-0.126,0.038
2020-10-08,-0.132,0.037
2020-10-09,-0.127,0.032
2020-10-12,-0.138,0.029
2020-10-13,-0.144,0.028
2020-10-14,-0.139,0.03
2020-10-15,-0.145,0.023
2020-10-16,-0.145,0.024
2020-10-19,-0.141,0.025
2020-10-20,-0.141,0.024
2020-10-21,-0.131,0.034
2020-10-22,-0.137,0.034
2020-10-23,-0.131,0.04
2020-10-26,-0.133,0.035
2020-10-27,-0.13,0.03
2020-10-28,-0.13,0.025
2020-10-29,-0.13,0.031
2020-10-30,-0.125,0.041
2020-11-02,-0.125,0.046
2020-11-04,-0.121,0.042
2020-11-05,-0.136,0.023
2020-11-06,-0.146,0.022
2020-11-09,-0.147,0.022
2020-11-10,-0.143,0.038
2020-11-11,-0.138,0.043
2020-11-12,-0.143,0.033
2020-11-13,-0.149,0.027
2020-11-16,-0.149,0.027
2020-11-17,-0.15,0.027
2020-11-18,-0.15,0.023
2020-11-19,-0.145,0.017
2020-11-20,-0.151,0.018
2020-11-24,-0.145,0.028
2020-11-25,-0.148,0.023
2020-11-26,-0.153,0.029
2020-11-27,-0.13,0.035
2020-11-30,-0.13,0.034
2020-12-01,-0.13,0.025
2020-12-02,-0.13,0.029
2020-12-03,-0.125,0.028
2020-12-04,-0.131,0.029
2020-12-07,-0.137,0.029
2020-12-08,-0.137,0.023
2020-12-09,-0.137,0.026
2020-12-10,-0.137,0.022
2020-12-11,-0.142,0.022
2020-12-14,-0.143,0.023
2020-12-15,-0.144,0.012
2020-12-16,-0.134,0.017
2020-12-17,-0.134,0.016
2020-12-18,-0.139,0.017
2020-12-21,-0.132,0.022
2020-12-22,-0.137,0.016
2020-12-23,-0.138,0.017
2020-12-24,-0.13,0.028
2020-12-25,-0.13,0.027
2020-12-28,-0.13,0.028
2020-12-29,-0.124,0.035
2020-12-30,-0.125,0.035
2021-01-04,-0.121,0.033
2021-01-05,-0.126,0.021
2021-01-06,-0.121,0.027
2021-01-07,-0.117,0.037
2021-01-08,-0.122,0.038
2021-01-12,-0.128,0.033
2021-01-13,-0.13,0.028
2021-01-14,-0.124,0.033
2021-01-15,-0.129,0.033
2021-01-18,-0.13,0.049
2021-01-19,-0.125,0.044
2021-01-20,-0.131,0.04
2021-01-21,-0.136,0.034
2021-01-22,-0.137,0.04
2021-01-25,-0.138,0.04
2021-01-26,-0.138,0.035
2021-01-27,-0.133,0.041
2021-01-28,-0.129,0.041
2021-01-29,-0.129,0.056
2021-02-01,-0.125,0.061
2021-02-02,-0.125,0.057
2021-02-03,-0.125,0.062
2021-02-04,-0.131,0.061
2021-02-05,-0.131,0.061
2021-02-08,-0.127,0.071
2021-02-09,-0.127,0.072
2021-02-10,-0.123,0.082
2021-02-12,-0.133,0.067
2021-02-15,-0.13,0.083
2021-02-16,-0.131,0.083
2021-02-17,-0.119,0.104
2021-02-18,-0.126,0.099
2021-02-19,-0.12,0.108
2021-02-22,-0.112,0.124
2021-02-24,-0.113,0.125
2021-02-25,-0.1,0.149
2021-02-26,-0.114,0.168
2021-03-01,-0.12,0.16
2021-03-02,-0.125,0.135
2021-03-03,-0.115,0.123
2021-03-04,-0.121,0.143
2021-03-05,-0.131,0.095
2021-03-08,-0.122,0.12
2021-03-09,-0.118,0.137
2021-03-10,-0.117,0.131
2021-03-11,-0.124,0.11
2021-03-12,-0.128,0.121
2021-03-15,-0.139,0.116
2021-03-16,-0.15,0.107
2021-03-17,-0.145,0.102
2021-03-18,-0.14,0.111
2021-03-19,-0.136,0.123
2021-03-22,-0.142,0.088
2021-03-23,-0.137,0.088
2021-03-24,-0.141,0.078
2021-03-25,-0.133,0.092
2021-03-26,-0.138,0.088
2021-03-29,-0.139,0.079
2021-03-30,-0.126,0.099
2021-03-31,-0.13,0.104
2021-04-01,-0.125,0.122
2021-04-02,-0.125,0.117
2021-04-05,-0.12,0.117
2021-04-06,-0.121,0.107
2021-04-07,-0.121,0.098
2021-04-08,-0.126,0.099
2021-04-09,-0.126,0.102
2021-04-12,-0.126,0.108
2021-04-13,-0.132,0.103
2021-04-14,-0.132,0.089
2021-04-15,-0.133,0.089
2021-04-16,-0.133,0.089
2021-04-19,-0.132,0.084
2021-04-20,-0.129,0.084
2021-04-21,-0.134,0.075
2021-04-22,-0.135,0.07
2021-04-23,-0.135,0.07
2021-04-26,-0.136,0.075
2021-04-27,-0.136,0.086
2021-04-28,-0.13,0.095
2021-04-30,-0.13,0.095
2021-05-06,-0.126,0.091
2021-05-07,-0.131,0.086
2021-05-10,-0.132,0.087
2021-05-11,-0.132,0.077
2021-05-12,-0.127,0.082
2021-05-13,-0.127,0.098
2021-05-14,-0.128,0.087
2021-05-17,-0.13,0.082
2021-05-18,-0.129,0.082
2021-05-19,-0.129,0.077
2021-05-20,-0.129,0.088
2021-05-21,-0.129,0.086
2021-05-24,-0.13,0.083
2021-05-25,-0.13,0.078
2021-05-26,-0.13,0.077
2021-05-27,-0.136,0.079
2021-05-28,-0.136,0.089
2021-05-31,-0.125,0.084
2021-06-01,-0.125,0.085
2021-06-02,-0.125,0.084
2021-06-03,-0.12,0.09
2021-06-04,-0.12,0.092
2021-06-07,-0.12,0.084
2021-06-08,-0.121,0.08
2021-06-09,-0.121,0.075
2021-06-10,-0.126,0.056
2021-06-11,-0.126,0.04
2021-06-14,-0.126,0.045
2021-06-15,-0.127,0.056
2021-06-16,-0.128,0.056
2021-06-17,-0.123,0.07
2021-06-18,-0.123,0.066
2021-06-21,-0.121,0.053
2021-06-22,-0.115,0.063
2021-06-23,-0.116,0.063
2021-06-24,-0.116,0.064
2021-06-25,-0.116,0.059
2021-06-28,-0.115,0.07
2021-06-29,-0.114,0.07
2021-06-30,-0.115,0.07
2021-07-01,-0.12,0.052
2021-07-02,-0.12,0.042
2021-07-05,-0.116,0.032
2021-07-06,-0.111,0.043
2021-07-07,-0.111,0.033
2021-07-08,-0.117,0.028
2021-07-09,-0.117,0.029
2021-07-12,-0.117,0.028
2021-07-13,-0.122,0.023
2021-07-14,-0.128,0.019
2021-07-15,-0.128,0.014
2021-07-16,-0.128,0.019
2021-07-19,-0.134,0.018
2021-07-20,-0.134,0.014
2021-07-21,-0.134,0.015
2021-07-26,-0.135,0.015
2021-07-27,-0.13,0.02
2021-07-28,-0.13,0.016
2021-07-29,-0.125,0.022
2021-07-30,-0.125,0.022
2021-08-02,-0.13,0.022
2021-08-03,-0.125,0.012
2021-08-04,-0.13,0.007
2021-08-05,-0.136,0.012
2021-08-06,-0.136,0.017
2021-08-10,-0.131,0.028
2021-08-11,-0.131,0.044
2021-08-12,-0.131,0.028
2021-08-13,-0.136,0.029
2021-08-16,-0.136,0.018
2021-08-17,-0.142,0.012
2021-08-18,-0.142,0.018
2021-08-19,-0.142,0.018
2021-08-20,-0.142,0.013
2021-08-23,-0.139,0.025
2021-08-24,-0.139,0.025
2021-08-25,-0.138,0.026
2021-08-26,-0.133,0.024
2021-08-27,-0.133,0.029
2021-08-30,-0.128,0.025
2021-08-31,-0.13,0.03
2021-09-01,-0.13,0.035
2021-09-02,-0.13,0.04
2021-09-03,-0.125,0.046
2021-09-06,-0.12,0.051
2021-09-07,-0.125,0.046
2021-09-08,-0.125,0.053
2021-09-09,-0.125,0.047
2021-09-10,-0.125,0.051
2021-09-13,-0.126,0.051
2021-09-14,-0.126,0.051
2021-09-15,-0.131,0.041
2021-09-16,-0.127,0.052
2021-09-17,-0.127,0.057
2021-09-21,-0.133,0.047
2021-09-22,-0.133,0.044
2021-09-24,-0.128,0.063
2021-09-27,-0.129,0.063
2021-09-28,-0.129,0.084
2021-09-29,-0.125,0.08
2021-09-30,-0.115,0.081
2021-10-01,-0.125,0.064
2021-10-04,-0.12,0.059
2021-10-05,-0.12,0.062
2021-10-06,-0.116,0.083
2021-10-07,-0.121,0.073
2021-10-08,-0.116,0.083
2021-10-11,-0.116,0.093
2021-10-12,-0.116,0.093
2021-10-13,-0.117,0.088
2021-10-14,-0.117,0.084
2021-10-15,-0.117,0.079
2021-10-18,-0.119,0.094
2021-10-19,-0.12,0.09
2021-10-20,-0.114,0.095
2021-10-21,-0.114,0.09
2021-10-22,-0.114,0.095
2021-10-25,-0.108,0.1
2021-10-26,-0.11,0.104
2021-10-27,-0.101,0.101
2021-10-28,-0.105,0.091
2021-10-29,-0.105,0.101
2021-11-01,-0.105,0.097
2021-11-02,-0.105,0.087
2021-11-04,-0.1,0.081
2021-11-05,-0.11,0.067
2021-11-08,-0.117,0.062
2021-11-09,-0.116,0.068
2021-11-10,-0.116,0.062
2021-11-11,-0.116,0.072
2021-11-12,-0.116,0.078
2021-11-15,-0.123,0.072
2021-11-16,-0.125,0.078
2021-11-17,-0.128,0.079
2021-11-18,-0.125,0.089
2021-11-19,-0.129,0.083
2021-11-22,-0.135,0.079
2021-11-24,-0.13,0.091
2021-11-25,-0.125,0.09
2021-11-26,-0.132,0.079
2021-11-29,-0.131,0.081
2021-11-30,-0.12,0.067
2021-12-01,-0.12,0.072
2021-12-02,-0.12,0.066
2021-12-03,-0.115,0.063
2021-12-06,-0.116,0.048
2021-12-07,-0.116,0.063
2021-12-08,-0.111,0.058
2021-12-09,-0.106,0.058
2021-12-10,-0.107,0.063
2021-12-13,-0.107,0.058
2021-12-14,-0.112,0.06
2021-12-15,-0.112,0.059
2021-12-16,-0.113,0.054
2021-12-17,-0.112,0.06
2021-12-20,-0.113,0.05
2021-12-21,-0.107,0.067
2021-12-22,-0.103,0.072
2021-12-23,-0.097,0.078
2021-12-24,-0.099,0.079
2021-12-27,-0.095,0.078
2021-12-28,-0.095,0.078
2021-12-29,-0.1,0.073
2021-12-30,-0.095,0.089
2022-01-04,-0.085,0.104
2022-01-05,-0.086,0.098
2022-01-06,-0.081,0.118
2022-01-07,-0.076,0.133
2022-01-11,-0.078,0.153
2022-01-12,-0.083,0.129
2022-01-13,-0.083,0.129
2022-01-14,-0.073,0.15
2022-01-17,-0.074,0.145
2022-01-18,-0.075,0.15
2022-01-19,-0.08,0.139
2022-01-20,-0.075,0.145
2022-01-21,-0.076,0.135
2022-01-24,-0.071,0.141
2022-01-25,-0.071,0.141
2022-01-26,-0.071,0.141
2022-01-27,-0.055,0.161
2022-01-28,-0.055,0.172
2022-01-31,-0.055,0.177
2022-02-01,-0.05,0.187
2022-02-02,-0.05,0.182
2022-02-03,-0.05,0.182
2022-02-04,-0.045,0.203
2022-02-07,-0.045,0.202
2022-02-08,-0.04,0.213
2022-02-09,-0.04,0.212
2022-02-10,-0.031,0.233
2022-02-14,-0.029,0.223
2022-02-15,-0.024,0.219
2022-02-16,-0.019,0.223
2022-02-17,-0.008,0.227
2022-02-18,-0.008,0.223
2022-02-21,-0.015,0.213
2022-02-22,-0.026,0.197
2022-02-24,-0.026,0.193
2022-02-25,-0.025,0.214
2022-02-28,-0.035,0.191
2022-03-01,-0.035,0.186
2022-03-02,-0.045,0.144
2022-03-03,-0.035,0.178
2022-03-04,-0.04,0.164
2022-03-07,-0.05,0.153
2022-03-08,-0.045,0.165
2022-03-09,-0.04,0.174
2022-03-10,-0.03,0.198
2022-03-11,-0.03,0.193
2022-03-14,-0.03,0.204
2022-03-15,-0.025,0.219
2022-03-16,-0.025,0.213
2022-03-17,-0.025,0.213
2022-03-18,-0.018,0.218
2022-03-22,-0.018,0.229
2022-03-23,-0.023,0.234
2022-03-24,-0.023,0.243
2022-03-25,-0.023,0.248
2022-03-28,-0.018,0.263
2022-03-29,-0.021,0.255
2022-03-30,-0.031,0.224
2022-03-31,-0.03,0.218
2022-04-01,-0.04,0.226
2022-04-04,-0.04,0.223
2022-04-05,-0.04,0.212
2022-04-06,-0.035,0.238
2022-04-07,-0.04,0.232
2022-04-08,-0.08,0.227
2022-04-11,-0.086,0.236
2022-04-12,-0.08,0.241
2022-04-13,-0.065,0.236
2022-04-14,-0.061,0.237
2022-04-15,-0.061,0.242
2022-04-18,-0.056,0.242
2022-04-19,-0.046,0.244
2022-04-20,-0.046,0.253
2022-04-21,-0.049,0.249
2022-04-22,-0.057,0.25
2022-04-25,-0.052,0.25
2022-04-26,-0.057,0.251
2022-04-27,-0.056,0.25
2022-04-28,-0.06,0.22
2022-05-02,-0.05,0.231
2022-05-06,-0.045,0.247
2022-05-09,-0.046,0.253
2022-05-10,-0.046,0.253
2022-05-11,-0.046,0.253
2022-05-12,-0.051,0.251
2022-05-13,-0.057,0.247
2022-05-16,-0.056,0.247
2022-05-17,-0.056,0.247
2022-05-18,-0.056,0.246
2022-05-19,-0.056,0.246
2022-05-20,-0.056,0.243
2022-05-23,-0.062,0.244
2022-05-24,-0.067,0.239
2022-05-25,-0.075,0.215
2022-05-26,-0.062,0.24
2022-05-27,-0.067,0.236
2022-05-30,-0.068,0.241
2022-05-31,-0.07,0.246
2022-06-01,-0.075,0.242
2022-06-02,-0.07,0.251
2022-06-03,-0.07,0.241
2022-06-06,-0.065,0.252
2022-06-07,-0.07,0.257
2022-06-08,-0.07,0.257
2022-06-09,-0.075,0.255
2022-06-10,-0.081,0.261
2022-06-13,-0.051,0.264
2022-06-14,-0.05,0.264
2022-06-15,-0.06,0.271
2022-06-16,-0.084,0.269
2022-06-17,-0.071,0.239
2022-06-20,-0.059,0.248
2022-06-21,-0.066,0.252
2022-06-22,-0.079,0.255
2022-06-23,-0.085,0.246
2022-06-24,-0.079,0.24
2022-06-27,-0.066,0.252
2022-06-28,-0.045,0.252
2022-06-29,-0.05,0.246
2022-06-30,-0.065,0.242
2022-07-01,-0.07,0.229
2022-07-04,-0.065,0.235
2022-07-05,-0.06,0.253
2022-07-06,-0.065,0.248
2022-07-07,-0.071,0.249
2022-07-08,-0.07,0.248
2022-07-11,-0.07,0.244
2022-07-12,-0.07,0.244
2022-07-13,-0.076,0.235
2022-07-14,-0.06,0.235
2022-07-15,-0.061,0.235
2022-07-19,-0.077,0.238
2022-07-20,-0.077,0.244
2022-07-21,-0.075,0.239
2022-07-22,-0.077,0.222
2022-07-25,-0.075,0.208
2022-07-26,-0.077,0.215
2022-07-27,-0.078,0.211
2022-07-28,-0.076,0.209
2022-07-29,-0.09,0.185
2022-08-01,-0.09,0.19
2022-08-02,-0.09,0.18
2022-08-03,-0.085,0.195
2022-08-04,-0.095,0.181
2022-08-05,-0.1,0.172
2022-08-08,-0.101,0.182
2022-08-09,-0.101,0.172
2022-08-10,-0.09,0.202
2022-08-12,-0.086,0.197
2022-08-15,-0.085,0.197
2022-08-16,-0.09,0.178
2022-08-17,-0.09,0.192
2022-08-18,-0.086,0.208
2022-08-19,-0.086,0.208
2022-08-22,-0.081,0.235
2022-08-23,-0.086,0.231
2022-08-24,-0.086,0.236
2022-08-25,-0.087,0.241
2022-08-26,-0.087,0.23
2022-08-29,-0.079,0.254
2022-08-30,-0.09,0.234
2022-08-31,-0.085,0.235
2022-09-01,-0.08,0.25
2022-09-02,-0.085,0.25
2022-09-05,-0.085,0.245
2022-09-06,-0.081,0.253
2022-09-07,-0.081,0.263
2022-09-08,-0.081,0.263
2022-09-09,-0.081,0.265
2022-09-12,-0.076,0.265
2022-09-13,-0.076,0.26
2022-09-14,-0.076,0.27
2022-09-15,-0.076,0.272
2022-09-16,-0.071,0.273
2022-09-20,-0.07,0.274
2022-09-21,-0.055,0.287
2022-09-22,-0.066,0.27
2022-09-26,-0.056,0.287
2022-09-27,-0.045,0.294
2022-09-28,-0.04,0.284
2022-09-29,-0.05,0.283
2022-09-30,-0.05,0.277
2022-10-03,-0.055,0.267
2022-10-04,-0.06,0.249
2022-10-05,-0.065,0.249
2022-10-06,-0.07,0.249
2022-10-07,-0.065,0.25
2022-10-11,-0.054,0.256
2022-10-12,-0.054,0.257
2022-10-13,-0.05,0.252
2022-10-14,-0.05,0.253
2022-10-17,-0.05,0.259
2022-10-18,-0.05,0.259
2022-10-19,-0.034,0.259
2022-10-20,-0.021,0.261
2022-10-21,-0.003,0.261
2022-10-24,0.001,0.263
2022-10-25,-0.008,0.263
2022-10-26,-0.019,0.264
2022-10-27,-0.044,0.265
2022-10-28,-0.049,0.254
2022-10-31,-0.045,0.253
2022-11-01,-0.045,0.264
2022-11-02,-0.04,0.258
2022-11-04,-0.04,0.263
2022-11-07,-0.04,0.265
2022-11-08,-0.04,0.267
2022-11-09,-0.05,0.267
2022-11-10,-0.05,0.263
2022-11-11,-0.056,0.252
2022-11-14,-0.05,0.259
2022-11-15,-0.047,0.259
2022-11-16,-0.042,0.26
2022-11-17,-0.041,0.261
2022-11-18,-0.019,0.267
2022-11-21,-0.014,0.263
2022-11-22,-0.019,0.263
2022-11-24,-0.024,0.268
2022-11-25,-0.018,0.275
2022-11-28,-0.019,0.278
2022-11-29,-0.03,0.278
2022-11-30,-0.03,0.276
2022-12-01,-0.03,0.276
2022-12-02,-0.025,0.279
2022-12-05,-0.02,0.281
2022-12-06,-0.01,0.282
2022-12-07,-0.009,0.281
2022-12-08,-0.009,0.278
2022-12-09,-0.015,0.277
2022-12-12,-0.014,0.28
2022-12-13,-0.015,0.278
2022-12-14,-0.015,0.277
2022-12-15,-0.015,0.281
2022-12-16,-0.019,0.28
2022-12-19,-0.009,0.282
2022-12-20,0.011,0.432
2022-12-21,-0.009,0.517
2022-12-22,0.002,0.431
2022-12-23,0.014,0.424
2022-12-26,0.033,0.482
2022-12-27,0.038,0.501
2022-12-28,0.039,0.493
2022-12-29,0.039,0.489
2022-12-30,0.03,0.454
2023-01-04,0.025,0.491
2023-01-05,0.015,0.508
2023-01-06,0.011,0.508
2023-01-10,0.026,0.509
2023-01-11,0.026,0.509
2023-01-12,0.041,0.509
2023-01-13,0.032,0.508
2023-01-16,0.032,0.51
2023-01-17,0.041,0.512
2023-01-18,0.006,0.43
2023-01-19,-0.001,0.422
2023-01-20,-0.004,0.418
2023-01-23,-0.015,0.396
2023-01-24,-0.005,0.427
2023-01-25,-0.01,0.457
2023-01-26,-0.009,0.483
2023-01-27,0.001,0.497
2023-01-30,-0.004,0.497
2023-01-31,-0.01,0.511
2023-02-01,-0.02,0.5
2023-02-02,-0.02,0.515
2023-02-03,-0.03,0.503
2023-02-06,-0.025,0.511
2023-02-07,-0.029,0.511
2023-02-08,-0.029,0.511
2023-02-09,-0.035,0.511
2023-02-10,-0.045,0.514
2023-02-13,-0.055,0.524
2023-02-14,-0.056,0.524
2023-02-15,-0.051,0.525
2023-02-16,-0.047,0.526
2023-02-17,-0.047,0.528
2023-02-20,-0.043,0.53
2023-02-21,-0.029,0.531
2023-02-22,-0.029,0.531
2023-02-24,-0.029,0.53
2023-02-27,-0.028,0.532
2023-02-28,-0.026,0.524
2023-03-01,-0.035,0.525
2023-03-02,-0.035,0.527
2023-03-03,-0.04,0.527
2023-03-06,-0.039,0.53
2023-03-07,-0.039,0.528
2023-03-08,-0.04,0.529
2023-03-09,-0.019,0.53
2023-03-10,-0.03,0.428
2023-03-13,-0.025,0.342
2023-03-14,-0.04,0.314
2023-03-15,-0.051,0.36
2023-03-16,-0.07,0.325
2023-03-17,-0.075,0.317
2023-03-20,-0.077,0.281
2023-03-22,-0.056,0.378
2023-03-23,-0.063,0.339
2023-03-24,-0.067,0.321
2023-03-27,-0.067,0.33
2023-03-28,-0.059,0.337
2023-03-29,-0.07,0.335
2023-03-30,-0.061,0.362
2023-03-31,-0.061,0.389
2023-04-03,-0.04,0.422
2023-04-04,-0.025,0.478
2023-04-05,-0.03,0.473
2023-04-06,-0.045,0.472
2023-04-07,-0.06,0.462
2023-04-10,-0.045,0.468
2023-04-11,-0.046,0.459
2023-04-12,-0.045,0.469
2023-04-13,-0.05,0.465
2023-04-14,-0.04,0.465
2023-04-17,-0.035,0.489
2023-04-18,-0.04,0.48
2023-04-19,-0.04,0.48
2023-04-20,-0.04,0.48
2023-04-21,-0.035,0.47
2023-04-24,-0.038,0.476
2023-04-25,-0.035,0.486
2023-04-26,-0.04,0.466
2023-04-27,-0.04,0.466
2023-04-28,-0.045,0.403
2023-05-01,-0.045,0.413
2023-05-02,-0.035,0.428
2023-05-08,-0.035,0.424
2023-05-09,-0.03,0.435
2023-05-10,-0.04,0.425
2023-05-11,-0.045,0.399
2023-05-12,-0.055,0.396
2023-05-15,-0.049,0.421
2023-05-16,-0.054,0.406
2023-05-17,-0.066,0.375
2023-05-18,-0.061,0.395
2023-05-19,-0.061,0.415
2023-05-22,-0.066,0.397
2023-05-23,-0.061,0.41
2023-05-24,-0.066,0.421
2023-05-25,-0.066,0.441
2023-05-26,-0.066,0.432
2023-05-29,-0.061,0.453
2023-05-30,-0.055,0.448
2023-05-31,-0.06,0.448
2023-06-01,-0.065,0.434
2023-06-02,-0.075,0.43
2023-06-05,-0.065,0.45
2023-06-06,-0.065,0.44
2023-06-07,-0.06,0.434
2023-06-08,-0.06,0.455
2023-06-09,-0.065,0.451
2023-06-12,-0.07,0.446
2023-06-13,-0.075,0.438
2023-06-14,-0.071,0.447
2023-06-15,-0.064,0.447
2023-06-16,-0.065,0.422
2023-06-19,-0.066,0.413
2023-06-20,-0.066,0.406
2023-06-21,-0.069,0.393
2023-06-22,-0.071,0.395
2023-06-23,-0.074,0.39
2023-06-26,-0.077,0.378
2023-06-27,-0.074,0.398
2023-06-28,-0.064,0.414
2023-06-29,-0.07,0.409
2023-06-30,-0.075,0.426
2023-07-03,-0.065,0.432
2023-07-04,-0.07,0.4
2023-07-05,-0.07,0.384
2023-07-06,-0.06,0.409
2023-07-07,-0.039,0.439
2023-07-10,-0.029,0.468
2023-07-11,-0.039,0.454
2023-07-12,-0.034,0.48
2023-07-13,-0.034,0.47
2023-07-14,-0.038,0.48
2023-07-18,-0.033,0.485
2023-07-19,-0.037,0.466
2023-07-20,-0.037,0.465
2023-07-21,-0.026,0.481
2023-07-24,-0.036,0.461
2023-07-25,-0.038,0.466
2023-07-26,-0.038,0.451
2023-07-27,-0.04,0.443
2023-07-28,-0.015,0.551
2023-07-31,0.0,0.605
2023-08-01,0.0,0.596
2023-08-02,0.01,0.63
2023-08-03,0.02,0.654
2023-08-04,0.021,0.643
2023-08-07,0.017,0.625
2023-08-08,0.012,0.61
2023-08-09,0.006,0.572
2023-08-10,0.012,0.591
2023-08-14,0.017,0.621
2023-08-15,0.016,0.632
2023-08-16,0.017,0.631
2023-08-17,0.028,0.657
2023-08-18,0.022,0.632
2023-08-21,0.029,0.657
2023-08-22,0.025,0.673
2023-08-23,0.024,0.682
2023-08-24,0.01,0.654
2023-08-25,0.01,0.663
2023-08-28,0.011,0.669
2023-08-29,0.019,0.65
2023-08-30,0.029,0.661
2023-08-31,0.025,0.657
2023-09-01,0.02,0.636
2023-09-04,0.016,0.652
2023-09-05,0.016,0.666
2023-09-06,0.017,0.662
2023-09-07,0.012,0.667
2023-09-08,0.007,0.658
2023-09-11,0.043,0.715
2023-09-12,0.033,0.716
2023-09-13,0.028,0.715
2023-09-14,0.029,0.715
2023-09-15,0.03,0.715
2023-09-19,0.035,0.727
2023-09-20,0.026,0.731
2023-09-21,0.035,0.758
2023-09-22,0.035,0.754
2023-09-25,0.033,0.738
2023-09-26,0.034,0.752
2023-09-27,0.034,0.747
2023-09-28,0.044,0.765
2023-09-29,0.044,0.774
2023-10-02,0.055,0.779
2023-10-03,0.051,0.764
2023-10-04,0.061,0.808
2023-10-05,0.061,0.803
2023-10-06,0.061,0.802
2023-10-10,0.058,0.776
2023-10-11,0.058,0.776
2023-10-12,0.047,0.756
2023-10-13,0.044,0.765
2023-10-16,0.043,0.757
2023-10-17,0.059,0.787
2023-10-18,0.07,0.811
2023-10-19,0.081,0.845
2023-10-20,0.075,0.841
2023-10-23,0.087,0.865
2023-10-24,0.082,0.846
2023-10-25,0.077,0.856
2023-10-26,0.093,0.884
2023-10-27,0.094,0.875
2023-10-30,0.119,0.895
2023-10-31,0.149,0.952
2023-11-01,0.155,0.959
2023-11-02,0.135,0.92
2023-11-06,0.127,0.876
2023-11-07,0.127,0.882
2023-11-08,0.117,0.852
2023-11-09,0.107,0.843
2023-11-10,0.108,0.859
2023-11-13,0.103,0.879
2023-11-14,0.093,0.86
2023-11-15,0.069,0.807
2023-11-16,0.057,0.798
2023-11-17,0.046,0.765
2023-11-20,0.046,0.756
2023-11-21,0.036,0.712
2023-11-22,0.052,0.742
2023-11-24,0.068,0.786
2023-11-27,0.068,0.787
2023-11-28,0.065,0.768
2023-11-29,0.048,0.695
2023-11-30,0.049,0.691
2023-12-01,0.04,0.72
2023-12-04,0.031,0.712
2023-12-05,0.036,0.687
2023-12-06,0.036,0.667
2023-12-07,0.087,0.771
2023-12-08,0.092,0.791
2023-12-11,0.088,0.798
2023-12-12,0.067,0.758
2023-12-13,0.048,0.709
2023-12-14,0.057,0.693
2023-12-15,0.087,0.728
2023-12-18,0.079,0.689
2023-12-19,0.068,0.663
2023-12-20,0.033,0.581
2023-12-21,0.037,0.61
2023-12-22,0.046,0.651
2023-12-25,0.038,0.637
2023-12-26,0.065,0.657
2023-12-27,0.05,0.624
2023-12-28,0.037,0.616
2023-12-29,0.048,0.647
2024-01-04,0.05,0.649
2024-01-05,0.035,0.634
2024-01-09,0.025,0.614
2024-01-10,0.025,0.621
2024-01-11,0.015,0.605
2024-01-12,0.005,0.591
2024-01-15,-0.001,0.563
2024-01-16,0.02,0.596
2024-01-17,0.025,0.612
2024-01-18,0.036,0.656
2024-01-19,0.031,0.671
2024-01-22,0.025,0.657
2024-01-23,0.025,0.643
2024-01-24,0.07,0.721
2024-01-25,0.067,0.75
2024-01-26,0.052,0.721
2024-01-29,0.063,0.727
2024-01-30,0.074,0.714
2024-01-31,0.094,0.737
2024-02-01,0.085,0.699
2024-02-02,0.1,0.667
2024-02-05,0.111,0.725
2024-02-06,0.106,0.725
2024-02-07,0.101,0.714
2024-02-08,0.101,0.706
2024-02-09,0.116,0.731
2024-02-13,0.128,0.736
2024-02-14,0.143,0.764
2024-02-15,0.137,0.736
2024-02-16,0.143,0.737
2024-02-19,0.15,0.738
2024-02-20,0.151,0.742
2024-02-21,0.155,0.732
2024-02-22,0.158,0.727
2024-02-26,0.159,0.699
2024-02-27,0.173,0.704
2024-02-28,0.166,0.709
2024-02-29,0.19,0.724
2024-03-01,0.18,0.728
2024-03-04,0.176,0.725
2024-03-05,0.175,0.714
2024-03-06,0.186,0.725
2024-03-07,0.191,0.741
2024-03-08,0.202,0.746
2024-03-11,0.202,0.777
2024-03-12,0.197,0.783
2024-03-13,0.197,0.773
2024-03-14,0.198,0.792
2024-03-15,0.193,0.802
2024-03-18,0.188,0.774
2024-03-19,0.178,0.744
2024-03-21,0.205,0.762
2024-03-22,0.206,0.762
2024-03-25,0.206,0.752
2024-03-26,0.207,0.757
2024-03-27,0.204,0.738
2024-03-28,0.196,0.73
2024-03-29,0.189,0.75
2024-04-01,0.195,0.765
2024-04-02,0.2,0.77
2024-04-03,0.191,0.77
2024-04-04,0.196,0.78
2024-04-05,0.211,0.771
2024-04-08,0.228,0.792
2024-04-09,0.223,0.786
2024-04-10,0.233,0.801
2024-04-11,0.27,0.854
2024-04-12,0.281,0.864
2024-04-15,0.275,0.864
2024-04-16,0.281,0.87
2024-04-17,0.288,0.889
2024-04-18,0.278,0.871
2024-04-19,0.263,0.837
2024-04-22,0.29,0.885
2024-04-23,0.297,0.886
2024-04-24,0.298,0.891
2024-04-25,0.298,0.896
2024-04-26,0.298,0.925
2024-04-30,0.275,0.879
2024-05-01,0.29,0.898
2024-05-02,0.29,0.908
2024-05-07,0.282,0.881
2024-05-08,0.288,0.887
2024-05-09,0.313,0.916
2024-05-10,0.319,0.917
2024-05-13,0.335,0.946
2024-05-14,0.346,0.969
2024-05-15,0.341,0.962
2024-05-16,0.326,0.934
2024-05-17,0.337,0.957
2024-05-20,0.349,0.987
2024-05-21,0.349,0.992
2024-05-22,0.356,1.007
2024-05-23,0.345,1.011
2024-05-24,0.345,1.016
2024-05-27,0.357,1.031
2024-05-28,0.357,1.047
2024-05-29,0.387,1.084
2024-05-30,0.399,1.066
2024-05-31,0.399,1.08
2024-06-03,0.401,1.071
2024-06-04,0.386,1.043
2024-06-05,0.356,1.014
2024-06-06,0.336,0.972
2024-06-07,0.351,0.986
2024-06-10,0.383,1.045
2024-06-11,0.372,1.035
2024-06-12,0.343,1.0
2024-06-13,0.332,0.982
2024-06-14,0.302,0.95
2024-06-17,0.291,0.947
2024-06-18,0.288,0.963
2024-06-19,0.286,0.955
2024-06-20,0.292,0.973
2024-06-21,0.313,0.999
2024-06-24,0.309,1.01
2024-06-25,0.306,1.02
2024-06-26,0.312,1.044
2024-06-27,0.372,1.092
2024-06-28,0.353,1.062
2024-07-01,0.36,1.083
2024-07-02,0.365,1.104
2024-07-03,0.35,1.1
2024-07-04,0.34,1.086
2024-07-05,0.346,1.072
2024-07-08,0.362,1.092
2024-07-09,0.353,1.079
2024-07-10,0.343,1.093
2024-07-11,0.343,1.089
2024-07-12,0.333,1.055
2024-07-16,0.32,1.032
2024-07-17,0.33,1.042
2024-07-18,0.347,1.047
2024-07-19,0.352,1.053
2024-07-22,0.348,1.063
2024-07-23,0.362,1.073
2024-07-24,0.379,1.084
2024-07-25,0.403,1.078
2024-07-26,0.408,1.068
2024-07-29,0.394,1.041
2024-07-30,0.374,1.012
2024-07-31,0.45,1.07
2024-08-01,0.46,1.046
2024-08-02,0.41,0.974
2024-08-05,0.265,0.781
2024-08-06,0.29,0.908
2024-08-07,0.27,0.899
2024-08-08,0.269,0.855
2024-08-09,0.301,0.881
2024-08-13,0.3,0.869
2024-08-14,0.296,0.833
2024-08-15,0.321,0.861
2024-08-16,0.357,0.898
2024-08-19,0.374,0.914
2024-08-20,0.363,0.916
2024-08-21,0.352,0.896
2024-08-22,0.363,0.9
2024-08-23,0.372,0.919
2024-08-26,0.364,0.91
2024-08-27,0.367,0.906
2024-08-28,0.38,0.921
2024-08-29,0.368,0.917
2024-08-30,0.363,0.922
2024-09-02,0.37,0.936
2024-09-03,0.39,0.952
2024-09-04,0.375,0.917
2024-09-05,0.375,0.904
2024-09-06,0.38,0.88
2024-09-09,0.396,0.925
2024-09-10,0.396,0.926
2024-09-11,0.38,0.886
2024-09-12,0.391,0.896
2024-09-13,0.392,0.878
2024-09-17,0.387,0.863
2024-09-18,0.38,0.86
2024-09-19,0.389,0.889
2024-09-20,0.395,0.898
2024-09-24,0.35,0.848
2024-09-25,0.355,0.852
2024-09-26,0.349,0.872
2024-09-27,0.323,0.849
2024-09-30,0.394,0.894
2024-10-01,0.39,0.894
2024-10-02,0.365,0.859
2024-10-03,0.365,0.867
2024-10-04,0.37,0.886
2024-10-07,0.407,0.926
2024-10-08,0.402,0.926
2024-10-09,0.402,0.936
2024-10-10,0.412,0.96
2024-10-11,0.412,0.95
2024-10-15,0.423,0.976
2024-10-16,0.423,0.957
2024-10-17,0.434,0.967
2024-10-18,0.438,0.972
2024-10-21,0.433,0.963
2024-10-22,0.454,0.983
2024-10-23,0.449,0.983
2024-10-24,0.449,0.964
2024-10-25,0.449,0.955
2024-10-28,0.461,0.981
2024-10-29,0.453,0.981
2024-10-30,0.443,0.961
2024-10-31,0.434,0.947
2024-11-01,0.465,0.952
2024-11-05,0.455,0.944
2024-11-06,0.48,0.993
2024-11-07,0.501,1.016
2024-11-08,0.501,1.011
2024-11-11,0.501,1.009
2024-11-12,0.501,1.019
2024-11-13,0.527,1.053
2024-11-14,0.532,1.069
2024-11-15,0.552,1.082
2024-11-18,0.553,1.083
2024-11-19,0.554,1.078
2024-11-20,0.554,1.077
2024-11-21,0.58,1.106
2024-11-22,0.59,1.092
2024-11-25,0.59,1.084
2024-11-26,0.592,1.074
2024-11-27,0.596,1.083
2024-11-28,0.581,1.065
2024-11-29,0.599,1.064
2024-12-02,0.62,1.091
2024-12-03,0.61,1.091
2024-12-04,0.585,1.068
2024-12-05,0.6,1.082
2024-12-06,0.59,1.068
2024-12-09,0.575,1.054
2024-12-10,0.585,1.078
2024-12-11,0.591,1.083
2024-12-12,0.579,1.065
2024-12-13,0.564,1.055
2024-12-16,0.585,1.084
2024-12-17,0.595,1.094
2024-12-18,0.589,1.079
2024-12-19,0.606,1.097
2024-12-20,0.576,1.07
2024-12-23,0.588,1.081
2024-12-24,0.588,1.086
2024-12-25,0.588,1.086
2024-12-26,0.602,1.103
2024-12-27,0.602,1.119
2024-12-30,0.599,1.111
2025-01-06,0.626,1.145
2025-01-07,0.632,1.148
2025-01-08,0.648,1.182
2025-01-09,0.643,1.178
2025-01-10,0.649,1.202
2025-01-14,0.687,1.246
2025-01-15,0.707,1.255
2025-01-16,0.698,1.207
2025-01-17,0.693,1.207
2025-01-20,0.683,1.199
2025-01-21,0.677,1.194
2025-01-22,0.698,1.205
2025-01-23,0.704,1.215
2025-01-24,0.718,1.238
2025-01-27,0.705,1.225
2025-01-28,0.695,1.201
2025-01-29,0.704,1.201
2025-01-30,0.718,1.221
2025-01-31,0.729,1.25
2025-02-03,0.72,1.254
2025-02-04,0.741,1.282
2025-02-05,0.756,1.289
2025-02-06,0.762,1.27
2025-02-07,0.798,1.307
2025-02-10,0.798,1.318
2025-02-12,0.799,1.346
2025-02-13,0.794,1.357
2025-02-14,0.794,1.357
2025-02-17,0.809,1.39
2025-02-18,0.827,1.432
2025-02-19,0.82,1.432
2025-02-20,0.821,1.441
2025-02-21,0.818,1.427
2025-02-25,0.803,1.387
2025-02-26,0.801,1.373
2025-02-27,0.826,1.398
2025-02-28,0.806,1.378
2025-03-03,0.825,1.412
2025-03-04,0.831,1.428
2025-03-05,0.831,1.448
2025-03-06,0.852,1.517
2025-03-07,0.848,1.523
2025-03-10,0.875,1.575
2025-03-11,0.834,1.511
2025-03-12,0.85,1.527
2025-03-13,0.861,1.549
2025-03-14,0.84,1.522
2025-03-17,0.811,1.513
2025-03-18,0.815,1.507
2025-03-19,0.842,1.52
2025-03-21,0.854,1.527
2025-03-24,0.871,1.549
2025-03-25,0.887,1.578
2025-03-26,0.892,1.583
2025-03-27,0.893,1.588
2025-03-28,0.877,1.551
2025-03-31,0.854,1.497
2025-04-01,0.855,1.511
2025-04-02,0.834,1.481
2025-04-03,0.754,1.366
2025-04-04,0.612,1.176
2025-04-07,0.586,1.129
2025-04-08,0.647,1.268
2025-04-09,0.611,1.284
2025-04-10,0.676,1.379
2025-04-11,0.611,1.357
2025-04-14,0.589,1.35
2025-04-15,0.646,1.377
2025-04-16,0.615,1.305
2025-04-17,0.65,1.32
2025-04-18,0.636,1.302
2025-04-21,0.649,1.302
2025-04-22,0.67,1.323
2025-04-23,0.684,1.34
2025-04-24,0.679,1.328
2025-04-25,0.689,1.347
2025-04-28,0.686,1.329
2025-04-30,0.676,1.33
2025-05-01,0.629,1.291
2025-05-02,0.609,1.283
2025-05-07,0.609,1.318
2025-05-08,0.619,1.343
2025-05-09,0.634,1.37
2025-05-12,0.66,1.405
2025-05-13,0.718,1.46
2025-05-14,0.706,1.466
2025-05-15,0.717,1.489
2025-05-16,0.707,1.466
2025-05-19,0.718,1.494
2025-05-20,0.728,1.53
2025-05-21,0.72,1.53
2025-05-22,0.737,1.573
2025-05-23,0.731,1.559
2025-05-26,0.728,1.522
2025-05-27,0.739,1.479
2025-05-28,0.753,1.531
2025-05-29,0.758,1.532
2025-05-30,0.75,1.518
2025-06-02,0.755,1.523
2025-06-03,0.755,1.499
2025-06-04,0.765,1.518
2025-06-05,0.755,1.481
2025-06-06,0.76,1.477
2025-06-09,0.775,1.491
2025-06-10,0.771,1.498
2025-06-11,0.756,1.48
2025-06-12,0.756,1.48
2025-06-13,0.736,1.429
2025-06-16,0.758,1.477
2025-06-17,0.769,1.498
2025-06-18,0.755,1.479
2025-06-19,0.728,1.439
2025-06-20,0.728,1.424
2025-06-23,0.738,1.437
2025-06-24,0.738,1.445
2025-06-25,0.724,1.426
2025-06-26,0.735,1.445
2025-06-27,0.74,1.459
2025-06-30,0.746,1.462
2025-07-01,0.735,1.419
2025-07-02,0.741,1.434
2025-07-03,0.746,1.448
2025-07-04,0.736,1.444
2025-07-07,0.732,1.463
2025-07-08,0.733,1.492
2025-07-09,0.754,1.507
2025-07-10,0.76,1.498
2025-07-11,0.764,1.507
2025-07-14,0.781,1.574
2025-07-15,0.792,1.588
2025-07-16,0.793,1.575
2025-07-17,0.788,1.561
2025-07-18,0.772,1.528
2025-07-22,0.76,1.51
2025-07-23,0.838,1.596
2025-07-24,0.854,1.605
2025-07-25,0.863,1.605
2025-07-28,0.849,1.571
2025-07-29,0.835,1.564
2025-07-30,0.826,1.565
2025-07-31,0.826,1.559
2025-08-01,0.814,1.56
2025-08-04,0.764,1.52
2025-08-05,0.754,1.487
2025-08-06,0.774,1.509
2025-08-07,0.77,1.5
2025-08-08,0.77,1.502
2025-08-12,0.775,1.516
2025-08-13,0.785,1.53
2025-08-14,0.822,1.563
2025-08-15,0.826,1.574
2025-08-18,0.833,1.584
2025-08-19,0.849,1.603
2025-08-20,0.858,1.617
2025-08-21,0.862,1.617
2025-08-22,0.873,1.626
2025-08-25,0.869,1.628
2025-08-26,0.874,1.631
2025-08-27,0.869,1.637
2025-08-28,0.871,1.628
2025-08-29,0.871,1.613
2025-09-01,0.88,1.633
2025-09-02,0.87,1.615
2025-09-03,0.87,1.643
2025-09-04,0.855,1.617
2025-09-05,0.841,1.59
2025-09-08,0.831,1.586
2025-09-09,0.842,1.58
2025-09-10,0.857,1.585
2025-09-11,0.862,1.594
2025-09-12,0.873,1.613
2025-09-16,0.884,1.623
2025-09-17,0.883,1.611
2025-09-18,0.888,1.615
2025-09-19,0.918,1.655
2025-09-22,0.935,1.669
2025-09-24,0.932,1.655
2025-09-25,0.936,1.659
2025-09-26,0.931,1.669
2025-09-29,0.931,1.657
2025-09-30,0.958,1.662
2025-10-01,0.954,1.663
2025-10-02,0.955,1.675
2025-10-03,0.945,1.667
2025-10-06,0.899,1.677
2025-10-07,0.909,1.682
2025-10-08,0.93,1.701
2025-10-09,0.93,1.697
2025-10-10,0.925,1.697
2025-10-14,0.895,1.67
2025-10-15,0.9,1.662
2025-10-16,0.92,1.663
2025-10-17,0.909,1.638
2025-10-20,0.95,1.676
2025-10-21,0.94,1.667
2025-10-22,0.929,1.663
2025-10-23,0.933,1.667
2025-10-24,0.932,1.667
2025-10-27,0.943,1.683
2025-10-28,0.94,1.654
2025-10-29,0.943,1.664
2025-10-30,0.929,1.66
2025-10-31,0.928,1.67
2025-11-04,0.945,1.684
2025-11-05,0.93,1.676
2025-11-06,0.941,1.694
2025-11-07,0.941,1.688
2025-11-10,0.948,1.712
2025-11-11,0.937,1.704
2025-11-12,0.942,1.7
2025-11-13,0.932,1.705
2025-11-14,0.932,1.714
2025-11-17,0.938,1.745
2025-11-18,0.928,1.759
2025-11-19,0.934,1.779
2025-11-20,0.965,1.824
2025-11-21,0.959,1.792
2025-11-25,0.975,1.811
2025-11-26,0.985,1.825
2025-11-27,0.977,1.807
2025-11-28,0.992,1.812
2025-12-01,1.02,1.881
2025-12-02,1.005,1.864
2025-12-03,1.016,1.897
2025-12-04,1.021,1.939
2025-12-05,1.052,1.951
2025-12-08,1.063,1.966
2025-12-09,1.069,1.962
2025-12-10,1.074,1.958
2025-12-11,1.054,1.933
2025-12-12,1.07,1.956
2025-12-15,1.071,1.961
2025-12-16,1.067,1.957
2025-12-17,1.077,1.98
2025-12-18,1.073,1.972
2025-12-19,1.101,2.021
2025-12-22,1.129,2.073
2025-12-23,1.111,2.039
2025-12-24,1.111,2.044
2025-12-25,1.147,2.042
2025-12-26,1.141,2.039
2025-12-29,1.15,2.052
2025-12-30,1.167,2.066
2026-01-05,1.194,2.111
2026-01-06,1.185,2.123
2026-01-07,1.17,2.124
2026-01-08,1.129,2.083
2026-01-09,1.151,2.096
2026-01-13,1.164,2.163
2026-01-14,1.186,2.182
2026-01-15,1.19,2.164
2026-01-16,1.205,2.182
2026-01-19,1.23,2.266
2026-01-20,1.22,2.33
2026-01-21,1.235,2.28
2026-01-22,1.224,2.239
2026-01-23,1.262,2.253
2026-01-26,1.277,2.236
2026-01-27,1.284,2.281
2026-01-28,1.257,2.237
2026-01-29,1.264,2.252
2026-01-30,1.251,2.247
2026-02-02,1.265,2.235
2026-02-03,1.286,2.258
2026-02-04,1.276,2.249
2026-02-05,1.276,2.231
2026-02-06,1.281,2.236
2026-02-09,1.313,2.289
2026-02-10,1.303,2.241
2026-02-12,1.305,2.238
2026-02-13,1.289,2.218
2026-02-16,1.275,2.22
2026-02-17,1.233,2.143
2026-02-18,1.242,2.152
2026-02-19,1.265,2.157
2026-02-20,1.26,2.125
2026-02-24,1.251,2.119
2026-02-25,1.224,2.154
2026-02-26,1.246,2.168
2026-02-27,1.25,2.132
2026-03-02,1.219,2.087
2026-03-03,1.25,2.148
2026-03-04,1.235,2.134
2026-03-05,1.256,2.175
2026-03-06,1.246,2.18
2026-03-09,1.242,2.205
2026-03-10,1.258,2.199
2026-03-11,1.253,2.178
2026-03-12,1.263,2.201
2026-03-13,1.289,2.255
2026-03-16,1.287,2.288
2026-03-17,1.28,2.279
2026-03-18,1.261,2.231
2026-03-19,1.277,2.273
2026-03-23,1.311,2.322
2026-03-24,1.311,2.282
2026-03-25,1.317,2.267
2026-03-26,1.348,2.286
2026-03-27,1.393,2.38
2026-03-30,1.369,2.368
2026-03-31,1.375,2.366
2026-04-01,1.349,2.315
2026-04-02,1.39,2.395
2026-04-03,1.391,2.386
2026-04-06,1.402,2.429
2026-04-07,1.387,2.411
2026-04-08,1.382,2.374
2026-04-09,1.394,2.397
2026-04-10,1.405,2.439
2026-04-13,1.401,2.467
2026-04-14,1.382,2.423
2026-04-15,1.382,2.414
2026-04-16,1.366,2.409
2026-04-17,1.372,2.428
2026-04-20,1.369,2.405
2026-04-21,1.359,2.392
2026-04-22,1.362,2.406
2026-04-23,1.365,2.429
2026-04-24,1.363,2.443
2026-04-27,1.375,2.477
2026-04-28,1.389,2.468
2026-04-30,1.402,2.52
